postcode,state,primary_suburb,all_suburbs
0200,ACT,"ANU","ANU|AUSTRALIAN NATIONAL UNIVERSITY"
0800,NT,"DARWIN","DARWIN|DARWIN CITY"
0801,NT,"DARWIN","DARWIN"
0803,NT,"WAGAIT BEACH","WAGAIT BEACH"
0804,NT,"PARAP","PARAP"
0810,NT,"ALAWA","ALAWA|BRINKIN|CASUARINA|COCONUT GROVE|JINGILI|LEE POINT|LYONS|MILLNER|MOIL|MUIRHEAD|NAKARA|NIGHTCLIFF|RAPID CREEK|TIWI|WAGAMAN|WANGURI"
0811,NT,"CASUARINA","CASUARINA"
0812,NT,"ANULA","ANULA|BUFFALO CREEK|HOLMES|KARAMA|LEANYER|MALAK|MARRARA|NORTHLAKES|SANDERSON|WOODLEIGH GARDENS|WULAGI"
0813,NT,"KARAMA","KARAMA|SANDERSON"
0814,NT,"NIGHTCLIFF","NIGHTCLIFF"
0815,NT,"CHARLES DARWIN UNIVERSITY","CHARLES DARWIN UNIVERSITY"
0820,NT,"BAGOT","BAGOT|BAYVIEW|CHARLES DARWIN|COONAWARRA|CULLEN BAY|DARWIN DC|DARWIN INTERNATIONAL AIRPORT|DARWIN MC|EAST POINT|EATON|FANNIE BAY|LARRAKEYAH|LUDMILLA|PARAP|RAAF BASE DARWIN|STUART PARK|THE GARDENS|THE NARROWS|WINNELLIE|WOOLNER"
0821,NT,"WINNELLIE","WINNELLIE"
0822,NT,"ACACIA HILLS","ACACIA HILLS|ANGURUGU|ANINDILYAKWA|ANNIE RIVER|BATHURST ISLAND|BEES CREEK|BELYUEN|BLACK JUNGLE|BLACKMORE|BORDER STORE|BURRUNDIE|BYNOE|BYNOE HARBOUR|CAMP CREEK|CHANNEL ISLAND|CHARLES DARWIN|CHARLOTTE|CLARAVALE|COBOURG|COLLETT CREEK|COOMALIE CREEK|COX PENINSULA|CROKER ISLAND|DALY|DALY RIVER|DARWIN MC|DARWIN RIVER DAM|DELISSAVILLE|DOUGLAS-DALY|EAST ARM|EAST ARNHEM|ELRUNDIE|EVA VALLEY|FINNISS VALLEY|FLEMING|FLY CREEK|FREDS PASS|GALIWINKU|GLYDE POINT|GOULBOURN ISLAND|GOULBURN ISLAND|GUNBALANYA|GUNN POINT|HAYES CREEK|HIDDEN VALLEY|HOTHAM|HUGHES|KAKADU|KOOLPINYAH|LAKE BENNETT|LAMBELLS LAGOON|LITCHFIELD PARK|LIVINGSTONE|LLOYD CREEK|MANDORAH|MANINGRIDA|MAPURU|MARANUNGA|MARGARET RIVER|MARRAKAI|MCMINNS LAGOON|MICKET CREEK|MICKETT CREEK|MIDDLE POINT|MILIKAPITI|MILINGIMBI|MILLWOOD|MILYAKBURRA|MINJILANG|MOUNT BUNDEY|MURRUMUJUK|NAUIYU|NEMARLUK|NGANMARRIYANGA|NGUIU|NUMBULWAR|NUMBURINDI|OENPELLI|PEPPIMENARTI|PIRLANGIMPI|POINT STEPHENS|POINT STUART|PULARUMPI|PULUMPA|RAKULA|RAMINGINING|ROBIN FALLS|RUM JUNGLE|SANDPALMS ROADHOUSE|SOUTHPORT|STAPLETON|THAMARRURR|TIPPERARY|TIVENDALE|TIWI ISLANDS|TORTILLA FLATS|TUMBLING WATERS|UMBAKUMBA|VERNON ISLANDS|VIRGINIA|WADEYE|WAGAIT BEACH|WAK WAK|WARRUWI|WEDDELL|WEST ARNHEM|WICKHAM|WINNELLIE|WISHART|WOOLANING|WURRUMIYANGA"
0828,NT,"BERRIMAH","BERRIMAH|KNUCKEY LAGOON"
0829,NT,"HOLTZE","HOLTZE|PINELANDS"
0830,NT,"ARCHER","ARCHER|DRIVER|DURACK|FARRAR|GRAY|MARLOW LAGOON|MOULDEN|PALMERSTON|SHOAL BAY|WOODROFFE|YARRAWONGA"
0831,NT,"PALMERSTON","PALMERSTON"
0832,NT,"BAKEWELL","BAKEWELL|BELLAMACK|GUNN|JOHNSTON|MITCHELL|ROSEBERY|ROSEBERY HEIGHTS|ZUCCOLI"
0834,NT,"VIRGINIA","VIRGINIA"
0835,NT,"COOLALINGA","COOLALINGA|HOWARD SPRINGS|VIRGINIA"
0836,NT,"GIRRAWEEN","GIRRAWEEN|HERBERT|HUMPTY DOO"
0837,NT,"MANTON","MANTON|NOONAMAH"
0838,NT,"BERRY SPRINGS","BERRY SPRINGS"
0839,NT,"COOLALINGA","COOLALINGA"
0840,NT,"DUNDEE BEACH","DUNDEE BEACH|DUNDEE DOWNS|DUNDEE FOREST"
0841,NT,"DARWIN RIVER","DARWIN RIVER"
0845,NT,"BATCHELOR","BATCHELOR"
0846,NT,"ADELAIDE RIVER","ADELAIDE RIVER"
0847,NT,"PINE CREEK","PINE CREEK"
0850,NT,"COSSACK","COSSACK|EMUNGALAN|KATHERINE|KATHERINE EAST|KATHERINE SOUTH|LANSDOWNE"
0851,NT,"KATHERINE","KATHERINE"
0852,NT,"ARNOLD","ARNOLD|BAINES|BARUNGA|BESWICK|BESWICK CREEK|BINJARI|BIRDUM|BRADSHAW|BUCHANAN|BULMAN WEEMOL|CRESWELL|DAGURAGU|DALY WATERS|DELAMERE|DUNMARRA|EDITH|EDITH RIVER|ELSEY|ELSEY STATION|FLORINA|FLYING FOX|GREGORY|GULUNG MARDRULK|GURINDJI|HELEN SPRINGS STATION|JILKMINGGAN|KALKARINDJI|KALKARINGI|KATHERINE|LAJAMANU|LARRIMAH|LIMMEN|MANBULLOO|MARANBOY|MATARANKA|MCARTHUR|MINIYERI|MINIYERRI|NGUKURR|NITJPURRU|NITMILUK|NUMBULWAR|NUTWOOD DOWNS|PELLEW ISLANDS|PIGEON HOLE|ROBINSON RIVER|STURT PLATEAU|TANAMI EAST|TIMBER CREEK|TOP SPRINGS|URALLA|VENN|VICTORIA RIVER|VICTORIA RIVER DOWNS|WARUMUNGU|WAVE HILL|WILTON|WUGULARR|YARRALIN"
0853,NT,"TINDAL","TINDAL|TINDAL RAAF"
0854,NT,"BORROLOOLA","BORROLOOLA|KING ASH BAY"
0860,NT,"TENNANT CREEK","TENNANT CREEK"
0861,NT,"BRUNCHILLY","BRUNCHILLY|TENNANT CREEK"
0862,NT,"AVON DOWNS","AVON DOWNS|CALVERT|CRESSWELL DOWNS|ELLIOTT|HELEN SPRINGS|MUCKATY STATION|NEWCASTLE WATERS|NICHOLSON|PAMAYU|PHILLIP CREEK STATION|RENNER SPRINGS|TABLELANDS|TENNANT CREEK|THREE WAYS|WARREGO|WOLLOGORANG STATION|WYCLIFFE WELL"
0870,NT,"ALICE SPRINGS","ALICE SPRINGS|ARALUEN|BRAITLING|CICCONE|DESERT SPRINGS|EAST SIDE|GILLEN|SADADEEN|STUART|THE GAP|WHITE GUMS"
0871,NT,"ALICE SPRINGS","ALICE SPRINGS"
0872,NT,"AHERRENGE","AHERRENGE|ALI CURUNG|ALICE SPRINGS|AMATA|AMOONGUNA|AMPILATWATJA|ANANGU PITJANTJATJARA YANKUNYTJATJARA|ANATYE|ANMATJERE|ANTEWENEGERRDE|AREYONGA|ATITJERE|AYERS RANGE SOUTH|AYERS ROCK|BARROW CREEK|BURT PLAIN|CANTEEN CREEK|CHILLA WELL|COSTELLO|DAVENPORT|DE ROSE HILL|DOCKER RIVER|ENGAWALA|ERLDUNDA|ERNABELLA|ERNABELLA (PUKATJA)|FINKE|FREGON|GHAN|HAASTS BLUFF|HALE|HART|HART RANGE|HERMANNSBURG|HUGH|IMAMPA|IMANPA|ININTI STORE|JAY CREEK|KALTUKATJARA|KINGS CREEK STATION|KINTORE|KULGERA|KUNPARRKA|LAKE MACKAY|LARAMBA|MACDONNELL RANGE|MEREENIE|MOUNT LIEBIG|MOUNT ZEIL|MULGA BORE|MURPUTJA HOMELANDS|MUTITJULU|NAMATJIRA|NAPPERBY STATION|NYIRRIPI|PAPUNYA|PETERMANN|PITJANTJATJARA HOMELANDS|SANDOVER|SANTA TERESA|SIMPSON|TANAMI|TARA|TELEGRAPH STATION|THANGKENHARENGE|TI TREE|TITJIKALA|ULURU|UMPANGARA|URAPUNTJA|WALLACE ROCKHOLE|WANARN|WILLOWRA|WILORA|WUTUNUGURRA|YUELAMU|YUENDUMU|YULARA"
0872,SA,"INDULKANA","INDULKANA|INDULKANA (IWANTJA)|IWANTJA|KALKA|KALTJITI|KANPI|LAMBINA|MIMILI|MURPUTJA|NYAPARI|PIPALYATJARA|PUKATJA|TIEYON|UMUWA|WATARRU|WATINUMA|YUNYARINYI"
0872,WA,"GIBSON DESERT NORTH","GIBSON DESERT NORTH|GIBSON DESERT SOUTH|IRRUNYTJU|KANPA|KIWIRRKURRA|MANTAMARU|NGAANYATJARRA-GILES|PAPULANKUTJA|PATJARR|TJIRRKARLI|TJUKURLA|WARAKURNA|WINGELLINA"
0873,NT,"AMOONGUNA","AMOONGUNA|ARUMBERA|CONNELLAN|HEAVITREE GAP CPA|ILPARPA|KILGARIFF|ROSS"
0874,NT,"IRLPME","IRLPME|MOUNT JOHNS|UNDOOLYA"
0875,NT,"FLYNN","FLYNN|LARAPINTA"
0880,NT,"GAPUWIYAK","GAPUWIYAK|GOVE|GUNYANGARA|NHULUNBUY|YIRRKALA"
0881,NT,"NHULUNBUY","NHULUNBUY"
0885,NT,"ALYANGULA","ALYANGULA"
0886,NT,"JABIRU","JABIRU"
0906,NT,"WINNELLIE","WINNELLIE"
0907,NT,"WINNELLIE","WINNELLIE"
0909,NT,"CHARLES DARWIN UNIVERSITY","CHARLES DARWIN UNIVERSITY|UNIVERSITY"
1001,NSW,"SYDNEY","SYDNEY"
1002,NSW,"SYDNEY","SYDNEY"
1003,NSW,"SYDNEY","SYDNEY"
1004,NSW,"SYDNEY","SYDNEY"
1005,NSW,"SYDNEY","SYDNEY"
1006,NSW,"SYDNEY","SYDNEY"
1007,NSW,"SYDNEY","SYDNEY"
1008,NSW,"SYDNEY","SYDNEY"
1009,NSW,"SYDNEY","SYDNEY"
1010,NSW,"SYDNEY","SYDNEY"
1020,NSW,"SYDNEY","SYDNEY"
1021,NSW,"SYDNEY","SYDNEY"
1022,NSW,"SYDNEY","SYDNEY"
1023,NSW,"SYDNEY","SYDNEY"
1025,NSW,"SYDNEY","SYDNEY"
1026,NSW,"SYDNEY","SYDNEY"
1027,NSW,"SYDNEY","SYDNEY"
1028,NSW,"SYDNEY","SYDNEY"
1029,NSW,"SYDNEY","SYDNEY"
1030,NSW,"SYDNEY","SYDNEY"
1031,NSW,"SYDNEY","SYDNEY"
1032,NSW,"SYDNEY","SYDNEY"
1033,NSW,"SYDNEY","SYDNEY"
1034,NSW,"SYDNEY","SYDNEY"
1035,NSW,"SYDNEY","SYDNEY"
1036,NSW,"SYDNEY","SYDNEY"
1037,NSW,"SYDNEY","SYDNEY"
1038,NSW,"SYDNEY","SYDNEY"
1039,NSW,"SYDNEY","SYDNEY"
1040,NSW,"SYDNEY","SYDNEY"
1041,NSW,"SYDNEY","SYDNEY"
1042,NSW,"SYDNEY","SYDNEY"
1043,NSW,"SYDNEY","SYDNEY"
1044,NSW,"SYDNEY","SYDNEY"
1045,NSW,"SYDNEY","SYDNEY"
1046,NSW,"SYDNEY","SYDNEY"
1100,NSW,"SYDNEY","SYDNEY"
1101,NSW,"SYDNEY","SYDNEY"
1105,NSW,"SYDNEY","SYDNEY"
1106,NSW,"SYDNEY","SYDNEY"
1107,NSW,"SYDNEY","SYDNEY"
1108,NSW,"SYDNEY","SYDNEY"
1109,NSW,"SYDNEY","SYDNEY"
1110,NSW,"SYDNEY","SYDNEY"
1112,NSW,"SYDNEY","SYDNEY"
1113,NSW,"SYDNEY","SYDNEY"
1114,NSW,"SYDNEY","SYDNEY"
1115,NSW,"SYDNEY","SYDNEY"
1116,NSW,"SYDNEY","SYDNEY"
1117,NSW,"SYDNEY","SYDNEY"
1118,NSW,"SYDNEY","SYDNEY"
1119,NSW,"SYDNEY","SYDNEY"
1120,NSW,"SYDNEY","SYDNEY"
1121,NSW,"SYDNEY","SYDNEY"
1122,NSW,"SYDNEY","SYDNEY"
1123,NSW,"SYDNEY","SYDNEY"
1124,NSW,"SYDNEY","SYDNEY"
1125,NSW,"SYDNEY","SYDNEY"
1126,NSW,"SYDNEY","SYDNEY"
1127,NSW,"SYDNEY","SYDNEY"
1128,NSW,"SYDNEY","SYDNEY"
1129,NSW,"SYDNEY","SYDNEY"
1130,NSW,"SYDNEY","SYDNEY"
1131,NSW,"SYDNEY","SYDNEY"
1132,NSW,"SYDNEY","SYDNEY"
1133,NSW,"SYDNEY","SYDNEY"
1134,NSW,"SYDNEY","SYDNEY"
1135,NSW,"SYDNEY","SYDNEY"
1136,NSW,"SYDNEY","SYDNEY"
1137,NSW,"SYDNEY","SYDNEY"
1138,NSW,"SYDNEY","SYDNEY"
1139,NSW,"SYDNEY","SYDNEY"
1140,NSW,"SYDNEY","SYDNEY"
1141,NSW,"SYDNEY","SYDNEY"
1142,NSW,"SYDNEY","SYDNEY"
1143,NSW,"SYDNEY","SYDNEY"
1144,NSW,"SYDNEY","SYDNEY"
1145,NSW,"SYDNEY","SYDNEY"
1146,NSW,"SYDNEY","SYDNEY"
1147,NSW,"SYDNEY","SYDNEY"
1148,NSW,"SYDNEY","SYDNEY"
1149,NSW,"SYDNEY","SYDNEY"
1150,NSW,"SYDNEY","SYDNEY"
1151,NSW,"SYDNEY","SYDNEY"
1152,NSW,"SYDNEY","SYDNEY"
1153,NSW,"SYDNEY","SYDNEY"
1154,NSW,"SYDNEY","SYDNEY"
1155,NSW,"SYDNEY","SYDNEY"
1156,NSW,"SYDNEY","SYDNEY"
1157,NSW,"SYDNEY","SYDNEY"
1158,NSW,"SYDNEY","SYDNEY"
1159,NSW,"SYDNEY","SYDNEY"
1160,NSW,"SYDNEY","SYDNEY"
1161,NSW,"SYDNEY","SYDNEY"
1162,NSW,"SYDNEY","SYDNEY"
1163,NSW,"SYDNEY","SYDNEY"
1164,NSW,"SYDNEY","SYDNEY"
1165,NSW,"SYDNEY","SYDNEY"
1166,NSW,"SYDNEY","SYDNEY"
1167,NSW,"SYDNEY","SYDNEY"
1168,NSW,"SYDNEY","SYDNEY"
1169,NSW,"SYDNEY","SYDNEY"
1170,NSW,"SYDNEY","SYDNEY"
1171,NSW,"SYDNEY","SYDNEY"
1172,NSW,"SYDNEY","SYDNEY"
1173,NSW,"SYDNEY","SYDNEY"
1174,NSW,"SYDNEY","SYDNEY"
1175,NSW,"SYDNEY","SYDNEY"
1176,NSW,"SYDNEY","SYDNEY"
1177,NSW,"SYDNEY","SYDNEY"
1178,NSW,"SYDNEY","SYDNEY"
1179,NSW,"SYDNEY","SYDNEY"
1180,NSW,"SYDNEY","SYDNEY"
1181,NSW,"SYDNEY","SYDNEY"
1182,NSW,"SYDNEY","SYDNEY"
1183,NSW,"SYDNEY","SYDNEY"
1184,NSW,"SYDNEY","SYDNEY"
1185,NSW,"SYDNEY","SYDNEY"
1186,NSW,"SYDNEY","SYDNEY"
1187,NSW,"SYDNEY","SYDNEY"
1188,NSW,"SYDNEY","SYDNEY"
1189,NSW,"SYDNEY","SYDNEY"
1190,NSW,"SYDNEY","SYDNEY"
1191,NSW,"SYDNEY","SYDNEY"
1192,NSW,"SYDNEY","SYDNEY"
1193,NSW,"SYDNEY","SYDNEY"
1194,NSW,"SYDNEY","SYDNEY"
1195,NSW,"SYDNEY","SYDNEY"
1196,NSW,"SYDNEY","SYDNEY"
1197,NSW,"SYDNEY","SYDNEY"
1198,NSW,"SYDNEY","SYDNEY"
1199,NSW,"SYDNEY","SYDNEY"
1201,NSW,"SYDNEY","SYDNEY"
1202,NSW,"SYDNEY","SYDNEY"
1203,NSW,"SYDNEY","SYDNEY"
1205,NSW,"SYDNEY","SYDNEY"
1207,NSW,"SYDNEY","SYDNEY"
1208,NSW,"HAYMARKET","HAYMARKET"
1209,NSW,"AUSTRALIA SQUARE","AUSTRALIA SQUARE"
1210,NSW,"AUSTRALIA SQUARE","AUSTRALIA SQUARE"
1211,NSW,"AUSTRALIA SQUARE","AUSTRALIA SQUARE"
1212,NSW,"AUSTRALIA SQUARE","AUSTRALIA SQUARE"
1213,NSW,"AUSTRALIA SQUARE","AUSTRALIA SQUARE"
1214,NSW,"AUSTRALIA SQUARE","AUSTRALIA SQUARE"
1215,NSW,"AUSTRALIA SQUARE","AUSTRALIA SQUARE"
1216,NSW,"GROSVENOR PLACE","GROSVENOR PLACE"
1217,NSW,"GROSVENOR PLACE","GROSVENOR PLACE"
1218,NSW,"GROSVENOR PLACE","GROSVENOR PLACE"
1219,NSW,"GROSVENOR PLACE","GROSVENOR PLACE"
1220,NSW,"GROSVENOR PLACE","GROSVENOR PLACE"
1221,NSW,"ROYAL EXCHANGE","ROYAL EXCHANGE"
1222,NSW,"ROYAL EXCHANGE","ROYAL EXCHANGE"
1223,NSW,"ROYAL EXCHANGE","ROYAL EXCHANGE"
1224,NSW,"ROYAL EXCHANGE","ROYAL EXCHANGE"
1225,NSW,"ROYAL EXCHANGE","ROYAL EXCHANGE"
1226,NSW,"QUEEN VICTORIA BUILDING","QUEEN VICTORIA BUILDING"
1227,NSW,"QUEEN VICTORIA BUILDING","QUEEN VICTORIA BUILDING"
1228,NSW,"QUEEN VICTORIA BUILDING","QUEEN VICTORIA BUILDING"
1229,NSW,"QUEEN VICTORIA BUILDING","QUEEN VICTORIA BUILDING"
1230,NSW,"QUEEN VICTORIA BUILDING","QUEEN VICTORIA BUILDING"
1231,NSW,"SYDNEY SOUTH","SYDNEY SOUTH"
1232,NSW,"SYDNEY SOUTH","SYDNEY SOUTH"
1233,NSW,"SYDNEY SOUTH","SYDNEY SOUTH"
1234,NSW,"SYDNEY SOUTH","SYDNEY SOUTH"
1235,NSW,"SYDNEY SOUTH","SYDNEY SOUTH"
1236,NSW,"HAYMARKET","HAYMARKET"
1237,NSW,"HAYMARKET","HAYMARKET"
1238,NSW,"HAYMARKET","HAYMARKET"
1239,NSW,"HAYMARKET","HAYMARKET"
1240,NSW,"HAYMARKET","HAYMARKET"
1291,NSW,"SYDNEY","SYDNEY"
1292,NSW,"SYDNEY","SYDNEY"
1293,NSW,"SYDNEY","SYDNEY"
1294,NSW,"SYDNEY","SYDNEY"
1295,NSW,"SYDNEY","SYDNEY"
1296,NSW,"SYDNEY","SYDNEY"
1297,NSW,"SYDNEY","SYDNEY"
1298,NSW,"SYDNEY","SYDNEY"
1299,NSW,"SYDNEY","SYDNEY"
1300,NSW,"DARLINGHURST","DARLINGHURST"
1314,NSW,"EASTERN SUBURBS MC","EASTERN SUBURBS MC"
1335,NSW,"POTTS POINT","POTTS POINT"
1340,NSW,"KINGS CROSS","KINGS CROSS"
1350,NSW,"WOOLLAHRA","WOOLLAHRA"
1355,NSW,"BONDI JUNCTION","BONDI JUNCTION"
1360,NSW,"DOUBLE BAY","DOUBLE BAY"
1401,NSW,"BROADWAY","BROADWAY"
1405,NSW,"CHULLORA","CHULLORA"
1419,NSW,"SOUTHERN SUBURBS MC","SOUTHERN SUBURBS MC"
1420,NSW,"STRAWBERRY HILLS","STRAWBERRY HILLS"
1422,NSW,"STRAWBERRY HILLS","STRAWBERRY HILLS"
1423,NSW,"STRAWBERRY HILLS","STRAWBERRY HILLS"
1424,NSW,"STRAWBERRY HILLS","STRAWBERRY HILLS"
1425,NSW,"STRAWBERRY HILLS","STRAWBERRY HILLS"
1426,NSW,"STRAWBERRY HILLS","STRAWBERRY HILLS"
1427,NSW,"STRAWBERRY HILLS","STRAWBERRY HILLS"
1428,NSW,"STRAWBERRY HILLS","STRAWBERRY HILLS"
1429,NSW,"STRAWBERRY HILLS","STRAWBERRY HILLS"
1430,NSW,"EVELEIGH","EVELEIGH"
1435,NSW,"ALEXANDRIA","ALEXANDRIA"
1440,NSW,"WATERLOO","WATERLOO"
1441,NSW,"WATERLOO","WATERLOO"
1445,NSW,"ROSEBERY","ROSEBERY"
1450,NSW,"CAMPERDOWN","CAMPERDOWN"
1455,NSW,"BOTANY","BOTANY"
1460,NSW,"MASCOT","MASCOT"
1465,NSW,"KENSINGTON","KENSINGTON"
1466,NSW,"UNSW SYDNEY","UNSW SYDNEY"
1470,NSW,"DRUMMOYNE","DRUMMOYNE"
1475,NSW,"MARRICKVILLE","MARRICKVILLE"
1476,NSW,"MARRICKVILLE","MARRICKVILLE"
1480,NSW,"KINGSGROVE","KINGSGROVE"
1481,NSW,"HURSTVILLE BC","HURSTVILLE BC"
1484,NSW,"KINGSGROVE DC","KINGSGROVE DC"
1485,NSW,"KOGARAH","KOGARAH"
1490,NSW,"MIRANDA","MIRANDA"
1493,NSW,"HURSTVILLE","HURSTVILLE"
1495,NSW,"CARINGBAH","CARINGBAH"
1499,NSW,"SUTHERLAND","SUTHERLAND"
1515,NSW,"WEST CHATSWOOD","WEST CHATSWOOD"
1560,NSW,"NORTHBRIDGE","NORTHBRIDGE"
1565,NSW,"MILSONS POINT","MILSONS POINT"
1570,NSW,"ARTARMON","ARTARMON"
1585,NSW,"CROWS NEST","CROWS NEST"
1590,NSW,"ST LEONARDS","ST LEONARDS"
1595,NSW,"LANE COVE","LANE COVE"
1597,NSW,"LANE COVE","LANE COVE"
1602,NSW,"LANE COVE DC","LANE COVE DC"
1630,NSW,"HORNSBY","HORNSBY"
1635,NSW,"HORNSBY WESTFIELD","HORNSBY WESTFIELD"
1639,NSW,"FRENCHS FOREST","FRENCHS FOREST"
1640,NSW,"FRENCHS FOREST","FRENCHS FOREST"
1655,NSW,"MANLY","MANLY"
1658,NSW,"MONA VALE","MONA VALE"
1660,NSW,"MONA VALE","MONA VALE"
1670,NSW,"NORTH RYDE","NORTH RYDE|NORTH RYDE BC"
1675,NSW,"GLADESVILLE","GLADESVILLE"
1680,NSW,"RYDE","RYDE"
1685,NSW,"WEST RYDE","WEST RYDE"
1700,NSW,"ERMINGTON","ERMINGTON"
1710,NSW,"EPPING","EPPING"
1715,NSW,"PENNANT HILLS","PENNANT HILLS"
1730,NSW,"SEVEN HILLS","SEVEN HILLS"
1740,NSW,"PARRAMATTA","PARRAMATTA"
1741,NSW,"PARRAMATTA","PARRAMATTA"
1750,NSW,"NORTH PARRAMATTA","NORTH PARRAMATTA"
1755,NSW,"BAULKHAM HILLS","BAULKHAM HILLS"
1765,NSW,"CASTLE HILL","CASTLE HILL"
1771,NSW,"PENNANT HILLS","PENNANT HILLS"
1781,NSW,"SEVEN HILLS MC","SEVEN HILLS MC"
1790,NSW,"ST MARYS","ST MARYS"
1800,NSW,"ASHFIELD","ASHFIELD"
1805,NSW,"BURWOOD","BURWOOD"
1811,NSW,"SILVERWATER","SILVERWATER"
1819,NSW,"STRATHFIELD","STRATHFIELD"
1825,NSW,"LIDCOMBE","LIDCOMBE"
1830,NSW,"GRANVILLE","GRANVILLE"
1831,NSW,"GRANVILLE","GRANVILLE"
1835,NSW,"AUBURN","AUBURN"
1851,NSW,"WETHERILL PARK","WETHERILL PARK|WETHERILL PARK DC"
1860,NSW,"FAIRFIELD","FAIRFIELD"
1871,NSW,"LIVERPOOL","LIVERPOOL"
1874,NSW,"MOOREBANK","MOOREBANK"
1875,NSW,"MOOREBANK","MOOREBANK"
1885,NSW,"BANKSTOWN","BANKSTOWN"
1888,NSW,"BANKSTOWN","BANKSTOWN"
1890,NSW,"INGLEBURN","INGLEBURN"
1891,NSW,"MILPERRA","MILPERRA"
2000,NSW,"BARANGAROO","BARANGAROO|DARLING HARBOUR|DAWES POINT|HAYMARKET|MILLERS POINT|PARLIAMENT HOUSE|SYDNEY|SYDNEY SOUTH|THE ROCKS"
2001,NSW,"SYDNEY","SYDNEY"
2002,NSW,"WORLD SQUARE","WORLD SQUARE"
2004,NSW,"ALEXANDRIA MC","ALEXANDRIA MC|EASTERN SUBURBS MC"
2006,NSW,"THE UNIVERSITY OF SYDNEY","THE UNIVERSITY OF SYDNEY"
2007,NSW,"BROADWAY","BROADWAY|ULTIMO"
2008,NSW,"CHIPPENDALE","CHIPPENDALE|DARLINGTON|GOLDEN GROVE"
2009,NSW,"DARLING ISLAND","DARLING ISLAND|PYRMONT"
2010,NSW,"DARLINGHURST","DARLINGHURST|SURRY HILLS|TAYLOR SQUARE"
2011,NSW,"ELIZABETH BAY","ELIZABETH BAY|HMAS KUTTABUL|KINGS CROSS|POTTS POINT|RUSHCUTTERS BAY|WOOLLOOMOOLOO"
2012,NSW,"STRAWBERRY HILLS","STRAWBERRY HILLS"
2013,NSW,"STRAWBERRY HILLS","STRAWBERRY HILLS"
2015,NSW,"ALEXANDRIA","ALEXANDRIA|BEACONSFIELD|EVELEIGH"
2016,NSW,"REDFERN","REDFERN"
2017,NSW,"WATERLOO","WATERLOO|WATERLOO DC|ZETLAND"
2018,NSW,"EASTLAKES","EASTLAKES|ROSEBERY"
2019,NSW,"BANKSMEADOW","BANKSMEADOW|BOTANY"
2020,NSW,"MASCOT","MASCOT|SYDNEY DOMESTIC AIRPORT|SYDNEY INTERNATIONAL AIRPORT"
2021,NSW,"CENTENNIAL PARK","CENTENNIAL PARK|MOORE PARK|PADDINGTON"
2022,NSW,"BONDI JUNCTION","BONDI JUNCTION|BONDI JUNCTION PLAZA|QUEENS PARK"
2023,NSW,"BELLEVUE HILL","BELLEVUE HILL"
2024,NSW,"BRONTE","BRONTE|CHARING CROSS|WAVERLEY"
2025,NSW,"WOOLLAHRA","WOOLLAHRA"
2026,NSW,"BEN BUCKLER","BEN BUCKLER|BONDI|BONDI BEACH|NORTH BONDI|TAMARAMA"
2027,NSW,"DARLING POINT","DARLING POINT|EDGECLIFF|HMAS RUSHCUTTERS|POINT PIPER"
2028,NSW,"DOUBLE BAY","DOUBLE BAY"
2029,NSW,"ROSE BAY","ROSE BAY"
2030,NSW,"DIAMOND BAY","DIAMOND BAY|DOVER HEIGHTS|HMAS WATSON|ROSE BAY NORTH|VAUCLUSE|WATSONS BAY"
2031,NSW,"CLOVELLY","CLOVELLY|CLOVELLY WEST|RANDWICK|RANDWICK DC|ST PAULS"
2032,NSW,"DACEYVILLE","DACEYVILLE|KINGSFORD"
2033,NSW,"KENSINGTON","KENSINGTON"
2034,NSW,"COOGEE","COOGEE|SOUTH COOGEE"
2035,NSW,"MAROUBRA","MAROUBRA|MAROUBRA SOUTH|PAGEWOOD"
2036,NSW,"CHIFLEY","CHIFLEY|EASTGARDENS|HILLSDALE|LA PEROUSE|LITTLE BAY|MALABAR|MATRAVILLE|PHILLIP BAY|PORT BOTANY"
2037,NSW,"FOREST LODGE","FOREST LODGE|GLEBE"
2038,NSW,"ANNANDALE","ANNANDALE"
2039,NSW,"ROZELLE","ROZELLE"
2040,NSW,"LEICHHARDT","LEICHHARDT|LILYFIELD"
2041,NSW,"BALMAIN","BALMAIN|BALMAIN EAST|BIRCHGROVE"
2042,NSW,"ENMORE","ENMORE|NEWTOWN"
2043,NSW,"ERSKINEVILLE","ERSKINEVILLE"
2044,NSW,"ST PETERS","ST PETERS|ST PETERS DC|SYDENHAM|TEMPE"
2045,NSW,"HABERFIELD","HABERFIELD"
2046,NSW,"ABBOTSFORD","ABBOTSFORD|CANADA BAY|CHISWICK|FIVE DOCK|RODD POINT|RUSSELL LEA|WAREEMBA"
2047,NSW,"DRUMMOYNE","DRUMMOYNE"
2048,NSW,"STANMORE","STANMORE|WESTGATE"
2049,NSW,"LEWISHAM","LEWISHAM|PETERSHAM|PETERSHAM NORTH"
2050,NSW,"CAMPERDOWN","CAMPERDOWN|MISSENDEN ROAD"
2052,NSW,"UNSW SYDNEY","UNSW SYDNEY"
2055,NSW,"NORTH SYDNEY","NORTH SYDNEY"
2057,NSW,"CHATSWOOD","CHATSWOOD"
2058,NSW,"NORTHERN SUBURBS MC","NORTHERN SUBURBS MC"
2059,NSW,"NORTH SYDNEY","NORTH SYDNEY"
2060,NSW,"HMAS PLATYPUS","HMAS PLATYPUS|HMAS WATERHEN|LAVENDER BAY|MCMAHONS POINT|NORTH SYDNEY|NORTH SYDNEY SHOPPINGWORLD|WAVERTON"
2061,NSW,"KIRRIBILLI","KIRRIBILLI|MILSONS POINT"
2062,NSW,"CAMMERAY","CAMMERAY"
2063,NSW,"NORTHBRIDGE","NORTHBRIDGE"
2064,NSW,"ARTARMON","ARTARMON"
2065,NSW,"CROWS NEST","CROWS NEST|CROWS NEST DC|GORE HILL|GREENWICH|NAREMBURN|ROYAL NORTH SHORE HOSPITAL|ST LEONARDS|WOLLSTONECRAFT"
2066,NSW,"LANE COVE","LANE COVE|LANE COVE NORTH|LANE COVE WEST|LINLEY POINT|LONGUEVILLE|NORTHWOOD|OSBORNE PARK|RIVERVIEW"
2067,NSW,"CHATSWOOD","CHATSWOOD|CHATSWOOD WEST"
2068,NSW,"CASTLECRAG","CASTLECRAG|MIDDLE COVE|NORTH WILLOUGHBY|WILLOUGHBY|WILLOUGHBY EAST|WILLOUGHBY NORTH"
2069,NSW,"CASTLE COVE","CASTLE COVE|ROSEVILLE|ROSEVILLE CHASE"
2070,NSW,"EAST LINDFIELD","EAST LINDFIELD|LINDFIELD|LINDFIELD WEST"
2071,NSW,"EAST KILLARA","EAST KILLARA|KILLARA"
2072,NSW,"GORDON","GORDON"
2073,NSW,"PYMBLE","PYMBLE|WEST PYMBLE"
2074,NSW,"BOBBIN HEAD","BOBBIN HEAD|NORTH TURRAMURRA|SOUTH TURRAMURRA|TURRAMURRA|WARRAWEE"
2075,NSW,"NORTH ST IVES","NORTH ST IVES|ST IVES|ST IVES CHASE"
2076,NSW,"NORMANHURST","NORMANHURST|NORTH WAHROONGA|WAHROONGA"
2077,NSW,"ASQUITH","ASQUITH|HORNSBY|HORNSBY HEIGHTS|WAITARA"
2079,NSW,"MOUNT COLAH","MOUNT COLAH"
2080,NSW,"MOUNT KURING-GAI","MOUNT KURING-GAI"
2081,NSW,"BEROWRA","BEROWRA|COWAN"
2082,NSW,"BEROWRA CREEK","BEROWRA CREEK|BEROWRA HEIGHTS|BEROWRA WATERS"
2083,NSW,"BAR POINT","BAR POINT|BROOKLYN|CHEERO POINT|COGRA BAY|DANGAR ISLAND|MILSONS PASSAGE|MOONEY MOONEY"
2084,NSW,"AKUNA BAY","AKUNA BAY|COTTAGE POINT|DUFFYS FOREST|TERREY HILLS"
2085,NSW,"BELROSE","BELROSE|BELROSE WEST|DAVIDSON"
2086,NSW,"FRENCHS FOREST","FRENCHS FOREST|FRENCHS FOREST EAST"
2087,NSW,"FORESTVILLE","FORESTVILLE|KILLARNEY HEIGHTS"
2088,NSW,"MOSMAN","MOSMAN|SPIT JUNCTION"
2089,NSW,"KURRABA POINT","KURRABA POINT|NEUTRAL BAY|NEUTRAL BAY JUNCTION"
2090,NSW,"CREMORNE","CREMORNE|CREMORNE JUNCTION|CREMORNE POINT"
2091,NSW,"HMAS PENGUIN","HMAS PENGUIN"
2092,NSW,"SEAFORTH","SEAFORTH"
2093,NSW,"BALGOWLAH","BALGOWLAH|BALGOWLAH HEIGHTS|CLONTARF|MANLY VALE|NORTH BALGOWLAH"
2094,NSW,"FAIRLIGHT","FAIRLIGHT"
2095,NSW,"MANLY","MANLY|MANLY EAST"
2096,NSW,"CURL CURL","CURL CURL|FRESHWATER|HARBORD|QUEENSCLIFF"
2097,NSW,"COLLAROY","COLLAROY|COLLAROY BEACH|COLLAROY PLATEAU|COLLAROY PLATEAU WEST|LONG REEF|WHEELER HEIGHTS"
2099,NSW,"CROMER","CROMER|CROMER HEIGHTS|DEE WHY|DEE WHY BEACH|NARRAWEENA|NORTH CURL CURL|WINGALA"
2100,NSW,"ALLAMBIE","ALLAMBIE|ALLAMBIE HEIGHTS|BEACON HILL|BROOKVALE|NORTH MANLY|OXFORD FALLS|WARRINGAH MALL"
2101,NSW,"ELANORA HEIGHTS","ELANORA HEIGHTS|INGLESIDE|NARRABEEN|NARRABEEN PENINSULA|NORTH NARRABEEN"
2102,NSW,"WARRIEWOOD","WARRIEWOOD|WARRIEWOOD DC|WARRIEWOOD SHOPPING SQUARE"
2103,NSW,"MONA VALE","MONA VALE"
2104,NSW,"BAYVIEW","BAYVIEW"
2105,NSW,"CHURCH POINT","CHURCH POINT|ELVINA BAY|LOVETT BAY|MCCARRS CREEK|MORNING BAY|SCOTLAND ISLAND"
2106,NSW,"NEWPORT","NEWPORT|NEWPORT BEACH"
2107,NSW,"AVALON","AVALON|AVALON BEACH|BILGOLA|BILGOLA BEACH|BILGOLA PLATEAU|CAREEL BAY|CLAREVILLE|PARADISE BEACH|TAYLORS POINT|WHALE BEACH"
2108,NSW,"COASTERS RETREAT","COASTERS RETREAT|CURRAWONG BEACH|GREAT MACKEREL BEACH|MORNING BAY|PALM BEACH|THE BASIN"
2109,NSW,"MACQUARIE UNIVERSITY","MACQUARIE UNIVERSITY"
2110,NSW,"HUNTERS HILL","HUNTERS HILL|HUNTERS HILL WEST|WOOLWICH"
2111,NSW,"BORONIA PARK","BORONIA PARK|GLADESVILLE|HENLEY|HUNTLEYS COVE|HUNTLEYS POINT|MONASH PARK|TENNYSON POINT"
2112,NSW,"DENISTONE EAST","DENISTONE EAST|PUTNEY|RYDE"
2113,NSW,"BLENHEIM ROAD","BLENHEIM ROAD|EAST RYDE|MACQUARIE CENTRE|MACQUARIE PARK|NORTH RYDE"
2114,NSW,"DENISTONE","DENISTONE|DENISTONE WEST|MEADOWBANK|MELROSE PARK|WEST RYDE"
2115,NSW,"ERMINGTON","ERMINGTON"
2116,NSW,"RYDALMERE","RYDALMERE"
2117,NSW,"DUNDAS","DUNDAS|DUNDAS VALLEY|OATLANDS|TELOPEA"
2118,NSW,"CARLINGFORD","CARLINGFORD|CARLINGFORD COURT|CARLINGFORD NORTH|KINGSDENE"
2119,NSW,"BEECROFT","BEECROFT|CHELTENHAM"
2120,NSW,"PENNANT HILLS","PENNANT HILLS|THORNLEIGH|WESTLEIGH"
2121,NSW,"EPPING","EPPING|NORTH EPPING"
2122,NSW,"EASTWOOD","EASTWOOD|MARSFIELD"
2123,NSW,"PARRAMATTA","PARRAMATTA"
2124,NSW,"PARRAMATTA","PARRAMATTA"
2125,NSW,"WEST PENNANT HILLS","WEST PENNANT HILLS"
2126,NSW,"CHERRYBROOK","CHERRYBROOK"
2127,NSW,"HOMEBUSH BAY","HOMEBUSH BAY|NEWINGTON|SYDNEY OLYMPIC PARK|WENTWORTH POINT"
2128,NSW,"SILVERWATER","SILVERWATER"
2129,NSW,"SYDNEY MARKETS","SYDNEY MARKETS"
2130,NSW,"SUMMER HILL","SUMMER HILL"
2131,NSW,"ASHFIELD","ASHFIELD"
2132,NSW,"CROYDON","CROYDON"
2133,NSW,"CROYDON PARK","CROYDON PARK|ENFIELD SOUTH"
2134,NSW,"BURWOOD","BURWOOD|BURWOOD NORTH"
2135,NSW,"STRATHFIELD","STRATHFIELD"
2136,NSW,"BURWOOD HEIGHTS","BURWOOD HEIGHTS|ENFIELD|STRATHFIELD SOUTH"
2137,NSW,"BREAKFAST POINT","BREAKFAST POINT|CABARITA|CONCORD|MORTLAKE|NORTH STRATHFIELD"
2138,NSW,"CONCORD WEST","CONCORD WEST|CONCORD WEST DC|LIBERTY GROVE|RHODES"
2139,NSW,"CONCORD REPATRIATION HOSPITAL","CONCORD REPATRIATION HOSPITAL"
2140,NSW,"HOMEBUSH","HOMEBUSH|HOMEBUSH SOUTH|HOMEBUSH WEST"
2141,NSW,"BERALA","BERALA|LIDCOMBE|LIDCOMBE NORTH|ROOKWOOD"
2142,NSW,"BLAXCELL","BLAXCELL|CAMELLIA|CLYDE|GRANVILLE|HOLROYD|ROSEHILL|SOUTH GRANVILLE"
2143,NSW,"BIRRONG","BIRRONG|POTTS HILL|REGENTS PARK|REGENTS PARK DC"
2144,NSW,"AUBURN","AUBURN|AUBURN SOUTH"
2145,NSW,"CONSTITUTION HILL","CONSTITUTION HILL|GIRRAWEEN|GREYSTANES|MAYS HILL|PEMULWUY|PENDLE HILL|SOUTH WENTWORTHVILLE|WENTWORTHVILLE|WESTMEAD"
2146,NSW,"OLD TOONGABBIE","OLD TOONGABBIE|TOONGABBIE|TOONGABBIE EAST"
2147,NSW,"KINGS LANGLEY","KINGS LANGLEY|LALOR PARK|SEVEN HILLS|SEVEN HILLS WEST"
2148,NSW,"ARNDELL PARK","ARNDELL PARK|BLACKTOWN|BLACKTOWN WESTPOINT|HUNTINGWOOD|KINGS PARK|MARAYONG|PROSPECT"
2150,NSW,"HARRIS PARK","HARRIS PARK|PARRAMATTA|PARRAMATTA WESTFIELD"
2151,NSW,"NORTH PARRAMATTA","NORTH PARRAMATTA|NORTH ROCKS"
2152,NSW,"NORTHMEAD","NORTHMEAD"
2153,NSW,"BAULKHAM HILLS","BAULKHAM HILLS|BELLA VISTA|CRESTWOOD|NORWEST|WINSTON HILLS"
2154,NSW,"CASTLE HILL","CASTLE HILL"
2155,NSW,"BEAUMONT HILLS","BEAUMONT HILLS|KELLYVILLE|KELLYVILLE RIDGE|NORTH KELLYVILLE|ROUSE HILL"
2156,NSW,"ANNANGROVE","ANNANGROVE|GLENHAVEN|KENTHURST"
2157,NSW,"CANOELANDS","CANOELANDS|FOREST GLEN|GLENORIE|HILLSIDE"
2158,NSW,"DURAL","DURAL|DURAL DC|MIDDLE DURAL|ROUND CORNER"
2159,NSW,"ARCADIA","ARCADIA|BERRILEE|FIDDLETOWN|GALSTON"
2160,NSW,"MERRYLANDS","MERRYLANDS|MERRYLANDS WEST"
2161,NSW,"GUILDFORD","GUILDFORD|GUILDFORD WEST|OLD GUILDFORD|YENNORA"
2162,NSW,"CHESTER HILL","CHESTER HILL|SEFTON"
2163,NSW,"CARRAMAR","CARRAMAR|LANSDOWNE|VILLAWOOD"
2164,NSW,"SMITHFIELD","SMITHFIELD|SMITHFIELD WEST|WETHERILL PARK|WETHERILL PARK BC|WOODPARK"
2165,NSW,"FAIRFIELD","FAIRFIELD|FAIRFIELD EAST|FAIRFIELD HEIGHTS|FAIRFIELD WEST"
2166,NSW,"CABRAMATTA","CABRAMATTA|CABRAMATTA WEST|CANLEY HEIGHTS|CANLEY VALE|LANSVALE"
2167,NSW,"GLENFIELD","GLENFIELD"
2168,NSW,"ASHCROFT","ASHCROFT|BUSBY|CARTWRIGHT|GREEN VALLEY|HECKENBERG|HINCHINBROOK|MILLER|SADLEIR"
2170,NSW,"CASULA","CASULA|CASULA MALL|CHIPPING NORTON|HAMMONDVILLE|LIVERPOOL|LIVERPOOL SOUTH|LIVERPOOL WESTFIELD|LURNEA|MOOREBANK|MOUNT PRITCHARD|PRESTONS|WARWICK FARM"
2171,NSW,"CARNES HILL","CARNES HILL|CECIL HILLS|ELIZABETH HILLS|HORNINGSEA PARK|HOXTON PARK|LEN WATERS ESTATE|MIDDLETON GRANGE|WEST HOXTON"
2172,NSW,"PLEASURE POINT","PLEASURE POINT|SANDY POINT|VOYAGER POINT"
2173,NSW,"HOLSWORTHY","HOLSWORTHY|WATTLE GROVE"
2174,NSW,"EDMONDSON PARK","EDMONDSON PARK|INGLEBURN MILPO"
2175,NSW,"HORSLEY PARK","HORSLEY PARK"
2176,NSW,"ABBOTSBURY","ABBOTSBURY|BOSSLEY PARK|EDENSOR PARK|GREENFIELD PARK|PRAIRIEWOOD|ST JOHNS PARK|WAKELEY"
2177,NSW,"BONNYRIGG","BONNYRIGG|BONNYRIGG HEIGHTS|WENTWORTH PORT"
2178,NSW,"CECIL PARK","CECIL PARK|KEMPS CREEK|MOUNT VERNON"
2179,NSW,"AUSTRAL","AUSTRAL|LEPPINGTON"
2190,NSW,"CHULLORA","CHULLORA|GREENACRE|MOUNT LEWIS"
2191,NSW,"BELFIELD","BELFIELD"
2192,NSW,"BELMORE","BELMORE"
2193,NSW,"ASHBURY","ASHBURY|CANTERBURY|HURLSTONE PARK"
2194,NSW,"CAMPSIE","CAMPSIE"
2195,NSW,"LAKEMBA","LAKEMBA|LAKEMBA DC|WILEY PARK"
2196,NSW,"PUNCHBOWL","PUNCHBOWL|ROSELANDS"
2197,NSW,"BASS HILL","BASS HILL"
2198,NSW,"GEORGES HALL","GEORGES HALL"
2199,NSW,"YAGOONA","YAGOONA|YAGOONA WEST"
2200,NSW,"BANKSTOWN","BANKSTOWN|BANKSTOWN AERODROME|BANKSTOWN AIRPORT|BANKSTOWN NORTH|BANKSTOWN SQUARE|CONDELL PARK|MANAHAN|MOUNT LEWIS"
2203,NSW,"DULWICH HILL","DULWICH HILL"
2204,NSW,"MARRICKVILLE","MARRICKVILLE|MARRICKVILLE METRO|MARRICKVILLE SOUTH"
2205,NSW,"ARNCLIFFE","ARNCLIFFE|TURRELLA|WOLLI CREEK"
2206,NSW,"CLEMTON PARK","CLEMTON PARK|EARLWOOD|UNDERCLIFFE"
2207,NSW,"BARDWELL PARK","BARDWELL PARK|BARDWELL VALLEY|BEXLEY|BEXLEY NORTH|BEXLEY SOUTH"
2208,NSW,"KINGSGROVE","KINGSGROVE|KINGSGROVE DC|KINGSWAY WEST"
2209,NSW,"BEVERLY HILLS","BEVERLY HILLS|NARWEE"
2210,NSW,"LUGARNO","LUGARNO|PEAKHURST|PEAKHURST DC|PEAKHURST HEIGHTS|RIVERWOOD"
2211,NSW,"PADSTOW","PADSTOW|PADSTOW HEIGHTS"
2212,NSW,"REVESBY","REVESBY|REVESBY HEIGHTS|REVESBY NORTH"
2213,NSW,"EAST HILLS","EAST HILLS|PANANIA|PICNIC POINT"
2214,NSW,"MILPERRA","MILPERRA"
2216,NSW,"BANKSIA","BANKSIA|BRIGHTON LE SANDS|KYEEMAGH|ROCKDALE|ROCKDALE DC"
2217,NSW,"BEVERLEY PARK","BEVERLEY PARK|KOGARAH|KOGARAH BAY|MONTEREY|RAMSGATE|RAMSGATE BEACH"
2218,NSW,"ALLAWAH","ALLAWAH|CARLTON"
2219,NSW,"DOLLS POINT","DOLLS POINT|SANDRINGHAM|SANS SOUCI"
2220,NSW,"HURSTVILLE","HURSTVILLE|HURSTVILLE GROVE|HURSTVILLE WESTFIELD"
2221,NSW,"BLAKEHURST","BLAKEHURST|CARSS PARK|CONNELLS POINT|KYLE BAY|SOUTH HURSTVILLE"
2222,NSW,"PENSHURST","PENSHURST"
2223,NSW,"MORTDALE","MORTDALE|OATLEY"
2224,NSW,"KANGAROO POINT","KANGAROO POINT|SYLVANIA|SYLVANIA SOUTHGATE|SYLVANIA WATERS"
2225,NSW,"CARAVAN HEAD","CARAVAN HEAD|OYSTER BAY"
2226,NSW,"BONNET BAY","BONNET BAY|COMO|JANNALI"
2227,NSW,"GYMEA","GYMEA|GYMEA BAY"
2228,NSW,"MIRANDA","MIRANDA|YOWIE BAY"
2229,NSW,"CARINGBAH","CARINGBAH|CARINGBAH SOUTH|DOLANS BAY|LILLI PILLI|PORT HACKING|TAREN POINT|WARUMBUL"
2230,NSW,"BUNDEENA","BUNDEENA|BURRANEER|CRONULLA|GREENHILLS BEACH|MAIANBAR|WOOLOOWARE"
2231,NSW,"KURNELL","KURNELL"
2232,NSW,"AUDLEY","AUDLEY|BONNIE VALE|GARIE|GOARRA|GRAYS POINT|JIBBON|KAREELA|KIRRAWEE|KIRRAWEE DC|LOFTUS|MARLEY|PALONA|SUTHERLAND|ULOOLA|WARUMBUL|WATTAMOLLA|WORONORA|YENABILLI"
2233,NSW,"ENGADINE","ENGADINE|HEATHCOTE|WATERFALL|WORONORA HEIGHTS|YARRAWARRAH"
2234,NSW,"ALFORDS POINT","ALFORDS POINT|BANGOR|BARDEN RIDGE|ILLAWONG|LUCAS HEIGHTS|MENAI|MENAI CENTRAL"
2250,NSW,"BUCKETTY","BUCKETTY|CALGA|CENTRAL MANGROVE|DONOVANS FOREST|EAST GOSFORD|ERINA|ERINA FAIR|GLENWORTH VALLEY|GOSFORD|GOSFORD WEST|GREENGROVE|HOLGATE|KARIONG|KULNURA|LISAROW|LOWER MANGROVE|MANGROVE CREEK|MANGROVE MOUNTAIN|MATCHAM|MOONEY MOONEY CREEK|MOUNT ELLIOT|MOUNT WHITE|NARARA|NIAGARA PARK|NORTH GOSFORD|PEATS RIDGE|POINT CLARE|POINT FREDERICK|SOMERSBY|SPRINGFIELD|TASCOTT|TEN MILE HOLLOW|UPPER MANGROVE|WENDOREE PARK|WEST GOSFORD|WYOMING"
2251,NSW,"AVOCA BEACH","AVOCA BEACH|BENSVILLE|BOUDDI|COPACABANA|DAVISTOWN|GREEN POINT|KINCUMBER|KINCUMBER SOUTH|MACMASTERS BEACH|PICKETTS VALLEY|SARATOGA|YATTALUNGA"
2252,NSW,"CENTRAL COAST MC","CENTRAL COAST MC"
2256,NSW,"BLACKWALL","BLACKWALL|HORSFIELD BAY|KOOLEWONG|LITTLE WOBBY|PATONGA|PEARL BEACH|PHEGANS BAY|WONDABYNE|WOY WOY|WOY WOY BAY"
2257,NSW,"BOOKER BAY","BOOKER BAY|BOX HEAD|DALEYS POINT|EMPIRE BAY|ETTALONG BEACH|HARDYS BAY|KILLCARE|KILLCARE HEIGHTS|PRETTY BEACH|ST HUBERTS ISLAND|UMINA BEACH|WAGSTAFFE"
2258,NSW,"FOUNTAINDALE","FOUNTAINDALE|KANGY ANGY|OURIMBAH|PALM GROVE|PALMDALE"
2259,NSW,"ALISON","ALISON|BUSHELLS RIDGE|CEDAR BRUSH CREEK|CHAIN VALLEY BAY|CRANGAN BAY|DOORALONG|DURREN DURREN|FRAZER PARK|FREEMANS|GWANDALAN|HALLORAN|HAMLYN TERRACE|JILLIBY|KANWAL|KIAR|KINGFISHER SHORES|LAKE MUNMORAH|LEMON TREE|LITTLE JILLIBY|MANNERING PARK|MARDI|MOONEE|POINT WOLSTONCROFT|RAVENSDALE|ROCKY POINT|SOUTH TACOMA|SUMMERLAND POINT|TACOMA|TACOMA SOUTH|TUGGERAH|TUGGERAWONG|WADALBA|WALLARAH|WARNERVALE|WATANOBBI|WOONGARRAH|WYBUNG|WYEE|WYEE POINT|WYONG|WYONG CREEK|WYONGAH|YARRAMALONG"
2260,NSW,"ERINA HEIGHTS","ERINA HEIGHTS|FORRESTERS BEACH|NORTH AVOCA|TERRIGAL|WAMBERAL"
2261,NSW,"BATEAU BAY","BATEAU BAY|BAY VILLAGE|BERKELEY VALE|BLUE BAY|CHITTAWAY BAY|CHITTAWAY POINT|GLENNING VALLEY|KILLARNEY VALE|LONG JETTY|MAGENTA|SHELLY BEACH|THE ENTRANCE|THE ENTRANCE NORTH|TOOWOON BAY|TUMBI UMBI"
2262,NSW,"BLUE HAVEN","BLUE HAVEN|BUDGEWOI|BUDGEWOI PENINSULA|BUFF POINT|COLONGRA|DOYALSON|DOYALSON NORTH|HALEKULANI|SAN REMO"
2263,NSW,"CANTON BEACH","CANTON BEACH|CHARMHAVEN|GOROKAN|LAKE HAVEN|NORAH HEAD|NORAVILLE|TOUKLEY"
2264,NSW,"BALCOLYN","BALCOLYN|BONNELLS BAY|BRIGHTWATERS|DORA CREEK|ERARING|MANDALONG|MIRRABOOKA|MORISSET|MORISSET PARK|MYUNA BAY|SILVERWATER|SUNSHINE|WINDERMERE PARK|YARRAWONGA PARK"
2265,NSW,"COORANBONG","COORANBONG|MARTINSVILLE"
2267,NSW,"WANGI WANGI","WANGI WANGI"
2278,NSW,"BARNSLEY","BARNSLEY|KILLINGWORTH|WAKEFIELD"
2280,NSW,"BELMONT","BELMONT|BELMONT NORTH|BELMONT SOUTH|CROUDACE BAY|FLORAVILLE|JEWELLS|MARKS POINT|VALENTINE"
2281,NSW,"BLACKSMITHS","BLACKSMITHS|CAMS WHARF|CATHERINE HILL BAY|CAVES BEACH|LITTLE PELICAN|MIDDLE CAMP|MURRAYS BEACH|NORDS WHARF|PELICAN|PINNY BEACH|SWANSEA|SWANSEA HEADS"
2282,NSW,"ELEEBANA","ELEEBANA|LAKELANDS|WARNERS BAY"
2283,NSW,"ARCADIA VALE","ARCADIA VALE|AWABA|BALMORAL|BLACKALLS PARK|BOLTON POINT|BUTTABA|CAREY BAY|COAL POINT|FASSIFERN|FENNELL BAY|FISHING POINT|KILABEN BAY|RATHMINES|RYHOPE|TORONTO"
2284,NSW,"ARGENTON","ARGENTON|BOOLAROO|BOORAGUL|MARMONG POINT|SPEERS POINT|TERALBA|WOODRISING"
2285,NSW,"CAMERON PARK","CAMERON PARK|CARDIFF|CARDIFF HEIGHTS|CARDIFF SOUTH|EDGEWORTH|GLENDALE|MACQUARIE HILLS"
2286,NSW,"HOLMESVILLE","HOLMESVILLE|SEAHAMPTON|WEST WALLSEND"
2287,NSW,"BIRMINGHAM GARDENS","BIRMINGHAM GARDENS|ELERMORE VALE|FLETCHER|MARYLAND|MINMI|RANKIN PARK|SUMMER HILL|WALLSEND|WALLSEND DC|WALLSEND SOUTH"
2289,NSW,"ADAMSTOWN","ADAMSTOWN|ADAMSTOWN HEIGHTS|GARDEN SUBURB|HIGHFIELDS|KOTARA|KOTARA FAIR|KOTARA SOUTH"
2290,NSW,"BENNETTS GREEN","BENNETTS GREEN|CHARLESTOWN|DUDLEY|GATESHEAD|HILLSBOROUGH|KAHIBAH|MOUNT HUTTON|REDHEAD|TINGIRA HEIGHTS|WHITEBRIDGE"
2291,NSW,"MEREWETHER","MEREWETHER|MEREWETHER HEIGHTS|THE JUNCTION"
2292,NSW,"BROADMEADOW","BROADMEADOW|HAMILTON NORTH"
2293,NSW,"MARYVILLE","MARYVILLE|WICKHAM"
2294,NSW,"CARRINGTON","CARRINGTON"
2295,NSW,"FERN BAY","FERN BAY|STOCKTON"
2296,NSW,"ISLINGTON","ISLINGTON"
2297,NSW,"TIGHES HILL","TIGHES HILL"
2298,NSW,"GEORGETOWN","GEORGETOWN|WARATAH|WARATAH WEST"
2299,NSW,"GLEN INNESLAMBTON","GLEN INNESLAMBTON|JESMOND|LAMBTON|NORTH LAMBTON"
2300,NSW,"BAR BEACH","BAR BEACH|COOKS HILL|NEWCASTLE|NEWCASTLE EAST|THE HILL"
2302,NSW,"NEWCASTLE WEST","NEWCASTLE WEST"
2303,NSW,"HAMILTON","HAMILTON|HAMILTON DC|HAMILTON EAST|HAMILTON SOUTH"
2304,NSW,"KOORAGANG","KOORAGANG|MAYFIELD|MAYFIELD EAST|MAYFIELD NORTH|MAYFIELD WEST|SANDGATE|WARABROOK"
2305,NSW,"KOTARA EAST","KOTARA EAST|NEW LAMBTON|NEW LAMBTON HEIGHTS"
2306,NSW,"WINDALE","WINDALE"
2307,NSW,"SHORTLAND","SHORTLAND"
2308,NSW,"CALLAGHAN","CALLAGHAN|NEWCASTLE UNIVERSITY"
2309,NSW,"DANGAR","DANGAR"
2310,NSW,"HUNTER REGION MC","HUNTER REGION MC"
2311,NSW,"ALLYNBROOK","ALLYNBROOK|BINGLEBURRA|BONNINGTON PARK|CARRABOLLA|EAST GRESFORD|ECCLESTON|GRESFORD|HALTON|LEWINSBROOK|LOSTOCK|MOUNT RIVERS|UPPER ALLYN"
2312,NSW,"MINIMBAH","MINIMBAH|NABIAC"
2314,NSW,"WILLIAMTOWN RAAF","WILLIAMTOWN RAAF"
2315,NSW,"CORLETTE","CORLETTE|FINGAL BAY|GAN GAN|NELSON BAY|SHOAL BAY"
2316,NSW,"ANNA BAY","ANNA BAY|BOAT HARBOUR|BOBS FARM|FISHERMANS BAY|ONE MILE|TAYLORS BEACH"
2317,NSW,"SALAMANDER BAY","SALAMANDER BAY|SOLDIERS POINT"
2318,NSW,"CAMPVALE","CAMPVALE|FERODALE|FULLERTON COVE|MEDOWIE|OYSTER COVE|SALT ASH|WILLIAMTOWN"
2319,NSW,"LEMON TREE PASSAGE","LEMON TREE PASSAGE|MALLABULA|TANILBA BAY|TILLIGERRY CREEK"
2320,NSW,"ABERGLASSLYN","ABERGLASSLYN|ALLANDALE|ANAMBAH|BOLWARRA|BOLWARRA HEIGHTS|FARLEY|GLEN OAK|GOSFORTH|HILLSBOROUGH|HORSESHOE BEND|KEINBAH|LARGS|LORN|LOUTH PARK|MAITLAND|MAITLAND NORTH|MAITLAND VALE|MELVILLE|MINDARIBBA|MOUNT DEE|OAKHAMPTON|OAKHAMPTON HEIGHTS|POKOLBIN|ROSEBROOK|ROTHBURY|RUTHERFORD|SOUTH MAITLAND|TELARAH|WALLALONG|WINDELLA"
2321,NSW,"BERRY PARK","BERRY PARK|BUTTERWICK|CLARENCE TOWN|CLIFTLEIGH|DUCKENFIELD|DUNS CREEK|GILLIESTON HEIGHTS|GLEN MARTIN|GLEN WILLIAM|HARPERS HILL|HEDDON GRETA|HINTON|IONA|LOCHINVAR|LUSKINTYRE|MORPETH|OSWALD|PHOENIX PARK|RAWORTH|WINDERMERE|WOERDEN|WOODVILLE"
2322,NSW,"BERESFIELD","BERESFIELD|BLACK HILL|CHISHOLM|HEXHAM|LENAGHAN|STOCKRINGTON|TARRO|THORNTON|TOMAGO|WOODBERRY"
2323,NSW,"ASHTONFIELD","ASHTONFIELD|BRUNKERVILLE|BUCHANAN|BUTTAI|EAST MAITLAND|FOUR MILE CREEK|FREEMANS WATERHOLE|GREEN HILLS|GREENHILLS|METFORD|METFORD DC|MOUNT VINCENT|MULBRING|PITNACREE|RICHMOND VALE|TENAMBIT"
2324,NSW,"BALICKERA","BALICKERA|BRANDY HILL|BUNDABAH|CARRINGTON|CELLS RIVER|EAGLETON|EAST SEAHAM|HAWKS NEST|HEATHERBRAE|KARUAH|KINGS HILL|LIMEBURNERS CREEK|MILLERS FOREST|MOTTO FARM|NELSONS PLAINS|NORTH ARM COVE|OSTERLEY|PINDIMAR|RAYMOND TERRACE|RAYMOND TERRACE EAST|SEAHAM|SWAN BAY|TAHLEE|TEA GARDENS|TWELVE MILE CREEK|WALLAROO"
2325,NSW,"ABERDARE","ABERDARE|ABERNETHY|BELLBIRD|BELLBIRD HEIGHTS|BOREE|CEDAR CREEK|CESSNOCK|CESSNOCK WEST|CONGEWAI|CORRABARE|DAIRY ARM|ELLALONG|ELRINGTON|FERNANCES CROSSING|GRETA MAIN|KEARSLEY|KITCHENER|LAGUNA|LOVEDALE|MILLFIELD|MILSONS ARM|MOOTAI|MORUBEN|MOUNT VIEW|MURRAYS RUN|NARONE CREEK|NULKABA|OLNEY|PAXTON|PAYNES CROSSING|PELTON|QUORROBOLONG|SWEETMANS CREEK|WATAGAN|WOLLOMBI|YALLAMBIE|YENGO|YENGO NATIONAL PARK"
2326,NSW,"ABERMAIN","ABERMAIN|BISHOPS BRIDGE|LOXFORD|NEATH|SAWYERS GULLY|WESTON"
2327,NSW,"KURRI KURRI","KURRI KURRI|PELAW MAIN|STANFORD MERTHYR"
2328,NSW,"BUREEN","BUREEN|DALSWINTON|DENMAN|GIANTS CREEK|HOLLYDEEN|KERRABEE|MANGOOLA|MARTINDALE|WIDDEN|YARRAWA"
2329,NSW,"BORAMBIL","BORAMBIL|CASSILIS|MERRIWA|UARBRY"
2330,NSW,"APPLETREE FLAT","APPLETREE FLAT|BIG RIDGE|BIG YENGO|BOWMANS CREEK|BRIDGMAN|BROKE|BULGA|CAMBERWELL|CARROWBROOK|CLYDESDALE|COMBO|DARLINGTON|DOYLES CREEK|DUNOLLY|DURAL|DYRRING|FALBROOK|FERN GULLY|FORDWICH|GARLAND VALLEY|GLENDON|GLENDON BROOK|GLENDONBROOK|GLENNIES CREEK|GLENRIDDING|GOORANGOOLA|GOULDSVILLE|GOWRIE|GREENLANDS|HAMBLEDON HILL|HEBDEN|HOWES VALLEY|HOWICK|HUNTERVIEW|JERRYS PLAINS|LEMINGTON|LONG POINT|MAISON DIEU|MCDOUGALLS HILL|MIDDLE FALBROOK|MILBRODALE|MIRANNIE|MITCHELLS FLAT|MOUNT OLIVE|MOUNT ROYAL|MOUNT THORLEY|OBANVALE|PUTTY|RAVENSWORTH|REDBOURNBERRY|REEDY CREEK|RIXS CREEK|ROUGHIT|SCOTTS FLAT|SEDGEFIELD|SINGLETON|SINGLETON DC|SINGLETON HEIGHTS|ST CLAIR|WARKWORTH|WATTLE PONDS|WESTBROOK|WHITTINGHAM|WOLLEMI|WYLIES FLAT"
2331,NSW,"SINGLETON MILITARY AREA","SINGLETON MILITARY AREA|SINGLETON MILPO"
2333,NSW,"BAERAMI","BAERAMI|BAERAMI CREEK|BENGALLA|CASTLE ROCK|EDDERTON|GUNGAL|KAYUGA|LIDDELL|MANOBALAI|MCCULLYS GAP|MUSCLE CREEK|MUSWELLBROOK|SANDY HOLLOW|WYBONG"
2334,NSW,"GRETA","GRETA"
2335,NSW,"BELFORD","BELFORD|BRANXTON|DALWOOD|EAST BRANXTON|ELDERSLIE|LAMBS VALLEY|LECONFIELD|LOWER BELFORD|NORTH ROTHBURY|STANHOPE"
2336,NSW,"ABERDEEN","ABERDEEN|DARTBROOK|DAVIS CREEK|ROSSGOLE|ROUCHEL|ROUCHEL BROOK|UPPER DARTBROOK|UPPER ROUCHEL"
2337,NSW,"BELLTREES","BELLTREES|BRAWBOY|BUNNAN|DRY CREEK|ELLERSTON|GLENBAWN|GLENROCK|GUNDY|KARS SPRINGS|MIDDLE BROOK|MOOBI|MOONAN BROOK|MOONAN FLAT|MURULLA|OMADALE|OWENS GAP|PAGES CREEK|PARKVILLE|SATUR|SCONE|SEGENHOE|STEWARTS BROOK|TOMALLA|WAVERLY|WINGEN|WOOLOOMA"
2338,NSW,"ARDGLEN","ARDGLEN|BLANDFORD|CRAWNEY|GREEN CREEK|MURRURUNDI|PAGES RIVER|SANDY CREEK|SCOTTS CREEK|TIMOR"
2339,NSW,"BIG JACKS CREEK","BIG JACKS CREEK|BRAEFIELD|CATTLE CREEK|CHILCOTTS CREEK|LITTLE JACKS CREEK|MACDONALDS CREEK|PARRAWEENA|WARRAH|WARRAH CREEK|WILLOW TREE"
2340,NSW,"APPLEBY","APPLEBY|BARRY|BECTIVE|BITHRAMERE|BOWLING ALLEY POINT|CALALA|CARROLL|DARUKA|DUNCANS CREEK|DUNGOWAN|EAST TAMWORTH|GAROO|GIDLEY|GOONOO GOONOO|GOWRIE|HALLSVILLE|HANGING ROCK|HILLVUE|KEEPIT|KINGSWOOD|LOOMBERAH|MOORE CREEK|NEMINGHA|NORTH TAMWORTH|NUNDLE|OGUNBIL|OXLEY VALE|PIALLAMORE|SOMERTON|SOUTH TAMWORTH|TAMINDA|TAMWORTH|TAMWORTH SOUTH|TIMBUMBURI|WALLAMORE|WARRAL|WEABONGA|WEST TAMWORTH|WESTDALE|WOOLOMIN"
2341,NSW,"WERRIS CREEK","WERRIS CREEK"
2342,NSW,"CURRABUBULA","CURRABUBULA|PIALLAWAY"
2343,NSW,"BLACKVILLE","BLACKVILLE|BORAMBIL|BUNDELLA|CAROONA|COLLY BLUE|COOMOO COOMOO|PINE RIDGE|QUIPOLLY|QUIRINDI|SPRING RIDGE|WALHALLOW|WALLABADAH|WARRAH RIDGE|WINDY|YANNERGEE|YARRAMAN"
2344,NSW,"DURI","DURI|WINTON"
2345,NSW,"ATTUNGA","ATTUNGA|GARTHOWEN"
2346,NSW,"BORAH CREEK","BORAH CREEK|HALLS CREEK|KLORI|MANILLA|NAMOI RIVER|NEW MEXICO|RUSHES CREEK|UPPER MANILLA|WARRABAH|WIMBORNE|WONGO CREEK"
2347,NSW,"BANOON","BANOON|BARRABA|CARODA|COBBADAH|GULF CREEK|GUNDAMULDA|HORTON VALLEY|IRONBARK|LINDESAY|LONGARM|MAYVALE|RED HILL|THIRLDENE|THIRLOENE|UPPER HORTON|WOODSREEF"
2348,NSW,"NEW ENGLAND MC","NEW ENGLAND MC"
2350,NSW,"ABERFOYLE","ABERFOYLE|ABINGTON|ACACIA PARK|ARGYLE|ARMIDALE|ARMIDALE DC|ARMIDALE EAST|BEN VENUE|BONA VISTA|BOOROLONG|CASTLE DOYLE|COMMISSIONERS WATERS|DANGARSLEIGH|DONALD CREEK|DUMARESQ|DUVAL|EAST ARMIDALE|ENMORE|HILLGROVE|INVERGOWRIE|JEOGLA|KELLYS PLAINS|LYNDHURST|MADGWICK|METZ|NEWLING|NORTH HILL|PUDDLEDOCK|SAUMAREZ|SAUMAREZ PONDS|SOUDAN HEIGHTS|SOUTH HILL|ST PATRICKS|THALGARRAH|TILBUSTER|WARDS MISTAKE|WEST ARMIDALE|WOLLOMOMBI|WONGWIBINDA"
2351,NSW,"UNIVERSITY OF NEW ENGLAND","UNIVERSITY OF NEW ENGLAND"
2352,NSW,"KOOTINGAL","KOOTINGAL|LIMBRI|MULLA CREEK|TINTINHULL"
2353,NSW,"MOONBI","MOONBI"
2354,NSW,"BRANGA PLAINS","BRANGA PLAINS|KENTUCKY|KENTUCKY SOUTH|MOONA PLAINS|NIANGALA|NOWENDOC|UPPER YARROWITCH|WALCHA|WALCHA ROAD|WOLLUN|WOOLBROOK|YARROWITCH"
2355,NSW,"BENDEMEER","BENDEMEER|RETREAT|WATSONS CREEK"
2356,NSW,"GWABEGAR","GWABEGAR"
2357,NSW,"BOMERA","BOMERA|BOX RIDGE|BUGALDIE|COONABARABRAN|DANDRY|GOWANG|PURLEWAUGH|ROCKY GLEN|TANNABAR|ULAMAMBRI|WATTLE SPRINGS|YEARINAN"
2358,NSW,"ARDING","ARDING|BAKERS CREEK|BALALA|GOSTWYCK|KINGSTOWN|MIHI|ROCKY RIVER|SALISBURY PLAINS|TORRYBURN|URALLA|YARROWYCK"
2359,NSW,"BAKERS CREEK","BAKERS CREEK|BUNDARRA|CAMERONS CREEK"
2360,NSW,"AUBURN VALE","AUBURN VALE|BRODIES PLAINS|BUKKULLA|CHERRY TREE HILL|COPETON|ELSMORE|GILGAI|GRAMAN|GUM FLAT|HOWELL|INVERELL|KINGS PLAINS|LITTLE PLAIN|LONG PLAIN|MOUNT RUSSELL|NEWSTEAD|NULLAMANNA|OAKWOOD|PARADISE|ROB ROY|SAPPHIRE|SPRING MOUNTAIN|STANBOROUGH|SWANBROOK|WALLANGRA|WANDERA|WOODSTOCK"
2361,NSW,"ASHFORD","ASHFORD|ATHOLWOOD|BONSHAW|LIMESTONE|PINDAROI"
2365,NSW,"BACKWATER","BACKWATER|BALD BLAIR|BALDERSLEIGH|BASSENDEAN|BEN LOMOND|BLACK MOUNTAIN|BRIARBROOK|BROCKLEY|BRUSHY CREEK|FALCONER|GEORGES CREEK|GLEN NEVIS|GLENCOE|GREEN HILLS|GUYRA|LLANGOTHLIN|MAYBOLE|MOUNT MITCHELL|NEW VALLEY|OBAN|SOUTH GUYRA|TENTERDEN|THE BASIN|THE GULF|TUBBAMURRA|WANDSWORTH"
2369,NSW,"OLD MILL","OLD MILL|STANNIFER|TINGHA"
2370,NSW,"BALD NOB","BALD NOB|DIEHARD|DUNDEE|FURRACABAD|GIBRALTAR RANGE|GLEN ELGIN|GLEN INNES|KINGSGATE|KINGSLAND|KOOKABOOKRA|LAMBS VALLEY|MATHESON|MOGGS SWAMP|MOOGEM|MORVEN|NEWTON BOYD|PINKETT|RANGERS VALLEY|RED RANGE|REDDESTONE|SHANNON VALE|SPRING MOUNTAIN|STONEHENGE|SWAN VALE|WELLINGROVE|YARROWFORD"
2371,NSW,"CAPOOMPETA","CAPOOMPETA|DEEPWATER|EMMAVILLE|ROCKY CREEK|STANNUM|TENT HILL|THE GULF|TORRINGTON|TUNGSTEN|WELLINGTON VALE|YELLOW DAM"
2372,NSW,"BACK CREEK","BACK CREEK|BILLYRIMBA|BLACK SWAMP|BLUFF ROCK|BOLIVIA|BOOKOOKOORARA|BOONOO BOONOO|BOOROOK|BRYANS GAP|BUNGULLA|CARROLLS CREEK|CULLENDORE|DUMARESQ VALLEY|FOREST LAND|LISTON|MINGOOLA|MOLE RIVER|PYES CREEK|RIVERTREE|ROCKY RIVER|SANDY FLAT|SANDY HILL|SILENT GROVE|STEINBROOK|SUNNYSIDE|TARBAN|TENTERFIELD|THE SCRUB|TIMBARRA|WILLSONS DOWNFALL|WOODSIDE|WYLIE CREEK"
2379,NSW,"GOOLHI","GOOLHI|MULLALEY|NAPIER LANE|NOMBI"
2380,NSW,"BASIN PLAIN","BASIN PLAIN|BLUE VALE|BURBURGATE|COOCOOBOONAH|EMERALD HILL|GHOOLENDAADI|GUNNEDAH|GUNNEMBENE|KELVIN|MARYS MOUNT|MEERMAUL|MILROY|NOGGABRI|ORANGE GROVE|RANGARI"
2381,NSW,"BREEZA","BREEZA|CURLEWIS|NEA|PREMER|PULLAMING|TAMBAR SPRINGS"
2382,NSW,"BOGGABRI","BOGGABRI|MAULES CREEK|WEAN|WILLALA"
2386,NSW,"BURREN JUNCTION","BURREN JUNCTION|DRILDOOL|NOWLEY"
2387,NSW,"BULYEROI","BULYEROI|ROWENA"
2388,NSW,"BOOLCARROLL","BOOLCARROLL|CUTTABRI|JEWS LAGOON|MERAH NORTH|PILLIGA|SPRING PLAINS|THE PILLIGA|WEE WAA|YARRIE LAKE"
2390,NSW,"BAAN BAA","BAAN BAA|BACK CREEK|BERRIGAL|BOHENA CREEK|BULLAWA CREEK|COURADDA|EDGEROI|EULAH CREEK|HARPARARY|JACKS CREEK|KAPUTAR|NARRABRI|NARRABRI WEST|ROCKY CREEK|TARRIARO|TURRAWAN"
2395,NSW,"BINNAWAY","BINNAWAY|ROPERS ROAD|WEETALIBA"
2396,NSW,"BARADINE","BARADINE|BARWON|GOORIANAWA|KENEBRI"
2397,NSW,"BELLATA","BELLATA|JEWS LAGOON|MILLIE|THALABA"
2398,NSW,"GURLEY","GURLEY"
2399,NSW,"BINIGUY","BINIGUY|MILGUY|PALLAMALLAWA"
2400,NSW,"ASHLEY","ASHLEY|BULLARAH|CROOBLE|MALLOWA|MOREE|MOREE EAST|TERRY HIE HIE|TIKITERE|TULLOONA|YARRAMAN"
2401,NSW,"GRAVESEND","GRAVESEND"
2402,NSW,"COOLATAI","COOLATAI|WARIALDA|WARIALDA RAIL"
2403,NSW,"BALFOURS PEAK","BALFOURS PEAK|DELUNGRA|GRAGIN|KOLOONA|MYALL CREEK"
2404,NSW,"BANGHEET","BANGHEET|BINGARA|DINOGA|ELCOMBE|GINEROI|KEERA|PALLAL|UPPER BINGARA|WHITLOW"
2405,NSW,"BOOMI","BOOMI|GARAH"
2406,NSW,"MUNGINDI","MUNGINDI|WEEMELAH"
2408,NSW,"BLUE NOBBY","BLUE NOBBY|MUNGLE|NORTH STAR|YALLAROI"
2409,NSW,"BOGGABILLA","BOGGABILLA|BOONAL"
2410,NSW,"TWIN RIVERS","TWIN RIVERS|YETMAN"
2411,NSW,"CROPPA CREEK","CROPPA CREEK"
2415,NSW,"MONKERAI","MONKERAI|NOOROO|STROUD ROAD|UPPER KARUAH RIVER|WEISMANTELS"
2420,NSW,"ALISON","ALISON|BANDON GROVE|BENDOLBA|BROOKFIELD|BROWNMORE|CAMBRA|CHICHESTER|DINGADEE|DUNGOG|DUSODIE|FLAT TOPS|FOSTERTON|HANLEYS CREEK|HILLDALE|MAIN CREEK|MARSHDALE|MARTINS CREEK|MUNNI|SALISBURY|STROUD HILL|SUGARLOAF|TABBIL CREEK|TILLEGRA|UNDERBANK|UPPER CHICHESTER|WALLARINGA|WALLAROBBA|WIRRAGULLA"
2421,NSW,"FISHERS HILL","FISHERS HILL|PATERSON|SUMMER HILL|TOCAL|TORRYBURN|TREVALLYN|VACY|WEBBERS CREEK"
2422,NSW,"BACK CREEK","BACK CREEK|BAKERS CREEK|BARRINGTON|BARRINGTON TOPS|BAXTERS RIDGE|BELBORA|BERRICO|BINDERA|BOWMAN|BOWMAN FARM|BRETTI|BULLIAC|BUNDOOK|CALLAGHANS CREEK|CALLAGHANS CREEKS|COBARK|CONEAC|COPELAND|CORROBOREE FLAT|CRAVEN|CRAVEN PLATEAU|CURRICABARK|DEWITT|DOON AYRE|FAULKLAND|FORBESDALE|GANGAT|GIRO|GLEN WARD|GLOUCESTER|GLOUCESTER TOPS|INVERGORDON|KIA ORA|MARES RUN|MAUDVILLE|MERNOT|MOGRANI|MOGRANI CREEK|MOPPY|MOUNT PEERLESS|PITLOCHRY|RAWDON VALE|ROOKHURST|STRATFORD|TERREEL|TIBBUC|TITAATEE CREEK|TUGRABAKH|UPPER BOWMAN|WALLANBAH|WAPRA|WARDS RIVER|WAUKIVORY|WIRRADGURIE|WOKO"
2423,NSW,"BOMBAH POINT","BOMBAH POINT|BOOLAMBAYTE|BULAHDELAH|BUNGWAHL|COOLONGOLOOK|CRAWFORD RIVER|MARKWELL|MAYERS FLAT|MUNGO BRUSH|MYALL LAKE|NERONG|SEAL ROCKS|TOPI TOPI|UPPER MYALL|VIOLET HILL|WALLINGAT|WANG WAUK|WARRANULLA|WILLINA|WOOTTON|YAGON"
2424,NSW,"CAFFREYS FLAT","CAFFREYS FLAT|CELLS RIVER|CHARITY CREEK|COOPLACURRIPA|CUNDLE FLAT|KNORRIT FLAT|KNORRIT FOREST|MOUNT GEORGE|NUMBER ONE|ROCKS CROSSING|TIRI|WOODSIDE"
2425,NSW,"ALLWORTH","ALLWORTH|BOORAL|GIRVAN|STROUD|THE BRANCH|WASHPOOL"
2426,NSW,"COOPERNOOK","COOPERNOOK|LANGLEY VALE|MOTO"
2427,NSW,"CROWDY HEAD","CROWDY HEAD|HARRINGTON"
2428,NSW,"BLUEYS BEACH","BLUEYS BEACH|BOOMERANG BEACH|BOOTI BOOTI|CHARLOTTE BAY|COOMBA BAY|COOMBA PARK|DARAWANK|ELIZABETH BEACH|FORSTER|FORSTER SHOPPING VILLAGE|GREEN POINT|PACIFIC PALMS|SANDBAR|SHALLOW BAY|SMITHS LAKE|TARBUCK BAY|TIONA|TUNCURRY|WALLINGAT|WALLIS LAKE|WHOOTA"
2429,NSW,"BOBIN","BOBIN|BOORGANNA|BUCCA WAUKA|BULBY BRUSH|BULGA FOREST|BUNYAH|BURRELL CREEK|CAPARRA|CEDAR PARTY|COMBOYNE|DINGO FOREST|DOLLYS FLAT|DYERS CROSSING|ELANDS|FIREFLY|INNES VIEW|KARAAK FLAT|KHATAMBUHL|KILLABAKH|KILLAWARRA|KIMBRIKI|KINGS CREEK|KIPPAXS|KRAMBACH|KUNDIBAKH|MARLEE|MOORAL CREEK|STRATHCEDAR|THE BIGHT|TIPPERARY|WARRIWILLAH|WHERROL FLAT|WINGHAM|YARRATT FOREST"
2430,NSW,"BLACK HEAD","BLACK HEAD|BOHNOCK|BOOTAWA|BRIMBIN|CABBAGE TREE ISLAND|CHATHAM|CROKI|CUNDLETOWN|DIAMOND BEACH|DUMARESQ ISLAND|FAILFORD|GHINNI GHINNI|GLENTHORNE|HALLIDAYS POINT|HAPPY VALLEY|HILLVILLE|JONES ISLAND|KIWARRAK|KOLODONG|KOORAINGHAT|KUNDLE KUNDLE|LANSDOWNE|LANSDOWNE FOREST|MANNING POINT|MELINGA|MITCHELLS ISLAND|MONDROOK|OLD BAR|OXLEY ISLAND|PAMPOOLAH|POSSUM BRUSH|PURFLEET|RAINBOW FLAT|RED HEAD|SALTWATER|TALLWOODS VILLAGE|TAREE|TAREE DC|TAREE SOUTH|TAREE WEST|TINONEE|UPPER LANSDOWNE|WALLABI POINT"
2431,NSW,"ARAKOON","ARAKOON|JERSEYVILLE|SOUTH WEST ROCKS"
2439,NSW,"BATAR CREEK","BATAR CREEK|BLACK CREEK|BOBS CREEK|HERONS CREEK|KENDALL|KEREWONG|KEW|LOGANS CROSSING|LORNE|ROSSGLEN|SWANS CROSSING|UPSALLS CREEK"
2440,NSW,"ALDAVILLA","ALDAVILLA|AUSTRAL EDEN|BELLBROOK|BELLIMBOPINNI|BELMORE RIVER|BURNT BRIDGE|CARRAI|CLYBUCCA|COLLOMBATTI|COMARA|CORANGULA|CRESCENT HEAD|DEEP CREEK|DONDINGALONG|EAST KEMPSEY|EUROKA|FREDERICKTON|GEORGES CREEK|GLADSTONE|GREENHILL|GREENHILLS|HAMPDEN HALL|HAT HEAD|HICKEYS CREEK|KEMPSEY|KINCHELA|LOWER CREEK|MILLBANK|MOONEBA|MOPARRABAH|MUNGAY CREEK|OLD STATION|POLA CREEK|RAINBOW REACH|SEVEN OAKS|SHERWOOD|SKILLION FLAT|SMITHTOWN|SOUTH KEMPSEY|SUMMER ISLAND|TEMAGOG|TOOROOKA|TURNERS FLAT|VERGES CREEK|WEST KEMPSEY|WILLAWARRIN|WILLI WILLI|WITTITRIN|YARRAVEL|YESSABAH"
2441,NSW,"ALLGOMERA","ALLGOMERA|ALLGOMERA CREEK|BALLENGARRA|BARRAGANYATTI|BONVILLE|BRIL BRIL|BRINERVILLE|BROWNS CROSSING|COOPERABUNG|CROSSMAGLEN|EUNGAI CREEK|EUNGAI RAIL|FISHERMANS REACH|GEARYS FLAT|GRASSY HEAD|GUM SCRUB|HACKS FERRY|KIPPARA|KUNDABUNG|MARLO MERRICAN|ROLLANDS PLAINS|STUARTS POINT|TAMBAN|TELEGRAPH POINT|UPPER ROLLANDS PLAINS|YARRAHAPINNI"
2442,NSW,"KEMPSEY MSC","KEMPSEY MSC|MID NORTH COAST MC|MID NORTH COAST MSC"
2443,NSW,"BOBS CREEK","BOBS CREEK|CAMDEN HEAD|CORALVILLE|CROWDY BAY|DEAUVILLE|DIAMOND HEAD|DICKS HILL|DUNBOGAN|HANNAM VALE|HERONS CREEK|JOHNS RIVER|LAKEWOOD|LAURIETON|MIDDLE BROTHER|MOORLAND|NORTH BROTHER|NORTH HAVEN|STEWARTS RIVER|WAITUI|WEST HAVEN"
2444,NSW,"BLACKMANS POINT","BLACKMANS POINT|FERNBANK CREEK|FLYNNS BEACH|LIGHTHOUSE BEACH|LIMEBURNERS CREEK|NORTH SHORE|PORT MACQUARIE|PORT MACQUARIE BC|RIVERSIDE|SETTLEMENT CITY|THE HATCH|THRUMSTER"
2445,NSW,"BONNY HILLS","BONNY HILLS|GRANTS BEACH|JOLLY NOSE|LAKE CATHIE"
2446,NSW,"BAGNOO","BAGNOO|BAGO|BANDA BANDA|BEECHWOOD|BELLANGRY|BIRDWOOD|BROMBIN|BYABARRA|CAIRNCROSS|CROSSLANDS|DEBENHAM|DOYLES RIVER|ELLENBOROUGH|FORBES RIVER|FRAZERS CREEK|GEARYS FLAT|HARTYS PLAINS|HOLLISDALE|HUNTINGDON|HYNDMANS CREEK|KINDEE|KING CREEK|LAKE INNES|LONG FLAT|LOWER PAPPINBARRA|MARLO MERRICAN|MORTONS CREEK|MOUNT SEAVIEW|PAPPINBARRA|PEMBROOKE|PIPECLAY|RAWDON ISLAND|REDBANK|ROSEWOOD|SANCROX|TOMS CREEK|UPPER PAPPINBARRA|WAUCHOPE|WERRIKIMBE|YARRAS|YIPPIN CREEK"
2447,NSW,"BAKERS CREEK","BAKERS CREEK|BURRAPINE|CONGARINNI|CONGARINNI NORTH|DONNELLYVILLE|GUMMA|MACKSVILLE|NEWEE CREEK|NORTH MACKSVILLE|SCOTTS HEAD|TALARM|TAYLORS ARM|THUMB CREEK|UPPER TAYLORS ARM|UTUNGUN|WARRELL CREEK|WAY WAY|WIRRIMBI|YARRANBELLA"
2448,NSW,"HYLAND PARK","HYLAND PARK|NAMBUCCA HEADS|VALLA|VALLA BEACH|VIEWMONT"
2449,NSW,"ARGENTS HILL","ARGENTS HILL|BOWRAVILLE|BUCKRA BENDINNI|GIRRALONG|KENNAICLE CREEK|KILLIEKRANKIE|MISSABOTTI|SOUTH ARM|TEWINGA"
2450,NSW,"BOAMBEE","BOAMBEE|BONVILLE|BROOKLANA|BUCCA|COFFS HARBOUR|COFFS HARBOUR DC|COFFS HARBOUR JETTY|COFFS HARBOUR PLAZA|CORAMBA|DAIRYVILLE|GLENREAGH|KARANGI|KORORA|LOWANNA|LOWER BUCCA|MOONEE BEACH|NANA GLEN|NORTH BOAMBEE VALLEY|SAPPHIRE BEACH|SHERWOOD|ULONG|UPPER ORARA"
2452,NSW,"BAYLDON","BAYLDON|BOAMBEE EAST|SAWTELL|TOORMINA"
2453,NSW,"BIELSDOWN HILLS","BIELSDOWN HILLS|BILLYS CREEK|BOSTOBRICK|BRIGGSVALE|CASCADE|CLOUDS CREEK|DEER VALE|DORRIGO|DORRIGO MOUNTAIN|DORRIGO NORTH|DUNDURRABIN|EBOR|FERNBROOK|GANGARA|GLEN FERNAIGH|HERNANI|LEIGH|MARENGO|MAYNARDS PLAINS|MEGAN|MOONPAR|MULDIVA|NEVER NEVER|NORTH DORRIGO|TALLOWWOOD RIDGE|TYRINGHAM|WILD CATTLE CREEK"
2454,NSW,"BELLINGEN","BELLINGEN|BRIERFIELD|BRINERVILLE|BUNDAGEN|DARKWOOD|FERNMOUNT|GLENIFFER|GORDONVILLE|HYDES CREEK|KALANG|KOOROOWI|MYLESTOM|ORAMA|RALEIGH|REPTON|SCOTCHMAN|SPICKETTS CREEK|SUNNY CORNER|THORA|UPPER THORA|VALERY"
2455,NSW,"TARKEETH","TARKEETH|URUNGA"
2456,NSW,"ARRAWARRA","ARRAWARRA|ARRAWARRA HEADLAND|CORINDI BEACH|DIRTY CREEK|EMERALD BEACH|MULLAWAY|RED ROCK|SAFETY BEACH|SANDY BEACH|UPPER CORINDI|WOOLGOOLGA"
2460,NSW,"ALUMY CREEK","ALUMY CREEK|BANYABBA|BARCOONGERE|BARRETTS CREEK|BARYULGIL|BLAXLANDS CREEK|BLAXLANDS FLAT|BOM BOM|BOOKRAM|BRAUNSTONE|BRUSHGROVE|BUCCARUMBI|CALAMIA|CANGAI|CARNHAM|CARRS CREEK|CARRS ISLAND|CARRS PENINSULA|CARRS PENINSULAR|CHAELUNDI|CHAMBIGNE|CLARENZA|CLIFDEN|COALDALE|COLLUM COLLUM|COOMBADJHA|COPMANHURST|COUTTS CROSSING|COWPER|CROWTHER ISLAND|DALMORTON|DEEP CREEK|DILKOON|DIRTY CREEK|DUMBUDGERY|EATONSVILLE|EIGHTEEN MILE|ELLAND|FINE FLOWER|FORTIS CREEK|GLENUGIE|GRAFTON|GRAFTON WEST|GREAT MARLOW|GURRANANG|HALFWAY CREEK|HEIFER STATION|JACKADGERY|JUNCTION HILL|KANGAROO CREEK|KEYBARBIN|KOOLKHAN|KREMNOS|KUNGALA|KYARRAN|LANITZA|LAWRENCE|LEVENSTRATH|LILYDALE|LIONSVILLE|LOWER COLDSTREAM|LOWER SOUTHGATE|MALABUGILMAH|MCPHERSONS CROSSING|MOLEVILLE CREEK|MOUNTAIN VIEW|MYLNEFORD|NEWBOLD|NYMBOIDA|PULGANBAR|PUNCHBOWL|RAMORNIE|RUSHFORTH|SANDY CROSSING|SEELANDS|SHANNONDALE|SMITHS CREEK|SOUTH ARM|SOUTH GRAFTON|SOUTHAMPTON|SOUTHGATE|STOCKYARD CREEK|THE PINNACLES|THE WHITEMAN|TOWALLUM|TRENAYR|TYNDALE|UPPER COPMANHURST|UPPER FINE FLOWER|WARRAGAI CREEK|WASHPOOL|WATERVIEW|WATERVIEW HEIGHTS|WELLS CROSSING|WHITEMAN CREEK|WINEGROVE|WOMBAT CREEK"
2462,NSW,"CALLIOPE","CALLIOPE|COLDSTREAM|DIGGERS CAMP|GILLETTS RIDGE|LAKE HIAWATHA|LAVADIA|MINNIE WATER|PILLAR VALLEY|SWAN CREEK|TUCABIA|ULMARRA|WOOLI"
2463,NSW,"ASHBY","ASHBY|ASHBY HEIGHTS|ASHBY ISLAND|BROOMS HEAD|GULMARRAD|ILARWILL|JACKY BULBIN FLAT|JAMES CREEK|MACLEAN|PALMERS CHANNEL|PALMERS ISLAND|SANDON|SHARK CREEK|TALOUMBI|THE SANDON|TOWNSEND|TULLYMORGAN|WOODFORD|WOODFORD ISLAND"
2464,NSW,"ANGOURIE","ANGOURIE|FREEBURN ISLAND|MICALO ISLAND|WOOLOWEYAH|YAMBA|YURAYGIR"
2465,NSW,"HARWOOD","HARWOOD"
2466,NSW,"ILUKA","ILUKA|THE FRESHWATER|WOODY HEAD"
2469,NSW,"ALICE","ALICE|BANYABBA|BEAN CREEK|BINGEEBEEBRA|BINGEEBEEBRA CREEK|BONALBO|BOOMOODEERIE|BOTTLE CREEK|BULLDOG|BUNGAWALBIN|BUSBYS FLAT|CAMBRIDGE PLATEAU|CAMIRA|CAMIRA CREEK|CAPEEN|CAPEEN CREEK|CHATSWORTH|CLEARFIELD|CLOVER PARK|COONGBAR|CULMARAN CREEK|DEEP CREEK|DRAKE|DRAKE VILLAGE|DUCK CREEK|EWINGAR|GIBBERAGEE|GOODWOOD ISLAND|GORGE CREEK|HAYSTACK|HOGARTH RANGE|JACKSONS FLAT|JOES BOX|KEYBARBIN|KIPPENDUFF|LOUISA CREEK|LOWER BOTTLE CREEK|LOWER DUCK CREEK|LOWER PEACOCK|MALLANGANEE|MOOKIMA WYBRA|MORORO|MOUNT MARSH|MUMMULGUM|MYRTLE CREEK|OLD BONALBO|PADDYS FLAT|PAGANS FLAT|PEACOCK CREEK|PIKAPENE|PRETTY GULLY|RAPPVILLE|SANDILANDS|SIMPKINS CREEK|SIX MILE SWAMP|TABULAM|THERESA CREEK|TUNGLEBUNG|UPPER DUCK CREEK|WARREGAH ISLAND|WHIPORIE|WOOMBAH|WYAN|YABBRA"
2470,NSW,"ALICE","ALICE|BABYL CREEK|BACKMEDE|BARAIMAL|CASINO|COOLANESS|COOMBELL|DOBIES BIGHT|DOUBTFUL CREEK|DYRAABA|DYRAABA CENTRAL|DYRAABA CREEK|ELLANGOWAN|FAIRY HILL|IRVINGTON|LEEVILLE|LOWER DYRAABA|MONGOGARIE|NAUGHTONS GAP|NORTH CASINO|PIORA|SEXTONVILLE|SHANNON BROOK|SPRING GROVE|STRATHEDEN|TOMKI|UPPER MONGOGARIE|WOODVIEW|WOOLNERS ARM|WOOROOWOOLGAN|YORKLEA"
2471,NSW,"BORA RIDGE","BORA RIDGE|CODRINGTON|CORAKI|EAST CORAKI|GREEN FOREST|GREENRIDGE|NORTH WOODBURN|SWAN BAY|TATHAM|WEST BUNGAWALBIN|WEST CORAKI"
2472,NSW,"BROADWATER","BROADWATER|BUCKENDOON|ESK|KILGIN|MOONEM|NEW ITALY|RILEYS HILL|TABBIMOBLE|THE GAP|TRUSTUMS HILL|WOODBURN"
2473,NSW,"BUNDJALUNG","BUNDJALUNG|DOONBAH|EVANS HEAD|IRON GATES|SOUTH EVANS HEAD"
2474,NSW,"AFTERLEE","AFTERLEE|BARKERS VALE|BORDER RANGES|CAWONGLA|CEDAR POINT|COLLINS CREEK|COUGAL|DAIRY FLAT|EDEN CREEK|EDENVILLE|ETTRICK|FAWCETTS PLAIN|FINDON CREEK|GENEVA|GHINNI GHI|GRADYS CREEK|GREEN PIGEON|GREVILLIA|HOMELEIGH|HORSE STATION CREEK|HORSESHOE CREEK|IRON POT CREEK|KILGRA|KYOGLE|LITTLE BACK CREEK|LOADSTONE|LYNCHS CREEK|NEW PARK|OLD GREVILLIA|ROSEBERRY|ROSEBERRY CREEK|RUKENVALE|SAWPIT CREEK|SHERWOOD|SMITHS CREEK|TERRACE CREEK|THE RISK|TOONUMBAR|UNUMGAR|UPPER EDEN CREEK|UPPER HORSESHOE CREEK|WADEVILLE|WARRAZAMBIL CREEK|WEST WIANGAREE|WIANGAREE|WYNEDEN"
2475,NSW,"BEAURY CREEK","BEAURY CREEK|TOOLOOM|UPPER TOOLOOM|URBENVILLE|WALLABY CREEK"
2476,NSW,"ACACIA CREEK","ACACIA CREEK|ACACIA PLATEAU|BOOMI CREEK|BRUMBY PLAINS|KOREELAH|LEGUME|LINDESAY CREEK|LOWER ACACIA CREEK|MULI MULI|OLD KOREELAH|THE GLEN|WOODENBONG"
2477,NSW,"ALSTONVALE","ALSTONVALE|ALSTONVILLE|BAGOTVILLE|CABBAGE TREE ISLAND|DALWOOD|EAST WARDELL|GOAT ISLAND|LYNWOOD|MEERSCHAUM VALE|PEARCES CREEK|ROUS|ROUS MILL|TUCKOMBIL|URALBA|WARDELL|WOLLONGBAR"
2478,NSW,"BALLINA","BALLINA|BALLINA DC|COOLGARDIE|CUMBALUM|EAST BALLINA|EMPIRE VALE|KEITH HALL|KINVARA|LENNOX HEAD|PATCHS BEACH|PIMLICO|PIMLICO ISLAND|SKENNARS HEAD|SOUTH BALLINA|TEVEN|TINTENBAR|WEST BALLINA"
2479,NSW,"BANGALOW","BANGALOW|BINNA BURRA|BROOKLET|COOPERS SHOOT|COORABELL|FERNLEIGH|KNOCKROW|MCLEODS SHOOT|NASHUA|NEWRYBAR|POSSUM CREEK|ST HELENA"
2480,NSW,"BACK CREEK","BACK CREEK|BENTLEY|BEXHILL|BLAKEBROOK|BLUE KNOB|BOAT HARBOUR|BOOERIE CREEK|BOORABEE PARK|BOOYONG|BUNGABBEE|CANIABA|CHILCOTTS GRASS|CLOVASS|CLUNES|COFFEE CAMP|CORNDALE|DORROUGHBY|DUNGARUBBA|DUNOON|EAST LISMORE|ELTHAM|EUREKA|FEDERAL|FERNSIDE|GEORGICA|GIRARDS HILL|GOOLMANGAR|GOONELLABAH|GUNDURIMBA|HOWARDS GRASS|JIGGI|KEERRONG|KOONORIGAN|LAGOON GRASS|LARNOOK|LEYCESTER|LILLIAN ROCK|LINDENDALE|LISMORE|LISMORE DC|LISMORE HEIGHTS|LOFTVILLE|MAROM CREEK|MCKEES HILL|MCLEANS RIDGES|MISSINGHAM|MODANVILLE|MONALTRIE|MOUNTAIN TOP|NIGHTCAP|NIMBIN|NORTH LISMORE|NUMULGI|REPENTANCE CREEK|RICHMOND HILL|ROCK VALLEY|ROSEBANK|RUTHVEN|SOUTH GUNDURIMBA|SOUTH LISMORE|STEVE KINGS PLAINS|STONY CHUTE|TERANIA CREEK|THE CHANNON|TREGEAGLE|TUCKI TUCKI|TUCKURIMBA|TULLERA|TUNCESTER|TUNTABLE CREEK|TUNTABLE FALLS|UPPER COOPERS CREEK|WHIAN WHIAN|WOODLAWN|WYRALLAH"
2481,NSW,"BROKEN HEAD","BROKEN HEAD|BYRON BAY|EWINGSDALE|HAYTERS HILL|MYOCUM|SKINNERS SHOOT|SUFFOLK PARK|TALOFA|TYAGARAH"
2482,NSW,"GOONENGERRY","GOONENGERRY|HUONBROOK|KOONYUM RANGE|MAIN ARM|MONTECOLLUM|MULLUMBIMBY|MULLUMBIMBY CREEK|PALMWOODS|UPPER COOPERS CREEK|UPPER MAIN ARM|UPPER WILSONS CREEK|WANGANUI|WILSONS CREEK"
2483,NSW,"BILLINUDGEL","BILLINUDGEL|BRUNSWICK HEADS|BURRINGBAR|CRABBES CREEK|MIDDLE POCKET|MOOBALL|NEW BRIGHTON|OCEAN SHORES|SLEEPY HOLLOW|SOUTH GOLDEN BEACH|THE POCKET|UPPER BURRINGBAR|WOOYUNG|YELGUN"
2484,NSW,"BACK CREEK","BACK CREEK|BOAT HARBOUR|BRAY PARK|BRAYS CREEK|BYANGUM|BYRRILL CREEK|CEDAR CREEK|CHILLINGHAM|CHOWAN CREEK|CLOTHIERS CREEK|COMMISSIONERS CREEK|CONDONG|CRYSTAL CREEK|CUDGERA CREEK|DOON DOON|DULGUIGAN|DUM DUM|DUNBIBLE|DUNGAY|EUNGELLA|EVIRON|FARRANTS HILL|FERNVALE|HOPKINS CREEK|KIELVALE|KUNGHUR|KUNGHUR CREEK|KYNNUMBOON|LIMPINWOOD|MEBBIN|MIDGINBIL|MOUNT BURRELL|MOUNT WARNING|MURWILLUMBAH|MURWILLUMBAH DC|MURWILLUMBAH SOUTH|NOBBYS CREEK|NORTH ARM|NUMINBAH|NUNDERI|PALMVALE|PUMPENBIL|RESERVE CREEK|ROUND MOUNTAIN|ROWLANDS CREEK|SMITHS CREEK|SOUTH MURWILLUMBAH|STOKERS SIDING|TERRAGON|TOMEWIN|TYALGUM|TYALGUM CREEK|TYGALGAH|UKI|UPPER CRYSTAL CREEK|URLIUP|WARDROP VALLEY|ZARA"
2485,NSW,"TWEED HEADS","TWEED HEADS|TWEED HEADS WEST"
2486,NSW,"BANORA POINT","BANORA POINT|BILAMBIL|BILAMBIL HEIGHTS|BUNGALORA|CAROOL|COBAKI|COBAKI LAKES|DUROBY|GLENGARRIE|PIGGABEEN|TERRANORA|TWEED HEADS SOUTH|TWEED HEADS SOUTH DC|UPPER DUROBY"
2487,NSW,"CASUARINA","CASUARINA|CHINDERAH|CUDGEN|DURANBAH|FINGAL HEAD|KINGS FOREST|KINGSCLIFF|STOTTS CREEK"
2488,NSW,"BOGANGAR","BOGANGAR|CABARITA BEACH|TANGLEWOOD"
2489,NSW,"HASTINGS POINT","HASTINGS POINT|POTTSVILLE|POTTSVILLE BEACH"
2490,NSW,"NORTH TUMBULGUM","NORTH TUMBULGUM|TUMBULGUM"
2500,NSW,"CONISTON","CONISTON|GWYNNEVILLE|KEIRAVILLE|MANGERTON|MOUNT KEIRA|MOUNT SAINT THOMAS|NORTH WOLLONGONG|SPRING HILL|WEST WOLLONGONG|WOLLONGONG|WOLLONGONG DC|WOLLONGONG NORTH|WOLLONGONG WEST"
2502,NSW,"CRINGILA","CRINGILA|LAKE HEIGHTS|PRIMBEE|WARRAWONG"
2505,NSW,"KEMBLAWARRA","KEMBLAWARRA|PORT KEMBLA"
2506,NSW,"BERKELEY","BERKELEY"
2508,NSW,"COALCLIFF","COALCLIFF|DARKES FOREST|HELENSBURGH|LILYVALE|MADDENS PLAINS|OTFORD|STANWELL PARK|STANWELL TOPS|WORONORA DAM"
2515,NSW,"AUSTINMER","AUSTINMER|CLIFTON|COLEDALE|SCARBOROUGH|THIRROUL|WOMBARRA"
2516,NSW,"BULLI","BULLI|BULLI TOPS"
2517,NSW,"RUSSELL VALE","RUSSELL VALE|WOONONA|WOONONA EAST"
2518,NSW,"BELLAMBI","BELLAMBI|CORRIMAL|CORRIMAL EAST|EAST CORRIMAL|TARRAWANNA|TOWRADGI"
2519,NSW,"BALGOWNIE","BALGOWNIE|FAIRY MEADOW|FERNHILL|MOUNT OUSLEY|MOUNT PLEASANT|REIDTOWN"
2520,NSW,"WOLLONGONG","WOLLONGONG"
2522,NSW,"UNIVERSITY OF WOLLONGONG","UNIVERSITY OF WOLLONGONG"
2525,NSW,"FIGTREE","FIGTREE"
2526,NSW,"CORDEAUX","CORDEAUX|CORDEAUX HEIGHTS|FARMBOROUGH HEIGHTS|KEMBLA GRANGE|KEMBLA HEIGHTS|MOUNT KEMBLA|STREAM HILL|UNANDERRA|UNANDERRA DC"
2527,NSW,"ALBION PARK","ALBION PARK|ALBION PARK RAIL|CALDERWOOD|CROOM|NORTH MACQUARIE|TONGARRA|TULLIMBAR|YELLOW ROCK|YELLOW ROCK RIDGE"
2528,NSW,"BARRACK HEIGHTS","BARRACK HEIGHTS|BARRACK POINT|LAKE ILLAWARRA|MOUNT WARRIGAL|WARILLA|WINDANG"
2529,NSW,"BALARANG","BALARANG|BLACKBUTT|DUNMORE|FLINDERS|OAK FLATS|OAK FLATS DC|SHELL COVE|SHELLHARBOUR|SHELLHARBOUR CITY CENTRE|SHELLHARBOUR SQUARE"
2530,NSW,"AVONDALE","AVONDALE|BROWNSVILLE|CLEVELAND|DAPTO|DOMBARTON|HAYWARDS BAY|HORSLEY|HUNTLEY|KANAHOOKA|KOONAWARRA|MARSHALL MOUNT|WONGAWILLI|YALLAH"
2533,NSW,"BOMBO","BOMBO|CURRAMORE|JAMBEROO|JERRARA|KIAMA|KIAMA DOWNS|KIAMA HEIGHTS|MINNAMURRA|SADDLEBACK MOUNTAIN"
2534,NSW,"BROUGHTON VILLAGE","BROUGHTON VILLAGE|FOXGROUND|GERRINGONG|GERROA|ROSE VALLEY|TOOLIJOOA|WERRI BEACH|WILLOW VALE"
2535,NSW,"BACK FOREST","BACK FOREST|BELLAWONGARAH|BERRY|BERRY MOUNTAIN|BROGERS CREEK|BROUGHTON|BROUGHTON VALE|BUDDEROO|BUNDEWALLAH|COOLANGATTA|FAR MEADOW|JASPERS BRUSH|SHOALHAVEN HEADS|WATTAMOLLA|WOODHILL"
2536,NSW,"BATEHAVEN","BATEHAVEN|BATEMANS BAY|BENANDARAH|BIMBIMBIE|BUCKENBOWRA|CATALINA|CURROWAN|DENHAMS BEACH|DEPOT BEACH|DURRAS NORTH|EAST LYNNE|GUERILLA BAY|JEREMADRA|LILLI PILLI|LONG BEACH|MALONEYS BEACH|MALUA BAY|MERRICUMBENE|MOGO|MURRENGENBURG|NELLIGEN|NORTH BATEMANS BAY|PEBBLY BEACH|ROSEDALE|RUNNYFORD|SOUTH DURRAS|SUNSHINE BAY|SURF BEACH|SURFSIDE|WOODLANDS"
2537,NSW,"BERGALIA","BERGALIA|BINGIE|BROULEE|COILA|CONGO|DEUA|DEUA RIVER VALLEY|KIORA|MERINGO|MOGENDOURA|MORUYA|MORUYA HEADS|MOSSY POINT|TOMAKIN|TURLINJAH|TUROSS HEAD|WAMBAN"
2538,NSW,"BROOMAN","BROOMAN|LITTLE FOREST|MILTON|MOGOOD|MORTON|PORTERS CREEK|WOODBURN|WOODSTOCK"
2539,NSW,"BAWLEY POINT","BAWLEY POINT|BENDALONG|BERRINGER LAKE|BURRILL LAKE|COCKWHY|CONJOLA|CONJOLA PARK|CROOBYAR|CUNJURONG POINT|DOLPHIN POINT|FISHERMANS PARADISE|KINGS POINT|KIOLOA|LAKE CONJOLA|LAKE TABOURIE|MANYANA|MOLLYMOOK|MOLLYMOOK BEACH|MOUNT KINGIMAN|NARRAWALLEE|POINTER MOUNTAIN|PRETTY BEACH|TERMEIL|ULLADULLA|YADBORO|YATTE YATTAH"
2540,ACT,"HMAS CRESWELL","HMAS CRESWELL|JERVIS BAY|WRECK BAY"
2540,NSW,"BADAGARANG","BADAGARANG|BAMARANG|BARRINGELLA|BASIN VIEW|BEECROFT PENINSULA|BERRARA|BEWONG|BOLONG|BOOLIJAH|BREAM BEACH|BROWNS MOUNTAIN|BRUNDEE|BUANGLA|BURRIER|CALLALA BAY|CALLALA BEACH|CAMBEWARRA|CAMBEWARRA VILLAGE|COMBERTON|COMERONG ISLAND|CUDMIRRAH|CULBURRA BEACH|CURRARONG|EROWAL BAY|ETTREMA|FALLS CREEK|GREENWELL POINT|HMAS ALBATROSS|HUSKISSON|HYAMS BEACH|ILLAROO|JERRAWANGALA|KINGHORNE|LONGREACH|MAYFIELD|MEROO MEADOW|MONDAYONG|MOOLLATTOO|MUNDAMIA|MYOLA|NOWRA HILL|NOWRA NAVAL PO|NUMBAA|OLD EROWAL BAY|ORIENT POINT|PARMA|PYREE|SANCTUARY POINT|ST GEORGES BASIN|SUSSEX INLET|SWANHAVEN|TALLOWAL|TAPITALLEE|TERARA|TOMERONG|TULLARWALLA|TWELVE MILE PEG|VINCENTIA|WANDANDIAN|WATERSLEIGH|WOLLUMBOOLA|WOOLLAMIA|WORRIGEE|WORROWING HEIGHTS|WRIGHTS BEACH|YALWAL|YERRIYONG"
2541,NSW,"BANGALEE","BANGALEE|BOMADERRY|NORTH NOWRA|NOWRA|NOWRA DC|NOWRA EAST|NOWRA NORTH|SOUTH NOWRA|WEST NOWRA"
2545,NSW,"BELOWRA","BELOWRA|BODALLA|CADGEE|EUROBODALLA|NERRIGUNDAH|POTATO POINT|STONY CREEK"
2546,NSW,"AKOLELE","AKOLELE|BARRAGGA BAY|BEAUTY POINT|BERMAGUI|BERMAGUI SOUTH|CENTRAL TILBA|CORUNNA|CUTTAGEE|DALMENY|DIGNAMS CREEK|GREENDALE|KIANGA|MURRAH|MYSTERY BAY|NAROOMA|NORTH NAROOMA|TILBA TILBA|TINPOT|WADBILLIGA|WALLAGA LAKE|WALLAGA LAKE HEIGHTS"
2548,NSW,"BERRAMBOOL","BERRAMBOOL|BOURNDA|MERIMBULA|MIRADOR|TURA BEACH|YELLOW PINCH"
2549,NSW,"BALD HILLS","BALD HILLS|BROADWATER|GREIGS FLAT|LOCHIEL|MILLINGANDI|NETHERCOTE|PAMBULA|PAMBULA BEACH|SOUTH PAMBULA"
2550,NSW,"ANGLEDALE","ANGLEDALE|BEGA|BEMBOKA|BLACK RANGE|BOURNDA|BROGO|BUCKAJO|BUNGA|BURRAGATE|CANDELO|CHINNOCK|COBARGO|COOLAGOLITE|COOLANGUBRA|COOPERS GULLY|DEVILS HOLE|DOCTOR GEORGE MOUNTAIN|FROGS HOLLOW|GREENDALE|JELLAT JELLAT|KALARU|KAMERUKA|KANOONA|KINGSWOOD|MOGAREEKA|MOGILLA|MORANS CROSSING|MUMBULLA MOUNTAIN|MURRAH|MYRTLE MOUNTAIN|NELSON|NEW BUILDINGS|NUMBUGGA|PERICOE|QUAAMA|REEDY SWAMP|ROCKY HALL|SOUTH WOLUMLA|STONY CREEK|TANJA|TANTAWANGALO|TARRAGANDA|TATHRA|TOOTHDALE|TOWAMBA|VERONA|WALLAGOOT|WANDELLA|WAPENGO|WOG WOG|WOLUMLA|WYNDHAM|YAMBULLA|YANKEES CREEK|YOWRIE"
2551,NSW,"BOYDTOWN","BOYDTOWN|EDEN|EDROM|GREEN CAPE|KIAH|NADGEE|NARRABARBA|NULLICA|NUNGATTA|NUNGATTA SOUTH|TIMBILLICA|WONBOYN|WONBOYN LAKE|WONBOYN NORTH"
2555,NSW,"BADGERYS CREEK","BADGERYS CREEK"
2556,NSW,"BRADFIELD","BRADFIELD|BRINGELLY"
2557,NSW,"CATHERINE FIELD","CATHERINE FIELD|GLEDSWOOD HILLS|GREGORY HILLS|ROSSMORE"
2558,NSW,"EAGLE VALE","EAGLE VALE|ESCHOL PARK|KEARNS"
2559,NSW,"BLAIRMOUNT","BLAIRMOUNT|CLAYMORE"
2560,NSW,"AIRDS","AIRDS|AMBARVALE|APPIN|BLAIR ATHOL|BRADBURY|CAMPBELLTOWN|CAMPBELLTOWN NORTH|CATARACT|ENGLORIE PARK|GILEAD|GLEN ALPINE|KENTLYN|LEUMEAH|MACARTHUR SQUARE|ROSEMEADOW|RUSE|ST HELENS PARK|WEDDERBURN|WOODBINE"
2563,NSW,"MENANGLE PARK","MENANGLE PARK"
2564,NSW,"GLENQUARIE","GLENQUARIE|LONG POINT|MACQUARIE FIELDS"
2565,NSW,"BARDIA","BARDIA|DENHAM COURT|INGLEBURN|MACQUARIE LINKS"
2566,NSW,"BOW BOWING","BOW BOWING|MINTO|MINTO DC|MINTO HEIGHTS|RABY|ST ANDREWS|VARROVILLE"
2567,NSW,"CURRANS HILL","CURRANS HILL|HARRINGTON PARK|MOUNT ANNAN|NARELLAN|NARELLAN DC|NARELLAN VALE|SMEATON GRANGE"
2568,NSW,"MENANGLE","MENANGLE"
2569,NSW,"DOUGLAS PARK","DOUGLAS PARK"
2570,NSW,"BELIMBLA PARK","BELIMBLA PARK|BICKLEY VALE|BROWNLOW HILL|BURRAGORANG VALLEY|CAMDEN|CAMDEN PARK|CAMDEN SOUTH|CAWDOR|COBBITTY|ELDERSLIE|ELLIS LANE|GLENMORE|GRASMERE|KIRKHAM|LEFEVRES CORNER|MOUNT HUNTER|NATTAI|OAKDALE|ORAN PARK|ORANGEVILLE|SPRING FARM|THE OAKS|THERESA PARK|WEROMBI"
2571,NSW,"BALMORAL","BALMORAL|BALMORAL VILLAGE|BUXTON|COURIDJAH|MALDON|MOWBRAY PARK|PICTON|RAZORBACK|WILTON"
2572,NSW,"LAKESLAND","LAKESLAND|THIRLMERE"
2573,NSW,"TAHMOOR","TAHMOOR"
2574,NSW,"AVON","AVON|BARGO|PHEASANTS NEST|YANDERRA"
2575,NSW,"ALPINE","ALPINE|AYLMERTON|BALACLAVA|BARRALLIER|BRAEMAR|BULLIO|COLO VALE|GOODMANS FORD|HIGH RANGE|HILL TOP|JOADJA|MANDEMAR|MITTAGONG|MOUNT LINDSEY|RENWICK|WATTLE RIDGE|WELBY|WILLOW VALE|WOODLANDS|YERRINBOOL"
2576,NSW,"BONG BONG","BONG BONG|BOWRAL|BURRADOO|EAST BOWRAL|EAST KANGALOON|GLENQUARRY|KANGALOON"
2577,NSW,"AVOCA","AVOCA|BARREN GROUNDS|BARRENGARRY|BEAUMONT|BELANGLO|BENDEELA|BERRIMA|BUDGONG|BURRAWANG|CALWALLA|CANYONLEIGH|CARRINGTON FALLS|FITZROY FALLS|KANGAROO VALLEY|KNIGHTS HILL|MACQUARIE PASS|MANCHESTER SQUARE|MEDWAY|MERYLA|MOSS VALE|MOUNT MURRAY|MYRA VALE|NEW BERRIMA|PADDYS RIVER|PHEASANT GROUND|RED ROCKS|ROBERTSON|SUTTON FOREST|UPPER KANGAROO RIVER|UPPER KANGAROO VALLEY|WERAI|WILDES MEADOW|YARRUNGA"
2578,NSW,"BUNDANOON","BUNDANOON"
2579,NSW,"BIG HILL","BIG HILL|BRAYTON|EXETER|MARULAN|MARULAN SOUTH|PENROSE|TALLONG|WINGELLO"
2580,NSW,"BANNABY","BANNABY|BANNISTER|BAW BAW|BOXERS CREEK|BRISBANE GROVE|BUNGONIA|CARRICK|CHATSBURY|CURRAWANG|CURRAWEELA|GOLSPIE|GOULBURN|GOULBURN DC|GOULBURN NORTH|GREENWICH PARK|GUNDARY|JERRONG|KINGSDALE|KOMUNGLA|LAKE BATHURST|LEIGHWOOD|LOWER BORO|MAYFIELD|MCALISTER|MIDDLE ARM|MOUNT FAIRY|MOUNT RAE|MUMMEL|MYRTLEVILLE|PALING YARDS|PARKESBOURNE|POMEROY|QUIALIGO|RICHLANDS|ROSLYN|RUN-O-WATERS|SIX MILE FLAT|SPRING VALLEY|STONEQUARRY|TARAGO|TARALGA|TARLO|TIRRANNAVILLE|TOWRANG|WAYO|WIABOROUGH|WIARBOROUGH|WINDELLAMA|WOMBEYAN CAVES|WOODHOUSELEE|WOWAGIN|YALBRAITH|YARRA"
2581,NSW,"BELLMOUNT FOREST","BELLMOUNT FOREST|BEVENDALE|BIALA|BLAKNEY CREEK|BREADALBANE|BROADWAY|COLLECTOR|CULLERIN|DALTON|GUNNING|GURRUNDAH|LADE VALE|LAKE GEORGE|LERIDA|MERRILL|OOLONG|TALLAGANDA|WOLLOGORANG"
2582,NSW,"BANGO","BANGO|BERREMANGRA|BOAMBOLO|BOOKHAM|BOWNING|BURRINJUCK|CAVAN|DOG TRAP CROSSING|GOOD HOPE|GOONDAH|JEIR|JERRAWA|KANGIARA|LAVERSTOCK|MANTON|MARCHMONT|MULLION|MURRUMBATEMAN|NANANGROE|NANIMA|NARRANGULLEN|TANGMANGAROO|WEE JASPER|WOOLGARLO|YASS|YASS RIVER"
2583,NSW,"BIGGA","BIGGA|BINDA|BLANKET FLAT|BROOKLANDS|COTTAWALLA|CROOKED CORNER|CROOKWELL|FULLERTON|GLENERIN|GRABBEN GULLEN|GREENMANTLE|HADLEY|JUNCTION POINT|KEMPTON|KIALLA|LAGGAN|LIMERICK|LOST RIVER|MULGOWRIE|NARRAWA|PEELWOOD|PEJAR|RUGBY|THALABA|THIRD CREEK|TUENA|WHEEO"
2584,NSW,"BINALONG","BINALONG|ILLALONG CREEK"
2585,NSW,"GALONG","GALONG"
2586,NSW,"BOOROWA","BOOROWA|FROGMORE|GOBA CREEK|GODFREYS CREEK|KENYU|MURRINGO|REIDS FLAT|RYE PARK|TAYLORS FLAT"
2587,NSW,"AURVILLE","AURVILLE|BEGGAN BEGGAN|CUNNINGAR|DEMONDRILLE|GARANGULA|HARDEN|KINGSVALE|MCMAHONS REEF|MURRUMBURRAH|NUBBA|PRUNEVALE|WOMBAT"
2588,NSW,"CULLINGA","CULLINGA|WALLENDBEEN"
2590,NSW,"BETHUNGRA","BETHUNGRA|COOTAMUNDRA|ILLABO"
2594,NSW,"ASHVILLE","ASHVILLE|BARWANG|BERTHONG|BRIBBAREE|BULLA CREEK|BURRANGONG|KIKIAMAH|MAIMURU|MEMAGONG|MILVALE|MONTEAGLE|THUDDUNGRA|TUBBUL|WEEDALLION|YANNAWAH|YOUNG"
2600,ACT,"BARTON","BARTON|CANBERRA|CAPITAL HILL|DEAKIN|DEAKIN WEST|DUNTROON|FAIRBAIRN RAAF|HARMAN|HMAS HARMAN|PARKES|PARLIAMENT HOUSE|RUSSELL|RUSSELL HILL|YARRALUMLA"
2601,ACT,"ACTON","ACTON|BLACK MOUNTAIN|CANBERRA|CITY"
2602,ACT,"AINSLIE","AINSLIE|DICKSON|DOWNER|HACKETT|LYNEHAM|O'CONNOR|WATSON"
2603,ACT,"FORREST","FORREST|GRIFFITH|MANUKA|RED HILL"
2604,ACT,"CAUSEWAY","CAUSEWAY|KINGSTON|NARRABUNDAH"
2605,ACT,"CURTIN","CURTIN|GARRAN|HUGHES"
2606,ACT,"CHIFLEY","CHIFLEY|LYONS|O'MALLEY|PHILLIP|PHILLIP DC|SWINGER HILL|WODEN"
2607,ACT,"FARRER","FARRER|ISAACS|MAWSON|PEARCE|TORRENS"
2608,ACT,"CIVIC SQUARE","CIVIC SQUARE"
2609,ACT,"CANBERRA AIRPORT","CANBERRA AIRPORT|CANBERRA INTERNATIONAL AIRPORT|FYSHWICK|MAJURA|PIALLIGO|SYMONSTON"
2610,ACT,"CANBERRA BC","CANBERRA BC|CANBERRA MC"
2611,ACT,"CHAPMAN","CHAPMAN|COOMBS|COREE|DENMAN PROSPECT|DUFFY|FISHER|HOLDER|MOLONGLO|MOUNT STROMLO|PIERCES CREEK|RIVETT|STIRLING|STROMLO|URIARRA FOREST|URIARRA VILLAGE|WARAMANGA|WESTON|WESTON CREEK|WHITLAM|WRIGHT"
2611,NSW,"BIMBERI","BIMBERI|BRINDABELLA|COOLEMAN|URIARRA"
2612,ACT,"BRADDON","BRADDON|CAMPBELL|REID|TURNER"
2614,ACT,"ARANDA","ARANDA|COOK|HAWKER|JAMISON CENTRE|MACQUARIE|PAGE|SCULLIN|WEETANGERA"
2615,ACT,"CHARNWOOD","CHARNWOOD|DUNLOP|FLOREY|FLYNN|FRASER|HIGGINS|HOLT|KIPPAX|KIPPAX CENTRE|LATHAM|MACGREGOR|MACNAMARA|MELBA|SPENCE|STRATHNAIRN"
2616,ACT,"BELCONNEN","BELCONNEN"
2617,ACT,"BELCONNEN","BELCONNEN|BELCONNEN DC|BRUCE|EVATT|GIRALANG|KALEEN|LAWSON|MCKELLAR|UNIVERSITY OF CANBERRA"
2618,ACT,"HALL","HALL"
2618,NSW,"SPRINGRANGE","SPRINGRANGE|WALLAROO"
2619,NSW,"JERRABOMBERRA","JERRABOMBERRA"
2620,ACT,"BEARD","BEARD|BOOTH|HUME|KOWEN|KOWEN FOREST|OAKS ESTATE|PADDYS RIVER|TENNENT|THARWA|TOP NAAS|WILLIAMSDALE"
2620,NSW,"BURBONG","BURBONG|BURRA|CARWOOLA|CLEAR RANGE|CRESTWOOD|DODSWORTH|ENVIRONA|GOOGONG|GREENLEIGH|GUNDAROO|KARABAR|LETCHWORTH|MICHELAGO|QUEANBEYAN|QUEANBEYAN DC|QUEANBEYAN EAST|QUEANBEYAN WEST|RIDGEWAY|ROYALLA|SUTTON|THE ANGLE|THE RIDGEWAY|TINDERRY|TRALEE|URILA|WAMBOIN|YARROW"
2621,NSW,"ANEMBO","ANEMBO|BUNGENDORE|BYWONG|FORBES CREEK|HOSKINSTOWN|PRIMROSE VALLEY|ROSSI"
2622,NSW,"ARALUEN","ARALUEN|ARALUEN NORTH|BACK CREEK|BALLALABA|BENDOURA|BERLANG|BOMBAY|BORO|BRAIDWOOD|BUDAWANG|BULEE|CHARLEYS FOREST|COOLUMBURRA|CORANG|DURRAN DURRA|ENDRICK|FARRINGDON|GUNDILLION|HAROLDS CROSS|HEREFORD HALL|JEMBAICUMBENE|JERRABATTCULLA|JERRABATTGULLA|JINDEN|JINGERA|KAIN|KINDERVALE|KRAWARREE|LARBERT|MAJORS CREEK|MANAR|MARLOWE|MERRICUMBENE|MONGA|MONGARLOWE|MULLOON|MURRENGENBURG|NERINGLA|NERRIGA|NORTHANGERA|OALLEN|ORANMEIR|PALERANG|QUIERA|REIDSDALE|SASSAFRAS|SNOWBALL|ST GEORGE|TIANJARA|TOLWONG|TOMBOYE|TOUGA|WARRI|WOG WOG|WYANBENE"
2623,NSW,"CAPTAINS FLAT","CAPTAINS FLAT"
2624,NSW,"BLUE COW","BLUE COW|CHARLOTTE PASS|CHARLOTTES PASS|GUTHEGA|KOSCIUSKO|MUNYANG|PERISHER VALLEY|SMIGGIN HOLES|WILSONS VALLEY"
2625,NSW,"THREDBO","THREDBO|THREDBO VILLAGE"
2626,NSW,"BREDBO","BREDBO|BUMBALONG|COLINTON"
2627,NSW,"BULLOCKS FLAT","BULLOCKS FLAT|BURRUNGUBUGGE|CRACKENBACK|CREEL BAY|EAST JINDABYNE|GROSSES PLAIN|GUNGARLIN|INGEBIRAH|INGEBYRA|INGEEGOODBEE|JACOBS RIVER|JINDABYNE|KALKITE|KOSCIUSKO|KOSCIUSKO NATIONAL PARK|KOSCIUSZKO|KOSCIUSZKO NATIONAL PARK|LOWER THREDBO|MOONBAH|NGARIGO|PILOT WILDERNESS|SAWPIT CREEK"
2628,NSW,"AVONSIDE","AVONSIDE|BELOKA|BERRIDALE|BRAEMAR BAY|BYADBO WILDERNESS|COOTRALANTRA|DALGETY|EUCUMBENE|HILL TOP|JIMENBUEN|LOWER EUCEMBENE|NIMMO|NUMBLA VALE|PAUPONG|ROCKY PLAIN|SNOWY PLAIN"
2629,NSW,"ADAMINABY","ADAMINABY|ANGLERS REACH|BOLARO|BROKEN DAM|CABRAMURRA|GOOANDRA|KIANDRA|LONG PLAIN|NUNGAR|OLD ADAMINABY|PROVIDENCE PORTAL|TANTANGARA|TOLBAR|YAOUK"
2630,NSW,"ARABLE","ARABLE|BADJA|BILLILINGRA|BINJURA|BOBUNDARA|BUCKENDERRA|BUNGARBY|BUNYAN|CARLAMINDA|CHAKOLA|COOLRINGDON|COOMA|COOMA NORTH|COONERANG|COUNTEGANY|DAIRYMANS PLAINS|DANGELONG|DRY PLAIN|FRYING PAN|GLEN FERGUS|IRONMUNGY|JERANGLE|JIMENBUEN|LONG PLAIN|MAFFRA|MIDDLE FLAT|MIDDLINGBANK|MURRUMBUCCA|MYALLA|NIMMO|NUMERALLA|PEAK VIEW|PINE VALLEY|POLO FLAT|RHINE FALLS|ROCK FLAT|ROSE VALLEY|SHANNONS FLAT|SPRINGFIELD|THE BROTHERS|TUROSS|WAMBROOK"
2631,NSW,"ANDO","ANDO|BOCCI|BOCO|CREEWAH|GLEN ALLEN|GREENLANDS|HOLTS FLAT|JIMCUMBILLY|JINCUMBILLY|KYBEYAN|MOUNT COOPER|NIMMITABEL|STEEPLE FLAT|WINIFRED"
2632,NSW,"BIBBENLUKE","BIBBENLUKE|BOMBALA|BONDI FOREST|BUKALONG|CAMBALONG|CATHCART|COOLUMBOOKA|CRAIGIE|GUNNINGRAH|LORDS HILL|MERRIANGAAH|MILA|MOUNT DARRAGH|NUNGATTA|PADDYS FLAT|PALARANG|QUIDONG|ROCKTON|ROSEMEATH"
2633,NSW,"CORROWONG","CORROWONG|DELEGATE|TOMBONG"
2640,NSW,"ALBURY","ALBURY|BUNGOWANNAH|EAST ALBURY|ETTAMOGAH|GLENROY|LAVINGTON DC|MOORWATHA|NORTH ALBURY|OURNIE|SOUTH ALBURY|SPLITTERS CREEK|TABLE TOP|TALMALMO|THURGOONA|WEST ALBURY|WIRLINGA|WYMAH"
2641,NSW,"HAMILTON VALLEY","HAMILTON VALLEY|LAVINGTON|LAVINGTON DC|SPRINGDALE HEIGHTS"
2642,NSW,"BIDGEEMIA","BIDGEEMIA|BROCKLESBY|BURRUMBUTTOCK|GEEHI|GEROGERY|GLENELLEN|GREG GREG|INDI|JAGUMBA|JAGUNGAL WILDERNESS|JINDERA|JINGELLIC|KHANCOBAN|MURRAY GORGE|RAND|TOOMA|WALBUNDRIE|WELAREGANG|WRATHALL|YERONG CREEK"
2643,NSW,"HOWLONG","HOWLONG"
2644,NSW,"BOWNA","BOWNA|COPPABELLA|HOLBROOK|LANKEYS CREEK|LITTLE BILLABONG|MOUNTAIN CREEK|MULLENGANDRA|WANTAGONG|WOOMARGAMA|YARARA"
2645,NSW,"COONONG","COONONG|CULLIVEL|URANA|YULUMA"
2646,NSW,"BALLDALE","BALLDALE|BULL PLAIN|BURAJA|COADS TANK|COLLENDINA|COREEN|COROWA|DAYSDALE|GOOMBARGANA|HOPEFIELD|LOWESDALE|MERTON VALE|NYORA|OAKLANDS|REDLANDS|RENNIE|RINGWOOD|SANGER|SAVERNAKE"
2647,NSW,"MULWALA","MULWALA"
2648,NSW,"ANABRANCH NORTH","ANABRANCH NORTH|ANABRANCH SOUTH|BOEILL CREEK|CAL LAL|CURLWAA|ELLERSLIE|MOORARA|MOURQUONG|PALINYEWAH|PAN BAN|PARA|PINE CAMP|POMONA|POONCARIE|RUFUS|RUFUS RIVER|SCOTIA|WENTWORTH"
2649,NSW,"LAUREL HILL","LAUREL HILL|NURENMERENMONG"
2650,NSW,"ALFREDTOWN","ALFREDTOWN|ASHMONT|BELFRAYDEN|BERRY JERRY|BIG SPRINGS|BOMEN|BOOK BOOK|BOOROOMA|BORAMBOLA|BOURKELANDS|BRUCEDALE|BULGARY|BURRANDANA|CARABOST|CARTWRIGHTS HILL|COLLINGULLIE|COOKARDINIA|COURSING PARK|CURRAWANANNA|CURRAWARNA|DHULURA|DOWNSIDE|EAST WAGGA WAGGA|ESTELLA|EUBERTA|EUNANOREENYA|EUNONOREENYA|GALORE|GELSTON PARK|GLENFIELD PARK|GOBBAGOMBALIN|GREGADOO|HAREFIELD|HILLGROVE|KOORINGAL|KYEAMBA|LAKE ALBERT|LLOYD|MAXWELL|MOORONG|MOUNT AUSTIN|NORTH WAGGA WAGGA|OBERNE CREEK|OURA|PULLETOP|ROWAN|SAN ISIDORE|SPRINGVALE|TATTON|THE GAP|TOLLAND|TURVEY PARK|WAGGA WAGGA|WAGGA WAGGA BC|WAGGA WAGGA NORTH|WAGGA WAGGA SOUTH|WALLACETOWN|WANTABADGERY|WESTBY|WESTDALE|YARRAGUNDRY|YATHELLA"
2651,NSW,"FOREST HILL","FOREST HILL|WAGGA WAGGA RAAF"
2652,NSW,"BOORGA","BOORGA|BOREE CREEK|COWABBIE|GALORE|GOOLGOWI|GRONG GRONG|GUMLY GUMLY|HUMULA|LADYSMITH|LANDERVALE|MANGOPLAH|MARRAR|MATONG|MERRIWAGGA|MURRULEBALE|OBERNE|OLD JUNEE|ROSEWOOD|TABBITA|TARCUTTA|URANQUINTY"
2653,NSW,"BURRA","BURRA|COURABYRA|GLENROY|MANNUS|MARAGLE|MUNDEROO|PADDYS RIVER|TARADALE|TUMBARUMBA|WESTDALE|WILLIGOBUNG"
2655,NSW,"BIRDLIP","BIRDLIP|FRENCH PARK|KUBURA|THE ROCK|TOOTOOL"
2656,NSW,"BROOKDALE","BROOKDALE|BROOKONG|FARGUNYAH|LOCKHART|MILBRULONG|OSBORNE|URANGELINE|URANGELINE EAST"
2658,NSW,"GRUBBEN","GRUBBEN|HENTY|MUNYABLA|PLEASANT HILLS|RYAN"
2659,NSW,"ALMA PARK","ALMA PARK|WALLA WALLA"
2660,NSW,"CARNSDALE","CARNSDALE|CULCAIRN|MORVEN"
2661,NSW,"KAPOOKA","KAPOOKA"
2663,NSW,"BUNDURE","BUNDURE|COOBA|COWABBIE|ERIN VALE|EURONGILLY|JUNEE|LANDERVALE|MARINNA|WANTIOOL"
2665,NSW,"ARDLETHAN","ARDLETHAN|ARIAH PARK|BARELLAN|BECKOM|BECTRIC|BINYA|KAMARAH|MIRROOL|MOOMBOOLDOOL|MOUNT CRYSTAL|QUANDARY|TARA|WALLEROOBIE"
2666,NSW,"COMBANING","COMBANING|DIRNASEER|GIDGINBUNG|GROGAN|JUNEE REEFS|MIMOSA|MORANGARELL|NARRABURRA|PUCAWAN|QUANDARY|REEFTON|SEBASTOPOL|SPRINGDALE|TEMORA|TRUNGLEY HALL"
2668,NSW,"BARMEDMAN","BARMEDMAN"
2669,NSW,"BYGALORIE","BYGALORIE|ERIGOLIA|GIRRAL|GUBBATA|KIKOIRA|MELBERGEN|NARADHAN|NORTH YALGOGRIN|RANKINS SPRINGS|TALLIMBA|TULLIBIGEAL|UNGARIE|WEETHALLE|WEJA|YADDRA"
2671,NSW,"ALLEENA","ALLEENA|BACK CREEK|BURCHER|LAKE COWAL|NORTH YALGOGRIN|WEST WYALONG|WYALONG"
2672,NSW,"BURGOONEY","BURGOONEY|CURLEW WATERS|LAKE CARGELLIGO|MURRIN BRIDGE|WARGAMBEGAL"
2675,NSW,"HILLSTON","HILLSTON|LAKE BREWSTER|MONIA GAP|ROTO|WALLANTHERY|WHITE TOP"
2678,NSW,"CHARLES STURT UNIVERSITY","CHARLES STURT UNIVERSITY|RIVERINA MC|RIVERINA MSC"
2680,NSW,"BEELBANGERA","BEELBANGERA|BENEREMBAH|BILBUL|GRIFFITH|GRIFFITH DC|GRIFFITH EAST|HANWOOD|KOOBA|LAKE WYANGAN|NERICON|THARBOGANG|WARBURN|WARRAWIDGEE|WIDGELLI|WILLBRIGGIE|YOOGALI"
2681,NSW,"MYALL PARK","MYALL PARK|YENDA"
2700,NSW,"BIRREGO","BIRREGO|BUNDURE|COLINROOBIE|COROBIMILLA|CUDGEL|EUROLEY|FAITHFULL|GILLENBAH|KYWONG|MORUNDAH|NARRANDERA|PAYNTERS SIDING|SANDIGO|UROLY|WIDGIEWA"
2701,NSW,"BERRY JERRY","BERRY JERRY|COOLAMON|METHUL|RANNOCK|TOOYAL"
2702,NSW,"GANMAIN","GANMAIN"
2703,NSW,"YANCO","YANCO"
2705,NSW,"BROBENAH","BROBENAH|CALORAFIELD|CORBIE HILL|GOGELDRIE|LEETON|MERUNGLE HILL|MURRAMI|STANBRIDGE|WAMOON|WHITTON"
2706,NSW,"DARLINGTON POINT","DARLINGTON POINT"
2707,NSW,"ARGOON","ARGOON|COLEAMBALLY"
2708,NSW,"ALBURY MSC","ALBURY MSC|MURRAY REGION MC"
2710,NSW,"BARRATTA","BARRATTA|BENARCA|BIRGANBIGIL|BOOROORBAN|BRASSI|BULLATALE|CALDWELL|CALIMO|CONARGO|COREE|CORNALLA|DENILIQUIN|DENILIQUIN NORTH|GULPA|HARTWOOD|HILL PLAIN|JIMARINGLE|LINDIFFERON|MATHOURA|MAYRUNG|MOIRA|MOONAHCULLAH|MOONBRIA|MORAGO|PRETTY PINE|STEAM PLAINS|STUD PARK|WAKOOL|WANDOOK|WANGANELLA|WARRAGOON|WILLURAH|YALLAKOOL"
2711,NSW,"BOOLIGAL","BOOLIGAL|CARRATHOOL|CLARE|CORRONG|GUNBAR|HAY|HAY SOUTH|KERI KERI|MAUDE|ONE TREE|OXLEY|WAUGORAH|YANGA"
2712,NSW,"BERRIGAN","BERRIGAN|BOOMANOOMANA"
2713,NSW,"BLIGHTY","BLIGHTY|FINLEY|LOGIE BRAE|MYRTLE PARK|RETREAT"
2714,NSW,"ARATULA","ARATULA|PINE LODGE|TOCUMWAL|TUPPAL"
2715,NSW,"ARUMPO","ARUMPO|BALRANALD|HATFIELD|KYALITE|MUNGO|PENARIE|THE VALE"
2716,NSW,"COREE SOUTH","COREE SOUTH|FOUR CORNERS|GALA VALE|JERILDERIE|MABINS WELL|MAIRJIMMY"
2717,NSW,"COOMEALLA","COOMEALLA|DARETON"
2720,NSW,"ARGALONG","ARGALONG|BLOWERING|BOGONG PEAKS WILDERNESS|BOMBOWLEE|BOMBOWLEE CREEK|BUDDONG|COURAGAGO|COURAJAGO|GADARA|GILMORE|GOCUP|GOOBARRAGANDRA|JONES BRIDGE|KILLIMICAT|LACMALAC|LITTLE RIVER|MIDWAY|MINJARY|MUNDONGO|PINBEYAN|RED HILL|TALBINGO|TUMORRAMA|TUMUT|TUMUT PLAINS|WEREBOLDERA|WERMATONG|WINDOWIE|WYANGLE|YARRANGOBILLY"
2721,NSW,"BLAND","BLAND|QUANDIALLA"
2722,NSW,"BONGALONG","BONGALONG|BONGONGALONG|BRUNGLE|BRUNGLE CREEK|BURRA|BURRA CREEK|DARBALARA|EDWARDSTOWN|GUNDAGAI|JACKALASS|JONES CREEK|MUTTAMA|NANGUS|RENO|SOUTH GUNDAGAI|TARRABANDRA|WAGRAGOBILLY|WILLIE PLOMA"
2725,NSW,"STOCKINBINGAL","STOCKINBINGAL"
2726,NSW,"BUNDARBO","BUNDARBO|COONEYS CREEK|JUGIONG"
2727,NSW,"ADJUNGBILLY","ADJUNGBILLY|COOLAC|GOBARRALONG|MINGAY"
2729,NSW,"ADELONG","ADELONG|BACK CREEK|BANGADANG|BLACK CREEK|CALIFAT|COOLEYS CREEK|DARLOW|ELLERSLIE|GRAHAMSTOWN|MOUNT ADRAH|MOUNT HOREB|MUNDARLO|SANDY GULLY|SHARPS CREEK|THE GROVE|TUMBLONG|WESTWOOD|WONDALGA|YAVEN CREEK"
2730,NSW,"BAGO","BAGO|BATLOW|GREEN HILLS|KUNAMA|LOWER BAGO"
2731,NSW,"BUNNALOO","BUNNALOO|MOAMA|TANTONAN|THYRA|WOMBOOTA"
2732,NSW,"BARHAM","BARHAM|BURRABOI|COBRAMUNGA|GONN|NOORONG|THULE|TULLAKOOL"
2733,NSW,"DHURAGOON","DHURAGOON|MOULAMEIN|NIEMUR|PEREKERTEN"
2734,NSW,"COOBOOL","COOBOOL|CUNNINYEUK|DILPURRA|KYALITE|MALLAN|MELLOOL|MOOLPA|MURRAY DOWNS|NACURRIE|SPEEWA ISLAND|STONY CROSSING|TOORANIE|TUELOGA|WETUPPA"
2735,NSW,"KORALEIGH","KORALEIGH|SPEEWA"
2736,NSW,"GOODNIGHT","GOODNIGHT|TOOLEYBUC"
2737,NSW,"BENANEE","BENANEE|EUSTON"
2738,NSW,"GOL GOL","GOL GOL|MALLEE|MONAK|PARINGI|TRENTHAM CLIFFS"
2739,NSW,"BOEILL CREEK","BOEILL CREEK|BURONGA|MOURQUONG"
2745,NSW,"GLENMORE PARK","GLENMORE PARK|GREENDALE|LUDDENHAM|MULGOA|REGENTVILLE|WALLACIA"
2747,NSW,"CADDENS","CADDENS|CAMBRIDGE GARDENS|CAMBRIDGE PARK|CLAREMONT MEADOWS|JORDAN SPRINGS|KINGSWOOD|LLANDILO|SHANE PARK|SHANES PARK|WERRINGTON|WERRINGTON COUNTY|WERRINGTON DOWNS"
2748,NSW,"ORCHARD HILLS","ORCHARD HILLS"
2749,NSW,"CASTLEREAGH","CASTLEREAGH|CRANEBROOK"
2750,NSW,"EMU HEIGHTS","EMU HEIGHTS|EMU PLAINS|JAMISONTOWN|LEONAY|PENRITH|PENRITH PLAZA|PENRITH SOUTH|SOUTH PENRITH"
2751,NSW,"PENRITH","PENRITH"
2752,NSW,"BRERETON","BRERETON|SILVERDALE|WARRAGAMBA"
2753,NSW,"AGNES BANKS","AGNES BANKS|BOWEN MOUNTAIN|GROSE VALE|GROSE WOLD|HOBARTVILLE|LONDONDERRY|RICHMOND|RICHMOND LOWLANDS|YARRAMUNDI"
2754,NSW,"NORTH RICHMOND","NORTH RICHMOND|TENNYSON|THE SLOPES"
2756,NSW,"BLIGH PARK","BLIGH PARK|CATTAI|CENTRAL COLO|CLARENDON|COLO|COLO HEIGHTS|CORNWALLIS|CUMBERLAND REACH|EBENEZER|FREEMANS REACH|GLOSSODIA|LEETS VALE|LOWER PORTLAND|MAROOTA|MCGRATHS HILL|MELLONG|MULGRAVE|PITT TOWN|PITT TOWN BOTTOMS|SACKVILLE|SACKVILLE NORTH|SCHEYVILLE|SOUTH MAROOTA|SOUTH WINDSOR|UPPER COLO|WILBERFORCE|WINDSOR|WINDSOR DOWNS|WOMERAH"
2757,NSW,"KURMOND","KURMOND"
2758,NSW,"BERAMBING","BERAMBING|BILPIN|BLAXLANDS RIDGE|EAST KURRAJONG|KURRAJONG|KURRAJONG HEIGHTS|KURRAJONG HILLS|MOUNT TOMAH|MOUNTAIN LAGOON|THE DEVILS WILDERNESS|WHEENY CREEK"
2759,NSW,"ERSKINE PARK","ERSKINE PARK|ST CLAIR"
2760,NSW,"COLYTON","COLYTON|NORTH ST MARYS|OXLEY PARK|ROPES CROSSING|ST MARYS|ST MARYS EAST|ST MARYS SOUTH"
2761,NSW,"COLEBEE","COLEBEE|DEAN PARK|GLENDENNING|GLENDENNING DC|HASSALL GROVE|OAKHURST|PLUMPTON"
2762,NSW,"SCHOFIELDS","SCHOFIELDS|TALLAWONG"
2763,NSW,"ACACIA GARDENS","ACACIA GARDENS|NIRIMBA FIELDS|QUAKERS HILL"
2765,NSW,"ANGUS","ANGUS|BERKSHIRE PARK|BOX HILL|GABLES|GRANTHAM FARM|MARAYLYA|MARSDEN PARK|MELONBA|NELSON|OAKVILLE|RICHARDS|RIVERSTONE|VINEYARD"
2766,NSW,"EASTERN CREEK","EASTERN CREEK|ROOTY HILL"
2767,NSW,"BUNGARRIBEE","BUNGARRIBEE|DOONSIDE|WOODCROFT"
2768,NSW,"GLENWOOD","GLENWOOD|PARKLEA|STANHOPE GARDENS"
2769,NSW,"THE PONDS","THE PONDS"
2770,NSW,"BIDWILL","BIDWILL|BLACKETT|DHARRUK|EMERTON|HEBERSHAM|LETHBRIDGE PARK|MINCHINBURY|MOUNT DRUITT|MOUNT DRUITT VILLAGE|SHALVEY|TREGEAR|WHALAN|WILLMOT"
2773,NSW,"GLENBROOK","GLENBROOK|LAPSTONE"
2774,NSW,"BLAXLAND","BLAXLAND|BLAXLAND EAST|MOUNT RIVERVIEW|WARRIMOO"
2775,NSW,"CENTRAL MACDONALD","CENTRAL MACDONALD|FERNANCES|GUNDERMAN|HIGHER MACDONALD|LAUGHTONDALE|LEETS VALE|LOWER HAWKESBURY|LOWER MACDONALD|MARLOW|MOGO CREEK|PERRYS CROSSING|SINGLETONS MILL|SPENCER|ST ALBANS|UPPER MACDONALD|WEBBS CREEK|WISEMANS FERRY|WRIGHTS CREEK"
2776,NSW,"FAULCONBRIDGE","FAULCONBRIDGE"
2777,NSW,"HAWKESBURY HEIGHTS","HAWKESBURY HEIGHTS|SPRINGWOOD|SUN VALLEY|VALLEY HEIGHTS|WINMALEE|YELLOW ROCK"
2778,NSW,"LINDEN","LINDEN|WOODFORD"
2779,NSW,"HAZELBROOK","HAZELBROOK"
2780,NSW,"KATOOMBA","KATOOMBA|KATOOMBA DC|LEURA|MEDLOW BATH|YOSEMITE"
2782,NSW,"KEDUMBA","KEDUMBA|WENTWORTH FALLS"
2783,NSW,"LAWSON","LAWSON"
2784,NSW,"BULLABURRA","BULLABURRA"
2785,NSW,"BLACKHEATH","BLACKHEATH|MEGALONG|MEGALONG VALLEY|SHIPLEY"
2786,NSW,"BELL","BELL|DARGAN|MOUNT IRVINE|MOUNT VICTORIA|MOUNT WILSON"
2787,NSW,"BELOON","BELOON|BIMLOW|BINDOOK|BLACK SPRINGS|BRERETON|CHATHAM VALLEY|DUCKMALOI|EDITH|ESSINGTON|GINGKIN|GURNANG|HAZELGROVE|JAUNTER|JOORILAND|KANANGRA|KEDUMBA|KOWMUNG|MAYFIELD|MOUNT OLIVE|MOUNT WERONG|MOZART|NORWAY|OBERON|PORTERS RETREAT|SHOOTERS HILL|TARANA|THE MEADOWS|YERRANDERIE"
2790,NSW,"BEN BULLEN","BEN BULLEN|BLACKMANS FLAT|BOWENFELS|CLARENCE|COBAR PARK|CORNEY TOWN|CULLEN BULLEN|DOCTORS GAP|GANBENANG|GOOD FOREST|HAMPTON|HARTLEY|HARTLEY VALE|HASSANS WALLS|HERMITAGE FLAT|JENOLAN|JENOLAN CAVES|KANIMBLA|LIDSDALE|LITHGOW|LITHGOW DC|LITTLE HARTLEY|LITTLETON|LOWTHER|MARRANGAROO|MCKELLARS PARK|MORTS ESTATE|MOUNT LAMBIE|NEWNES|NEWNES PLATEAU|OAKEY PARK|OAKY PARK|POTTERY ESTATE|RYDAL|SHEEDYS GULLY|SODWALLS|SOUTH BOWENFELS|SOUTH LITTLETON|SPRINGVALE|STATE MINE GULLY|VALE OF CLWYDD|WOLGAN VALLEY|WOLLANGAMBE"
2791,NSW,"CARCOAR","CARCOAR|ERROWANBANG"
2792,NSW,"BURNT YARDS","BURNT YARDS|MANDURAMA"
2793,NSW,"DARBYS FALLS","DARBYS FALLS|MOUNT MCDONALD|ROSEBERG|WOODSTOCK"
2794,NSW,"BUMBALDRY","BUMBALDRY|COWRA|HOVELLS CREEK|MOUNT COLLINS|NOONBINNA|WATTAMONDARA|WESTVILLE"
2795,NSW,"ABERCROMBIE","ABERCROMBIE|ABERCROMBIE RIVER|ARKELL|ARKSTONE|BALD RIDGE|BALLYROE|BATHAMPTON|BATHURST|BATHURST WEST|BILLYWILLINGA|BOX RIDGE|BREWONGLE|BRUINBUN|BURRAGA|CALOOLA|CHARLES STURT UNIVERSITY|CHARLTON|CLEAR CREEK|COLO|COPPERHANNIA|COW FLAT|CRUDINE|CURRAGH|DARK CORNER|DOG ROCKS|DUNKELD|DURAMANA|EGLINTON|ESSINGTON|EVANS PLAINS|FITZGERALDS VALLEY|FOREST GROVE|FOSTERS VALLEY|FREEMANTLE|GARTHOWEN|GEMALLA|GEORGES PLAINS|GILMANDYKE|GLANMIRE|GORMANS HILL|GOWAN|HOBBYS YARDS|ISABELLA|JEREMY|JUDDS CREEK|KELSO|KILLONGBUTTA|KIRKCONNELL|LAFFING WATERS|LIMEKILNS|LLANARTH|LOCKSLEY|MEADOW FLAT|MILKERS FLAT|MILLAH MURRAH|MITCHELL|MOORILDA|MOUNT DAVID|MOUNT PANORAMA|MOUNT RANKIN|NAPOLEON REEF|NEWBRIDGE|O'CONNELL|OCONNELL|ORTON PARK|PALING YARDS|PALMERS OAKY|PEEL|PERTHVILLE|RAGLAN|ROBIN HILL|ROCK FOREST|ROCKLEY|ROCKLEY MOUNT|SOFALA|SOUTH BATHURST|STEWARTS MOUNT|SUNNY CORNER|TAMBAROORA|TANNAS MOUNT|THE LAGOON|THE ROCKS|TRIANGLE FLAT|TRUNKEY|TRUNKEY CREEK|TURONDALE|TWENTY FORESTS|UPPER TURON|WALANG|WAMBOOL|WATTLE FLAT|WATTON|WEST BATHURST|WHITE ROCK|WIAGDON|WIMBLEDON|WINBURNDALE|WINDRADYNE|WISEMANS CREEK|YARRAS|YETHOLME"
2797,NSW,"GARLAND","GARLAND|LYNDHURST"
2798,NSW,"BENEREE","BENEREE|BYNG|FLYERS CREEK|FOREST REEFS|GUYONG|MILLTHORPE|SPRING TERRACE|TALLWOOD"
2799,NSW,"BARRY","BARRY|BLAYNEY|BROWNS CREEK|FITZGERALDS MOUNT|KINGS PLAINS|NEVILLE|VITTORIA"
2800,NSW,"AMMERDOWN","AMMERDOWN|BELGRAVIA|BLETCHINGTON|BLOOMFIELD|BOREE|BORENORE|BOWEN|BYNG|CADIA|CALARE|CANOBOLAS|CARGO|CHEESEMANS CREEK|CLERGATE|CLIFTON GROVE|CRANBURY|CULLYA|EMU SWAMP|FOUR MILE CREEK|GLENROI|HUNTLEY|KALEENTHA|KANGAROOBIE|KERRS CREEK|LEWIS PONDS|LIDSTER|LONG POINT|LOWER LEWIS PONDS|LUCKNOW|MARCH|MULLION CREEK|NARRAMBLA|NASHDALE|OPHIR|ORANGE|ORANGE DC|ORANGE EAST|ORANGE MOULDER STREET|PANUARA|PINNACLE|SHADFORTH|SPRING CREEK|SPRING HILL|SPRINGSIDE|SUMA PARK|SUMMER HILL|SUMMER HILL CREEK|TOWAC|WALDEGRAVE|WARRENDINE|WINDERA"
2803,NSW,"BENDICK MURRELL","BENDICK MURRELL|CROWTHER|WIRRIMAH"
2804,NSW,"BILLIMARI","BILLIMARI|BURDETT|CANOWINDRA|MOORBEL|NYRANG CREEK"
2805,NSW,"GOOLOOGONG","GOOLOOGONG"
2806,NSW,"EUGOWRA","EUGOWRA|NANAMI|TRAJERE"
2807,NSW,"KOORAWATHA","KOORAWATHA"
2808,NSW,"WYANGALA","WYANGALA"
2809,NSW,"GREENETHORPE","GREENETHORPE"
2810,NSW,"BIMBI","BIMBI|CARAGABAL|GLENELG|GRENFELL|PINEY RANGE|PINNACLE|PULLABOOKA|WARRADERRY"
2817,NSW,"TONDERBURINE","TONDERBURINE|TOORAWEENAH"
2818,NSW,"BENOLONG","BENOLONG|GEURIE|PONTO|TERRABELLA"
2820,NSW,"APSLEY","APSLEY|ARTHURVILLE|BAKERS SWAMP|BODANGORA|COMOBELLA|CURRA CREEK|DRIPSTONE|FARNHAM|GOLLAN|LAKE BURRENDONG|MARYVALE|MEDWAY|MONTEFIORES|MOOKERAWA|MOUNT AQUILA|MOUNT ARTHUR|MUMBIL|NANIMA|NEUREA|NORTH YEOVAL|SPICERS CREEK|STUART TOWN|SUNTOP|WALMER|WELLINGTON|WUULUMAN|YARRAGAL"
2821,NSW,"BURROWAY","BURROWAY|NARROMINE|WYANGA"
2822,NSW,"BALLADORAN","BALLADORAN|EUMUNGERIE"
2823,NSW,"BUNDEMAR","BUNDEMAR|CATHUNDRAL|DANDALOO|GIN GIN|TRANGIE"
2824,NSW,"BEEMUNNEL","BEEMUNNEL|BULLAGREEN|EENAWEENA|MARTHAGUY|MOUNT FOSTER|MOUNT HARRIS|MUMBLEBONE PLAIN|OXLEY|PIGEONBAH|PINE CLUMP|RAVENSWOOD|RED HILL|SNAKES PLAIN|TENANDRA|WARREN"
2825,NSW,"BABINDA","BABINDA|BOGAN|BUDDABADAH|CANONBA|HONEYBUGLE|MIANDETTA|MULLA|MULLENGUDGERY|MURRAWOMBIE|NYNGAN|PANGEE|WARRIGAL"
2826,NSW,"BOGAN","BOGAN|NEVERTIRE"
2827,NSW,"BEARBONG","BEARBONG|BIDDON|BREELONG|COLLIE|CURBAN|GILGANDRA|MERRIGAL"
2828,NSW,"ARMATREE","ARMATREE|BLACK HOLLOW|BOURBAH|GULARGAMBONE|MOUNT TENANDRA|QUANDA|TONDERBURINE|WARRUMBUNGLE"
2829,NSW,"BILLEROY","BILLEROY|COMBARA|CONIMBIA|COONAMBLE|GILGOOMA|GUNGALMAN|MAGOMETON|NEBEA|PINE GROVE|TERIDGERIE|TOOLOON|URAWILKIE|WINGADEE"
2830,NSW,"BALLIMORE","BALLIMORE|BARBIGAL|BENI|BOOTHENBA|BROCKLEHURST|CUMBOOGLE|DELROY GARDENS|DICKYGUNDI|DUBBO|DUBBO DC|DUBBO EAST|DUBBO GROVE|DUBBO WEST|ESCHOL|EULOMOGO|GOONOO FOREST|KICKABIL|MANERA HEIGHTS|MINORE|MOGRIGUY|MURONBUNG|ORANA HEIGHTS|RAWSONVILLE|TALBRAGAR|TERRAMUNGAMINE|TOONGI|TROY JUNCTION|WAMBANGALANG|WHYLANDRA CROSSING"
2831,NSW,"ARMATREE","ARMATREE|BALLADORAN|BRENDA|BULLAGREEN|BYROCK|CARINDA|COOLABAH|ELONG ELONG|EUMUNGERIE|GEURIE|GIRILAMBONE|GOODOOGA|HERMIDALE|MACQUARIE MARSHES|MERRYGOEN|MURIEL|NEILREX|NEVERTIRE|NUBINGERIE|NYMAGEE|PINE CLUMP|PONTO|QUAMBONE|TERRABELLA|THE MARRA|TOORAWEENAH|WESTELLA|WONGARBON"
2832,NSW,"ANGLEDOOL","ANGLEDOOL|BOOROOMA|BULYEROI|COME BY CHANCE|CRYON|CUMBORAH|GRAWIN OPAL FIELDS|WALGETT"
2833,NSW,"COLLARENEBRI","COLLARENEBRI"
2834,NSW,"ANGLEDOOL","ANGLEDOOL|LIGHTNING RIDGE"
2835,NSW,"BULLA","BULLA|CANBELEGO|COBAR|CUBBA|GILGUNNIA|IRYMPLE|KERRIGUNDI|KULWIN|LERIDA|NOONA|SANDY CREEK|TINDAREY"
2836,NSW,"GEMVILLE","GEMVILLE|WHITE CLIFFS|WILCANNIA"
2838,NSW,"GOODOOGA","GOODOOGA"
2839,NSW,"BREWARRINA","BREWARRINA|COLLERINA|GONGOLGON|NARRAN LAKE|TALAWANTA|WEILMORINGLE"
2840,NSW,"BARRINGUN","BARRINGUN|BOURKE|ENNGONIA|FORDS BRIDGE|GUMBALIE|GUNDERBOOKA|HUNGERFORD|LOUTH|NORTH BOURKE|TILPA|URISINO|WANAARING|YANTABULLA"
2842,NSW,"MENDOORAN","MENDOORAN|MOLLYAN|NEW MOLLYAN|YARRAGRIN"
2843,NSW,"COOLAH","COOLAH"
2844,NSW,"BIRRIWA","BIRRIWA|COBBORA|DUNEDOO|LEADVILLE"
2845,NSW,"ANGUS PLACE","ANGUS PLACE|WALLERAWANG"
2846,NSW,"AIRLY","AIRLY|CAPERTEE|GLEN DAVIS|KANGAROO FLAT|ROUND SWAMP"
2847,NSW,"PIPERS FLAT","PIPERS FLAT|PORTLAND"
2848,NSW,"BROGANS CREEK","BROGANS CREEK|CHARBON|CLANDULLA|KANDOS"
2849,NSW,"BOGEE","BOGEE|BREAKFAST CREEK|BUDDEN|BYLONG|CAMBOON|CARWELL|COGGAN|COXS CREEK|COXS CROWN|DABEE|DUNGEREE|DUNVILLE LOOP|GINGHI|GLEN ALICE|GROWEE|KELGOOLA|LEE CREEK|MOUNT MARSDEN|MURRUMBO|NULLO MOUNTAIN|OLINDA|PINNACLE SWAMP|PYANGLE|REEDY CREEK|RYLSTONE|UPPER BYLONG|UPPER GROWEE|UPPER NILE|WIRRABA"
2850,NSW,"AARONS PASS","AARONS PASS|APPLE TREE FLAT|AVISFORD|BARA|BARIGAN|BEN BUCKLEY|BOCOBLE|BOMBIRA|BOTOBOLAR|BUCKAROO|BUDGEE BUDGEE|BURRUNDULLA|CAERLEON|CANADIAN LEAD|CARCALGONG|COLLINGWOOD|COOKS GAP|COOYAL|CROSS ROADS|CUDGEGONG|CULLENBONE|CUMBO|ERUDGERE|EURUNDEREE|FROG ROCK|GALAMBINE|GLEN AYR|GRATTAI|GREEN GULLY|GULGAMREE|HARGRAVES|HAVILAH|HAYES GAP|HILL END|HOME RULE|ILFORD|KAINS FLAT|LINBURN|LONG CREEK|LUE|MAITLAND BAR|MENAH|MEROO|MILLSVILLE|MILROY|MOGO|MONIVAE|MOOLARBEN|MOUNT FROME|MOUNT KNOWLES|MUDGEE|MULLAMUDDY|MUNGHORN|MURRAGAMBA|PIAMBONG|PUTTA BUCCA|PYRAMUL|QUEENS PINCH|RIVERLEA|RUNNING STREAM|SALLYS FLAT|SPRING FLAT|ST FILLANS|STONY CREEK|TAMBAROORA|TICHULAR|TOTNES VALLEY|TRIAMBLE|TURILL|TWELVE MILE|ULAN|ULLAMALLA|WILBETREE|WILPINJONG|WINDEYER|WOLLAR|WORLDS END|YARRABIN|YARRAWONGA"
2852,NSW,"BARNEYS REEF","BARNEYS REEF|BERYL|BIRAGANBIL|BUNGABA|COPE|CUMBANDRY|GOOLMA|GULGONG|GUNTAWANG|MEBUL|MEROTHERIE|STUBBO|TALLAWANG|TWO MILE FLAT"
2864,NSW,"BOREE","BOREE|BOWAN PARK|CUDAL|MURGA|TOOGONG"
2865,NSW,"BOCOBRA","BOCOBRA|GUMBLE|MANILDRA"
2866,NSW,"AMAROO","AMAROO|BOOMEY|CUNDUMBUL|EUCHAREENA|GARRA|LARRAS LEE|MOLONG|THE SHADES|WARNECLIFFE"
2867,NSW,"BALDRY","BALDRY|CUMNOCK|EURIMBLA|EURIMBULA|LOOMBAH|YULLUNDRY"
2868,NSW,"BOURNEWOOD","BOURNEWOOD|NORTH YEOVAL|OBLEY|YEOVAL"
2869,NSW,"MUNGERY","MUNGERY|PEAK HILL|TOMINGLEY|TREWILGA"
2870,NSW,"ALECTOWN","ALECTOWN|BEARGAMIL|BINDOGUNDRA|BROLGAN|BUMBERRY|COOKAMIDGERA|COOKS MYALLS|DAROOBALGIE|GOOBANG|GOONUMBLA|KADINA|MANDAGERY|MICKIBRI|MUGINCOBLE|NANARDINE|PARKES|PARKESBOROUGH|SHALLOW RUSH|TICHBORNE"
2871,NSW,"BANDON","BANDON|BEDGERABONG|BEDGEREBONG|BUNDABURRAH|CALARIE|CARRAWABBITY|CORINELLA|CUMBIJOWA|FAIRHOLME|FORBES|GAREMA|GRAWLIN|GUNNING GAP|JEMALONG|MULYANDRY|OOMA|PAYTENS BRIDGE|WARROO|WEELONG|WIRRINYA|YARRAGONG"
2873,NSW,"ALBERT","ALBERT|FIVE WAYS|LANSDALE|MIAMLEY|TOTTENHAM"
2874,NSW,"TULLAMORE","TULLAMORE|YETHERA"
2875,NSW,"BRUIE PLAINS","BRUIE PLAINS|FIFIELD|OOTHA|THE TROFFS|TRUNDLE|YARRABANDAI"
2876,NSW,"BOGAN GATE","BOGAN GATE|BOTFIELDS|GUNNING GAP|GUNNINGBLAND|NELUNGALOO"
2877,NSW,"BOBADAH","BOBADAH|BOONA MOUNT|CONDOBOLIN|DERRIWONG|EREMERANG|EUABALONG|EUABALONG WEST|GILGUNNIA|KIACATOO|MILBY|MOUNT HOPE|MULGUTHRIE"
2878,NSW,"BEILPAJAH","BEILPAJAH|CONOBLE|IVANHOE|MANARA|MOSSGIEL|TRIDA"
2879,NSW,"COPI HOLLOW","COPI HOLLOW|MENINDEE|SUNSET STRIP"
2880,NSW,"BROKEN HILL","BROKEN HILL|BROKEN HILL NORTH|BROKEN HILL WEST|BROUGHAMS GATE|BURNS|CAMERON CORNER|EURIOWIE|FOWLERS GAP|KINALUNG|LITTLE TOPAR|MILPARINKA|MOUNT GIPPS|MUTAWINTJI|PACKSADDLE|SILVERTON|SOUTH BROKEN HILL|STEPHENS CREEK|TIBOOBURRA"
2890,NSW,"AUSTRALIAN DEFENCE FORCES","AUSTRALIAN DEFENCE FORCES|FORCES"
2891,NSW,"INTERNATIONAL MC","INTERNATIONAL MC|SYDNEY GATEWAY FACILITY"
2898,NSW,"LORD HOWE ISLAND","LORD HOWE ISLAND"
2899,NSW,"NORFOLK ISLAND","NORFOLK ISLAND"
2900,ACT,"GREENWAY","GREENWAY|TUGGERANONG"
2901,ACT,"TUGGERANONG DC","TUGGERANONG DC"
2902,ACT,"KAMBAH","KAMBAH|KAMBAH VILLAGE"
2903,ACT,"ERINDALE CENTRE","ERINDALE CENTRE|OXLEY|WANNIASSA"
2904,ACT,"FADDEN","FADDEN|GOWRIE|MACARTHUR|MONASH"
2905,ACT,"BONYTHON","BONYTHON|CALWELL|CHISHOLM|GILMORE|ISABELLA PLAINS|RICHARDSON|THEODORE"
2906,ACT,"BANKS","BANKS|CONDER|GORDON"
2911,ACT,"CRACE","CRACE|KENNY|MITCHELL"
2912,ACT,"GUNGAHLIN","GUNGAHLIN"
2913,ACT,"CASEY","CASEY|FRANKLIN|GINNINDERRA VILLAGE|NGUNNAWAL|NICHOLLS|PALMERSTON|TAYLOR"
2914,ACT,"AMAROO","AMAROO|BONNER|FORDE|HARRISON|JACKA|MONCRIEFF|THROSBY"
3000,VIC,"MELBOURNE","MELBOURNE"
3001,VIC,"MELBOURNE","MELBOURNE"
3002,VIC,"EAST MELBOURNE","EAST MELBOURNE"
3003,VIC,"WEST MELBOURNE","WEST MELBOURNE"
3004,VIC,"MELBOURNE","MELBOURNE|ST KILDA ROAD CENTRAL|ST KILDA ROAD MELBOURNE"
3005,VIC,"WORLD TRADE CENTRE","WORLD TRADE CENTRE"
3006,VIC,"SOUTH WHARF","SOUTH WHARF|SOUTHBANK"
3008,VIC,"DOCKLANDS","DOCKLANDS"
3010,VIC,"UNIVERSITY OF MELBOURNE","UNIVERSITY OF MELBOURNE"
3011,VIC,"FOOTSCRAY","FOOTSCRAY|SEDDON|SEDDON WEST"
3012,VIC,"BROOKLYN","BROOKLYN|KINGSVILLE|KINGSVILLE WEST|MAIDSTONE|TOTTENHAM|WEST FOOTSCRAY"
3013,VIC,"YARRAVILLE","YARRAVILLE|YARRAVILLE WEST"
3015,VIC,"NEWPORT","NEWPORT|SOUTH KINGSVILLE|SPOTSWOOD"
3016,VIC,"WILLIAMSTOWN","WILLIAMSTOWN|WILLIAMSTOWN NORTH"
3018,VIC,"ALTONA","ALTONA|SEAHOLME"
3019,VIC,"BRAYBROOK","BRAYBROOK|BRAYBROOK NORTH|ROBINSON"
3020,VIC,"ALBION","ALBION|GLENGALA|SUNSHINE|SUNSHINE NORTH|SUNSHINE WEST"
3021,VIC,"ALBANVALE","ALBANVALE|KEALBA|KINGS PARK|ST ALBANS"
3022,VIC,"ARDEER","ARDEER|DEER PARK EAST"
3023,VIC,"BURNSIDE","BURNSIDE|BURNSIDE HEIGHTS|CAIRNLEA|CAROLINE SPRINGS|DEER PARK|DEER PARK NORTH|RAVENHALL"
3024,VIC,"FIELDSTONE","FIELDSTONE|MAMBOURIN|MANOR LAKES|MOUNT COTTRELL|WYNDHAM VALE"
3025,VIC,"ALTONA EAST","ALTONA EAST|ALTONA GATE|ALTONA NORTH"
3026,VIC,"DERRIMUT","DERRIMUT|LAVERTON NORTH"
3027,VIC,"LAVERTON RAAF","LAVERTON RAAF|WILLIAMS LANDING|WILLIAMS RAAF"
3028,VIC,"ALTONA MEADOWS","ALTONA MEADOWS|LAVERTON|SEABROOK"
3029,VIC,"HOPPERS CROSSING","HOPPERS CROSSING|TARNEIT|TRUGANINA"
3030,VIC,"CHARTWELL","CHARTWELL|COCOROC|POINT COOK|QUANDONG|WERRIBEE|WERRIBEE SOUTH"
3031,VIC,"FLEMINGTON","FLEMINGTON|KENSINGTON"
3032,VIC,"ASCOT VALE","ASCOT VALE|HIGHPOINT CITY|MARIBYRNONG|TRAVANCORE"
3033,VIC,"KEILOR EAST","KEILOR EAST"
3034,VIC,"AVONDALE HEIGHTS","AVONDALE HEIGHTS"
3036,VIC,"KEILOR","KEILOR|KEILOR NORTH"
3037,VIC,"CALDER PARK","CALDER PARK|DELAHEY|HILLSIDE|PLUMPTON|SYDENHAM|TAYLORS HILL"
3038,VIC,"KEILOR DOWNS","KEILOR DOWNS|KEILOR LODGE|TAYLORS LAKES|WATERGARDENS"
3039,VIC,"MOONEE PONDS","MOONEE PONDS"
3040,VIC,"ABERFELDIE","ABERFELDIE|ESSENDON|ESSENDON WEST"
3041,VIC,"CROSS KEYS","CROSS KEYS|ESSENDON FIELDS|ESSENDON NORTH|STRATHMORE|STRATHMORE HEIGHTS"
3042,VIC,"AIRPORT WEST","AIRPORT WEST|KEILOR PARK|NIDDRIE|NIDDRIE NORTH"
3043,VIC,"GLADSTONE PARK","GLADSTONE PARK|GOWANBRAE|TULLAMARINE"
3044,VIC,"PASCOE VALE","PASCOE VALE|PASCOE VALE SOUTH"
3045,VIC,"MELBOURNE AIRPORT","MELBOURNE AIRPORT"
3046,VIC,"GLENROY","GLENROY|HADFIELD|OAK PARK"
3047,VIC,"BROADMEADOWS","BROADMEADOWS|DALLAS|JACANA"
3048,VIC,"COOLAROO","COOLAROO|MEADOW HEIGHTS"
3049,VIC,"ATTWOOD","ATTWOOD|WESTMEADOWS"
3050,VIC,"ROYAL MELBOURNE HOSPITAL","ROYAL MELBOURNE HOSPITAL"
3051,VIC,"HOTHAM HILL","HOTHAM HILL|NORTH MELBOURNE"
3052,VIC,"MELBOURNE UNIVERSITY","MELBOURNE UNIVERSITY|PARKVILLE"
3053,VIC,"CARLTON","CARLTON|CARLTON SOUTH"
3054,VIC,"CARLTON NORTH","CARLTON NORTH|PRINCES HILL"
3055,VIC,"BRUNSWICK SOUTH","BRUNSWICK SOUTH|BRUNSWICK WEST|MOONEE VALE|MORELAND WEST"
3056,VIC,"BRUNSWICK","BRUNSWICK|BRUNSWICK LOWER|BRUNSWICK NORTH"
3057,VIC,"BRUNSWICK EAST","BRUNSWICK EAST|LYGON STREET NORTH|SUMNER"
3058,VIC,"BATMAN","BATMAN|COBURG|COBURG NORTH|MERLYNSTON|MORELAND"
3059,VIC,"GREENVALE","GREENVALE"
3060,VIC,"FAWKNER","FAWKNER|FAWKNER EAST|FAWKNER NORTH"
3061,VIC,"CAMPBELLFIELD","CAMPBELLFIELD"
3062,VIC,"SOMERTON","SOMERTON"
3063,VIC,"OAKLANDS JUNCTION","OAKLANDS JUNCTION|YUROKE"
3064,VIC,"CRAIGIEBURN","CRAIGIEBURN|DONNYBROOK|KALKALLO|MICKLEHAM|ROXBURGH PARK"
3065,VIC,"FITZROY","FITZROY"
3066,VIC,"COLLINGWOOD","COLLINGWOOD|COLLINGWOOD NORTH"
3067,VIC,"ABBOTSFORD","ABBOTSFORD"
3068,VIC,"CLIFTON HILL","CLIFTON HILL|FITZROY NORTH"
3070,VIC,"NORTHCOTE","NORTHCOTE|NORTHCOTE SOUTH"
3071,VIC,"THORNBURY","THORNBURY"
3072,VIC,"GILBERTON","GILBERTON|NORTHLAND CENTRE|PRESTON|PRESTON LOWER|PRESTON SOUTH|PRESTON WEST|REGENT WEST|SYLVESTER"
3073,VIC,"KEON PARK","KEON PARK|RESERVOIR|RESERVOIR EAST|RESERVOIR NORTH|RESERVOIR SOUTH"
3074,VIC,"THOMASTOWN","THOMASTOWN"
3075,VIC,"LALOR","LALOR|LALOR PLAZA"
3076,VIC,"EPPING","EPPING|EPPING DC"
3078,VIC,"ALPHINGTON","ALPHINGTON|FAIRFIELD"
3079,VIC,"IVANHOE","IVANHOE|IVANHOE EAST|IVANHOE NORTH"
3081,VIC,"BELLFIELD","BELLFIELD|HEIDELBERG HEIGHTS|HEIDELBERG RGH|HEIDELBERG WEST"
3082,VIC,"MILL PARK","MILL PARK"
3083,VIC,"BUNDOORA","BUNDOORA|KINGSBURY|LA TROBE UNIVERSITY"
3084,VIC,"BANYULE","BANYULE|EAGLEMONT|HEIDELBERG|ROSANNA|VIEWBANK"
3085,VIC,"MACLEOD","MACLEOD|MACLEOD WEST|YALLAMBIE"
3086,VIC,"LA TROBE UNIVERSITY","LA TROBE UNIVERSITY"
3087,VIC,"WATSONIA","WATSONIA|WATSONIA NORTH"
3088,VIC,"BRIAR HILL","BRIAR HILL|GREENSBOROUGH|SAINT HELENA|ST HELENA"
3089,VIC,"DIAMOND CREEK","DIAMOND CREEK"
3090,VIC,"PLENTY","PLENTY"
3091,VIC,"YARRAMBAT","YARRAMBAT"
3093,VIC,"LOWER PLENTY","LOWER PLENTY"
3094,VIC,"MONTMORENCY","MONTMORENCY"
3095,VIC,"ELTHAM","ELTHAM|ELTHAM NORTH|RESEARCH"
3096,VIC,"WATTLE GLEN","WATTLE GLEN"
3097,VIC,"BEND OF ISLANDS","BEND OF ISLANDS|KANGAROO GROUND|WATSONS CREEK"
3099,VIC,"ARTHURS CREEK","ARTHURS CREEK|COTTLES BRIDGE|HURSTBRIDGE|NUTFIELD|STRATHEWEN"
3101,VIC,"COTHAM","COTHAM|KEW"
3102,VIC,"KEW EAST","KEW EAST"
3103,VIC,"BALWYN","BALWYN|BALWYN EAST|DEEPDENE|DEEPDENE DC|STRADBROKE PARK"
3104,VIC,"BALWYN NORTH","BALWYN NORTH|GREYTHORN"
3105,VIC,"BULLEEN","BULLEEN|BULLEEN SOUTH"
3106,VIC,"TEMPLESTOWE","TEMPLESTOWE"
3107,VIC,"TEMPLESTOWE LOWER","TEMPLESTOWE LOWER"
3108,VIC,"DONCASTER","DONCASTER"
3109,VIC,"DONCASTER EAST","DONCASTER EAST|DONCASTER HEIGHTS|THE PINES|TUNSTALL SQUARE PO"
3111,VIC,"DONVALE","DONVALE"
3113,VIC,"NORTH WARRANDYTE","NORTH WARRANDYTE|WARRANDYTE"
3114,VIC,"PARK ORCHARDS","PARK ORCHARDS"
3115,VIC,"WONGA PARK","WONGA PARK"
3116,VIC,"CHIRNSIDE PARK","CHIRNSIDE PARK"
3121,VIC,"BURNLEY","BURNLEY|BURNLEY NORTH|CREMORNE|RICHMOND|RICHMOND EAST|RICHMOND NORTH|RICHMOND SOUTH|VICTORIA GARDENS"
3122,VIC,"AUBURN SOUTH","AUBURN SOUTH|GLENFERRIE SOUTH|HAWTHORN|HAWTHORN NORTH|HAWTHORN WEST"
3123,VIC,"AUBURN","AUBURN|HAWTHORN EAST"
3124,VIC,"CAMBERWELL","CAMBERWELL|CAMBERWELL NORTH|CAMBERWELL SOUTH|CAMBERWELL WEST|HARTWELL|MIDDLE CAMBERWELL"
3125,VIC,"BENNETTSWOOD","BENNETTSWOOD|BURWOOD|SURREY HILLS SOUTH"
3126,VIC,"CAMBERWELL EAST","CAMBERWELL EAST|CANTERBURY"
3127,VIC,"MONT ALBERT","MONT ALBERT|SURREY HILLS|SURREY HILLS NORTH"
3128,VIC,"BOX HILL","BOX HILL|BOX HILL CENTRAL|BOX HILL SOUTH|HOUSTON|WATTLE PARK"
3129,VIC,"BOX HILL NORTH","BOX HILL NORTH|KERRIMUIR|MONT ALBERT NORTH"
3130,VIC,"BLACKBURN","BLACKBURN|BLACKBURN NORTH|BLACKBURN SOUTH|LABURNUM"
3131,VIC,"BRENTFORD SQUARE","BRENTFORD SQUARE|FOREST HILL|NUNAWADING"
3132,VIC,"MITCHAM","MITCHAM|MITCHAM NORTH|RANGEVIEW"
3133,VIC,"VERMONT","VERMONT|VERMONT SOUTH"
3134,VIC,"HEATHWOOD","HEATHWOOD|RINGWOOD|RINGWOOD NORTH|WARRANDYTE SOUTH|WARRANWOOD"
3135,VIC,"BEDFORD ROAD","BEDFORD ROAD|HEATHMONT|RINGWOOD EAST"
3136,VIC,"CROYDON","CROYDON|CROYDON HILLS|CROYDON NORTH|CROYDON SOUTH"
3137,VIC,"KILSYTH","KILSYTH|KILSYTH SOUTH"
3138,VIC,"MOOROOLBARK","MOOROOLBARK"
3139,VIC,"BEENAK","BEENAK|DON VALLEY|HODDLES CREEK|LAUNCHING PLACE|SEVILLE|SEVILLE EAST|WANDIN EAST|WANDIN NORTH|WOORI YALLOCK|YELLINGBO"
3140,VIC,"LILYDALE","LILYDALE"
3141,VIC,"CHAPEL STREET NORTH","CHAPEL STREET NORTH|DOMAIN ROAD PO|SOUTH YARRA"
3142,VIC,"HAWKSBURN","HAWKSBURN|TOORAK"
3143,VIC,"ARMADALE","ARMADALE|ARMADALE NORTH"
3144,VIC,"KOOYONG","KOOYONG|MALVERN|MALVERN NORTH"
3145,VIC,"CAULFIELD EAST","CAULFIELD EAST|CENTRAL PARK|DARLING|DARLING SOUTH|MALVERN EAST|WATTLETREE ROAD PO"
3146,VIC,"GLEN IRIS","GLEN IRIS|TOORONGA"
3147,VIC,"ASHBURTON","ASHBURTON|ASHWOOD"
3148,VIC,"CHADSTONE","CHADSTONE|CHADSTONE CENTRE|HOLMESGLEN|JORDANVILLE"
3149,VIC,"MOUNT WAVERLEY","MOUNT WAVERLEY|PINEWOOD|SYNDAL"
3150,VIC,"BRANDON PARK","BRANDON PARK|GLEN WAVERLEY|WHEELERS HILL"
3151,VIC,"BURWOOD EAST","BURWOOD EAST|BURWOOD HEIGHTS"
3152,VIC,"KNOX CITY CENTRE","KNOX CITY CENTRE|STUDFIELD|WANTIRNA|WANTIRNA SOUTH"
3153,VIC,"BAYSWATER","BAYSWATER|BAYSWATER NORTH"
3154,VIC,"THE BASIN","THE BASIN"
3155,VIC,"BORONIA","BORONIA"
3156,VIC,"FERNTREE GULLY","FERNTREE GULLY|LYSTERFIELD|LYSTERFIELD SOUTH|MOUNTAIN GATE|UPPER FERNTREE GULLY"
3158,VIC,"UPWEY","UPWEY"
3159,VIC,"MENZIES CREEK","MENZIES CREEK|SELBY"
3160,VIC,"BELGRAVE","BELGRAVE|BELGRAVE HEIGHTS|BELGRAVE SOUTH|TECOMA"
3161,VIC,"CAULFIELD JUNCTION","CAULFIELD JUNCTION|CAULFIELD NORTH"
3162,VIC,"CAULFIELD","CAULFIELD|CAULFIELD SOUTH|HOPETOUN GARDENS"
3163,VIC,"BOORAN ROAD PO","BOORAN ROAD PO|CARNEGIE|GLEN HUNTLY|MURRUMBEENA"
3164,VIC,"DANDENONG SOUTH","DANDENONG SOUTH"
3165,VIC,"BENTLEIGH EAST","BENTLEIGH EAST|COATESVILLE"
3166,VIC,"HUGHESDALE","HUGHESDALE|HUNTINGDALE|OAKLEIGH|OAKLEIGH EAST"
3167,VIC,"OAKLEIGH SOUTH","OAKLEIGH SOUTH"
3168,VIC,"CLAYTON","CLAYTON|NOTTING HILL"
3169,VIC,"CLARINDA","CLARINDA|CLAYTON SOUTH"
3170,VIC,"MULGRAVE","MULGRAVE|WAVERLEY GARDENS"
3171,VIC,"SANDOWN VILLAGE","SANDOWN VILLAGE|SPRINGVALE"
3172,VIC,"DINGLEY VILLAGE","DINGLEY VILLAGE|SPRINGVALE SOUTH"
3173,VIC,"KEYSBOROUGH","KEYSBOROUGH"
3174,VIC,"NOBLE PARK","NOBLE PARK|NOBLE PARK EAST|NOBLE PARK NORTH"
3175,VIC,"BANGHOLME","BANGHOLME|DANDENONG|DANDENONG EAST|DANDENONG NORTH|DANDENONG SOUTH|DUNEARN"
3176,VIC,"SCORESBY BC","SCORESBY BC"
3177,VIC,"DOVETON","DOVETON|EUMEMMERRING"
3178,VIC,"ROWVILLE","ROWVILLE"
3179,VIC,"SCORESBY","SCORESBY"
3180,VIC,"KNOXFIELD","KNOXFIELD"
3181,VIC,"PRAHRAN","PRAHRAN|PRAHRAN EAST|WINDSOR"
3182,VIC,"ST KILDA","ST KILDA|ST KILDA SOUTH|ST KILDA WEST"
3183,VIC,"BALACLAVA","BALACLAVA|ST KILDA EAST"
3184,VIC,"BRIGHTON ROAD","BRIGHTON ROAD|ELWOOD"
3185,VIC,"ELSTERNWICK","ELSTERNWICK|GARDENVALE|RIPPONLEA"
3186,VIC,"BRIGHTON","BRIGHTON|BRIGHTON NORTH|DENDY|WERE STREET PO"
3187,VIC,"BRIGHTON EAST","BRIGHTON EAST|NORTH ROAD"
3188,VIC,"HAMPTON","HAMPTON|HAMPTON EAST|HAMPTON NORTH"
3189,VIC,"MOORABBIN","MOORABBIN|MOORABBIN EAST|WISHART"
3190,VIC,"HIGHETT","HIGHETT"
3191,VIC,"SANDRINGHAM","SANDRINGHAM"
3192,VIC,"CHELTENHAM","CHELTENHAM|CHELTENHAM EAST|CHELTENHAM NORTH|SOUTHLAND CENTRE"
3193,VIC,"BEAUMARIS","BEAUMARIS|BLACK ROCK|BLACK ROCK NORTH|CROMER"
3194,VIC,"MENTONE","MENTONE|MENTONE EAST|MOORABBIN AIRPORT"
3195,VIC,"ASPENDALE","ASPENDALE|ASPENDALE GARDENS|BRAESIDE|MORDIALLOC|MORDIALLOC NORTH|PARKDALE|WATERWAYS"
3196,VIC,"BONBEACH","BONBEACH|CHELSEA|CHELSEA HEIGHTS|EDITHVALE"
3197,VIC,"CARRUM","CARRUM|PATTERSON LAKES"
3198,VIC,"BELVEDERE PARK","BELVEDERE PARK|SEAFORD"
3199,VIC,"FRANKSTON","FRANKSTON|FRANKSTON EAST|FRANKSTON HEIGHTS|FRANKSTON SOUTH|KARINGAL|KARINGAL CENTRE"
3200,VIC,"FRANKSTON NORTH","FRANKSTON NORTH|PINES FOREST"
3201,VIC,"CARRUM DOWNS","CARRUM DOWNS"
3202,VIC,"HEATHERTON","HEATHERTON"
3204,VIC,"BENTLEIGH","BENTLEIGH|MCKINNON|ORMOND|PATTERSON"
3205,VIC,"SOUTH MELBOURNE","SOUTH MELBOURNE|SOUTH MELBOURNE DC"
3206,VIC,"ALBERT PARK","ALBERT PARK|MIDDLE PARK"
3207,VIC,"GARDEN CITY","GARDEN CITY|PORT MELBOURNE"
3211,VIC,"LITTLE RIVER","LITTLE RIVER"
3212,VIC,"AVALON","AVALON|LARA|POINT WILSON"
3213,VIC,"ANAKIE","ANAKIE|BATESFORD|LOVELY BANKS|MOORABOOL"
3214,VIC,"CORIO","CORIO|NORLANE|NORTH SHORE"
3215,VIC,"BELL PARK","BELL PARK|BELL POST HILL|DRUMCONDRA|GEELONG NORTH|HAMLYN HEIGHTS|NORTH GEELONG|RIPPLESIDE"
3216,VIC,"BELMONT","BELMONT|FRESHWATER CREEK|GROVEDALE|GROVEDALE EAST|HIGHTON|MARSHALL|MOUNT DUNEED|WANDANA HEIGHTS|WAURN PONDS"
3217,VIC,"ARMSTRONG CREEK","ARMSTRONG CREEK|CHARLEMONT|DEAKIN UNIVERSITY|FRESHWATER CREEK|MOUNT DUNEED"
3218,VIC,"FYANSFORD","FYANSFORD|GEELONG WEST|HERNE HILL|MANIFOLD HEIGHTS|MURGHEBOLUC|STONEHAVEN"
3219,VIC,"BREAKWATER","BREAKWATER|EAST GEELONG|NEWCOMB|ST ALBANS PARK|THOMSON|WHITTINGTON"
3220,VIC,"BAREENA","BAREENA|GEELONG|NEWTOWN|SOUTH GEELONG"
3221,VIC,"ANAKIE","ANAKIE|BARRABOOL|BATESFORD|BELLARINE|CERES|FYANSFORD|GEELONG MC|GNARWARRE|GREY RIVER|KENNETT RIVER|LOVELY BANKS|MOOLAP|MOORABOOL|MURGHEBOLUC|SEPARATION CREEK|STAUGHTON VALE|STONEHAVEN|SUGARLOAF|WALLINGTON|WONGARRA|WYE RIVER"
3222,VIC,"CLIFTON SPRINGS","CLIFTON SPRINGS|CURLEWIS|DRYSDALE|MANNERIM|MARCUS HILL|WALLINGTON"
3223,VIC,"BELLARINE","BELLARINE|INDENTED HEAD|PORTARLINGTON|ST LEONARDS"
3224,VIC,"LEOPOLD","LEOPOLD|MOOLAP"
3225,VIC,"POINT LONSDALE","POINT LONSDALE|QUEENSCLIFF|SWAN BAY|SWAN ISLAND"
3226,VIC,"OCEAN GROVE","OCEAN GROVE"
3227,VIC,"BARWON HEADS","BARWON HEADS|BREAMLEA|CONNEWARRE"
3228,VIC,"BELLBRAE","BELLBRAE|BELLS BEACH|JAN JUC|TORQUAY"
3230,VIC,"ANGLESEA","ANGLESEA"
3231,VIC,"AIREYS INLET","AIREYS INLET|BIG HILL|EASTERN VIEW|FAIRHAVEN|MOGGS CREEK"
3232,VIC,"BIG HILL","BIG HILL|LORNE"
3233,VIC,"APOLLO BAY","APOLLO BAY|CAPE OTWAY|MARENGO|PETTICOAT CREEK|SKENES CREEK|SKENES CREEK NORTH"
3234,VIC,"GREY RIVER","GREY RIVER|KENNETT RIVER|SEPARATION CREEK|SUGARLOAF|WONGARRA|WYE RIVER"
3235,VIC,"BENWERRIN","BENWERRIN|BOONAH|DEANS MARSH|PENNYROYAL"
3236,VIC,"FORREST","FORREST|MOUNT SABINE"
3237,VIC,"AIRE VALLEY","AIRE VALLEY|BEECH FOREST|FERGUSON|GELLIBRAND LOWER|WATTLE HILL|WEEAPROINAH|WYELANGTA|YUULONG"
3238,VIC,"GLENAIRE","GLENAIRE|HORDERN VALE|JOHANNA|LAVERS HILL"
3239,VIC,"CARLISLE RIVER","CARLISLE RIVER|CHAPPLE VALE|GELLIBRAND|KENNEDYS CREEK"
3240,VIC,"BUCKLEY","BUCKLEY|GHERANG|MODEWARRE|MORIAC|MOUNT MORIAC|PARAPARAP"
3241,VIC,"BAMBRA","BAMBRA|OMBERSLEY|WENSLEYDALE|WINCHELSEA|WINCHELSEA SOUTH|WURDIBOLUC"
3242,VIC,"BIRREGURRA","BIRREGURRA"
3243,VIC,"BARWON DOWNS","BARWON DOWNS|GERANGAMETE|MURROON|WARNCOORT|WHOOREL"
3249,VIC,"ALVIE","ALVIE|BALINTORE|BARONGAROOK|BARONGAROOK WEST|BARRAMUNGA|CORAGULAC|CORUNNUN|DREEITE|DREEITE SOUTH|GERANGAMETE|IRREWARRA|IRREWILLIPE|IRREWILLIPE EAST|KAWARREN|LARPENT|NALANGIL|ONDIT|PIRRON YALLOCK|POMBORNEIT EAST|SWAN MARSH|TANYBRYN|WARRION|WOOL WOOL|YEO|YEODENE"
3250,VIC,"COLAC","COLAC|COLAC EAST|COLAC WEST|ELLIMINYT"
3251,VIC,"BEEAC","BEEAC|CUNDARE|CUNDARE NORTH|EURACK|WEERING"
3254,VIC,"COROROOKE","COROROOKE"
3260,VIC,"BOOKAAR","BOOKAAR|BOSTOCKS CREEK|BUNGADOR|CAMPERDOWN|CARPENDEIT|CHOCOLYN|GNOTUK|KARIAH|KOALLAH|LESLIE MANOR|POMBORNEIT|POMBORNEIT NORTH|SKIBO|SOUTH PURRUMBETE|STONYFORD|TANDAROOK|TESBURY|WEERITE"
3264,VIC,"TERANG","TERANG"
3265,VIC,"BOORCAN","BOORCAN|CUDGEE|DIXIE|ECKLIN SOUTH|ELLERSLIE|FRAMLINGHAM|FRAMLINGHAM EAST|GARVOC|GLENORMISTON|GLENORMISTON NORTH|GLENORMISTON SOUTH|KOLORA|LAANG|NOORAT|NOORAT EAST|PANMURE|TAROON|THE SISTERS"
3266,VIC,"BULLAHARRE","BULLAHARRE|COBDEN|COBRICO|ELINGAMITE|ELINGAMITE NORTH|GLENFYNE|JANCOURT|JANCOURT EAST|NAROGHID|SIMPSON"
3267,VIC,"SCOTTS CREEK","SCOTTS CREEK"
3268,VIC,"AYRFORD","AYRFORD|BRUCKNELL|COORIEMUNGLE|COWLEYS CREEK|CURDIE VALE|CURDIES RIVER|CURDIEVALE|HEYTESBURY LOWER|NEWFIELD|NIRRANDA|NIRRANDA EAST|NIRRANDA SOUTH|NULLAWARRE|NULLAWARRE EAST|NULLAWARRE NORTH|PAARATTE|THE COVE|TIMBOON|TIMBOON WEST"
3269,VIC,"PORT CAMPBELL","PORT CAMPBELL|PRINCETOWN|WAARRE"
3270,VIC,"PETERBOROUGH","PETERBOROUGH"
3271,VIC,"DARLINGTON","DARLINGTON|DUNDONNELL|PURA PURA"
3272,VIC,"MORTLAKE","MORTLAKE|WOORNDOO"
3273,VIC,"HEXHAM","HEXHAM"
3274,VIC,"CARAMUT","CARAMUT"
3275,VIC,"MAILER FLAT","MAILER FLAT|MAILORS FLAT"
3276,VIC,"MINJAH","MINJAH|WOOLSTHORPE"
3277,VIC,"ALLANSFORD","ALLANSFORD|MEPUNGA|MEPUNGA EAST|MEPUNGA WEST|NARINGAL|NARINGAL EAST"
3278,VIC,"PURNIM","PURNIM|PURNIM WEST"
3279,VIC,"BALLANGEICH","BALLANGEICH|WANGOOM"
3280,VIC,"DENNINGTON","DENNINGTON|MINJAH|WARRNAMBOOL|WARRNAMBOOL EAST|WARRNAMBOOL WEST"
3281,VIC,"BUSHFIELD","BUSHFIELD|GRASSMERE|WINSLOW|WOODFORD"
3282,VIC,"ILLOWA","ILLOWA|KOROIT"
3283,VIC,"CROSSLEY","CROSSLEY|KILLARNEY|KIRKSTALL|SOUTHERN CROSS|TARRONE|TOWER HILL|WARRONG|WILLATOOK|YANGERY|YARPTURK"
3284,VIC,"ORFORD","ORFORD|PORT FAIRY"
3285,VIC,"CODRINGTON","CODRINGTON|NARRAWONG|ROSEBROOK|ST HELENS|TOOLONG|TYRENDARRA|TYRENDARRA EAST|YAMBUK"
3286,VIC,"CONDAH SWAMP","CONDAH SWAMP|KNEBSWORTH|MACARTHUR|RIPPONHURST|WARRABKOOK"
3287,VIC,"HAWKESDALE","HAWKESDALE|MINHAMITE"
3289,VIC,"GAZETTE","GAZETTE|GERRIGERRUP|PENSHURST|PURDEET|TABOR"
3292,VIC,"NELSON","NELSON"
3293,VIC,"GLENTHOMPSON","GLENTHOMPSON|NAREEB|NARRAPUMELAP SOUTH"
3294,VIC,"DUNKELD","DUNKELD|KARABEAL|MIRRANATWA|MOUTAJUP|VICTORIA POINT|VICTORIA VALLEY|WOODHOUSE"
3300,VIC,"BYADUK NORTH","BYADUK NORTH|HAMILTON"
3301,VIC,"BOCHARA","BOCHARA|BROADWATER|BUCKLEY SWAMP|BYADUK|CROXTON EAST|HENSLEY PARK|MORGIANA|MOUNT NAPIER|STRATHKELLAR|TAHARA|TARRINGTON|WANNON|WARRAYURE|YATCHAW|YULECART"
3302,VIC,"BRANXHOLME","BRANXHOLME|GRASSDALE"
3303,VIC,"BREAKAWAY CREEK","BREAKAWAY CREEK|CONDAH|CONDAH SWAMP|HOTSPUR|LAKE CONDAH|WALLACEDALE"
3304,VIC,"BESSIEBELLE","BESSIEBELLE|DARTMOOR|DRIK DRIK|DRUMBORG|GREENWALD|HEYWOOD|HOMERTON|LYONS|MILLTOWN|MUMBANNAR|MYAMYN|WINNAP"
3305,VIC,"ALLESTREE","ALLESTREE|BOLWARRA|CAPE BRIDGEWATER|CASHMORE|DUTTON WAY|GORAE|GORAE WEST|HEATHMERE|MOUNT RICHMOND|PORTLAND|PORTLAND NORTH|PORTLAND WEST"
3309,VIC,"DIGBY","DIGBY"
3310,VIC,"MERINO","MERINO|TAHARA WEST"
3311,VIC,"CASTERTON","CASTERTON|CORNDALE|HEATH FIELD|PURALKA"
3312,VIC,"BAHGALLAH","BAHGALLAH|BRIMBOAL|CARAPOOK|CHETWYND|DERGHOLM|DORODONG|DUNROBIN|HENTY|KILLARA|LAKE MUNDI|LINDSAY|MUNTHAM|NANGEELA|POOLAIJELO|POWERS CREEK|SANDFORD|STRATHDOWNIE|WANDO BRIDGE|WANDO VALE|WARROCK"
3314,VIC,"BULART","BULART|CAVENDISH|GLENISLA|GRAMPIANS|MOORALLA|WOOHLPOOER"
3315,VIC,"BRIT BRIT","BRIT BRIT|CLOVER FLAT|COLERAINE|COOJAR|CULLA|GRINGEGALGONA|GRITJURK|HILGAY|KONONGWOOTONG|MELVILLE FOREST|MUNTHAM|NAREEN|PARKWOOD|PASCHENDALE|TAHARA BRIDGE|TARRAYOUKYAN|TARRENLEA|WOOTONG VALE"
3317,VIC,"HARROW","HARROW"
3318,VIC,"CHARAM","CHARAM|CONNEWIRRICOO|EDENHOPE|JALLAKIN|KADNOOK|LANGKOOP|MEEREEK|PATYAH|ULLSWATER"
3319,VIC,"APSLEY","APSLEY|BENAYEO|BRINGALBERT"
3321,VIC,"HESSE","HESSE|INVERLEIGH|WINGEEL"
3322,VIC,"CRESSY","CRESSY"
3323,VIC,"BERRYBANK","BERRYBANK|DUVERNEY|FOXHOW"
3324,VIC,"LISMORE","LISMORE|MINGAY|MOUNT BUTE"
3325,VIC,"DERRINALLUM","DERRINALLUM|LARRALEA|VITE VITE|VITE VITE NORTH"
3328,VIC,"TEESDALE","TEESDALE"
3329,VIC,"BARUNAH PARK","BARUNAH PARK|BARUNAH PLAINS|SHELFORD"
3330,VIC,"ROKEWOOD","ROKEWOOD"
3331,VIC,"BANNOCKBURN","BANNOCKBURN|GHERINGHAP|MAUDE|RUSSELLS BRIDGE|SHE OAKS|STEIGLITZ|SUTHERLANDS CREEK"
3332,VIC,"LETHBRIDGE","LETHBRIDGE"
3333,VIC,"BAMGANIE","BAMGANIE|MEREDITH"
3334,VIC,"BUNGAL","BUNGAL|CARGERIE|ELAINE|MORRISONS|MOUNT DORAN"
3335,VIC,"BONNIE BROOK","BONNIE BROOK|GRANGEFIELDS|PLUMPTON|ROCKBANK|THORNHILL PARK"
3336,VIC,"AINTREE","AINTREE|DEANSIDE|FRASER RISE"
3337,VIC,"HARKNESS","HARKNESS|KURUNJANG|MELTON|MELTON WEST|TOOLERN VALE"
3338,VIC,"BROOKFIELD","BROOKFIELD|COBBLEBANK|EXFORD|EYNESBURY|MELTON SOUTH|STRATHTULLOH|WEIR VIEWS"
3340,VIC,"BACCHUS MARSH","BACCHUS MARSH|BALLIANG|BALLIANG EAST|COIMADAI|DARLEY|GLENMORE|HOPETOUN PARK|LONG FOREST|MADDINGLEY|MERRIMU|PARWAN|ROWSLEY|STAUGHTON VALE"
3341,VIC,"DALES CREEK","DALES CREEK|GREENDALE|KOROBEIT|MYRNIONG|PENTLAND HILLS"
3342,VIC,"BALLAN","BALLAN|BEREMBOKE|BLAKEVILLE|BUNDING|COLBROOK|DURDIDWARRAH|FISKVILLE|INGLISTON|MOUNT WALLACE"
3345,VIC,"GORDON","GORDON"
3350,VIC,"ALFREDTON","ALFREDTON|BAKERY HILL|BALLARAT|BALLARAT CENTRAL|BALLARAT EAST|BALLARAT NORTH|BALLARAT WEST|BLACK HILL|BROWN HILL|CANADIAN|EUREKA|GOLDEN POINT|INVERMAY PARK|LAKE WENDOUREE|LUCAS|MOUNT CLEAR|MOUNT HELEN|MOUNT PLEASANT|NERRINA|NEWINGTON|REDAN|SOLDIERS HILL|SOVEREIGN HILL"
3351,VIC,"BERRINGA","BERRINGA|BO PEEP|CAPE CLEAR|CARNGHAM|CHEPSTOWE|HADDON|HAPPY VALLEY|HILLCREST|ILLABAROOK|LAKE BOLAC|MININERA|MORTCHUP|MOUNT EMU|NERRIN NERRIN|NEWTOWN|NINTINGBOOL|PIGGOREET|PITFIELD|ROKEWOOD JUNCTION|ROSS CREEK|SCARSDALE|SMYTHES CREEK|SMYTHESDALE|SNAKE VALLEY|SPRINGDALLAH|STAFFORDSHIRE REEF|STREATHAM|WALLINDUC|WESTMERE"
3352,VIC,"ADDINGTON","ADDINGTON|BALLARAT ROADSIDE DELIVERY|BARKSTEAD|BLOWHARD|BOLWARRAH|BONSHAW|BREWSTER|BULLAROOK|BUNGAREE|BUNKERS HILL|BURRUMBEET|CAMBRIAN HILL|CARDIGAN|CARDIGAN VILLAGE|CHAPEL FLAT|CLARENDON|CLARETOWN|CLARKES HILL|CORINDHAP|DEAN|DEREEL|DUNNSTOWN|DURHAM LEAD|ENFIELD|ERCILDOUNE|GARIBALDI|GLEN PARK|GLENBRAE|GONG GONG|GRENVILLE|INVERMAY|LAL LAL|LAMPLOUGH|LANGI KAL KAL|LEARMONTH|LEIGH CREEK|LEXTON|MAGPIE|MILLBROOK|MINERS REST|MITCHELL PARK|MOLLONGGHIP|MOUNT BOLTON|MOUNT EGERTON|MOUNT MERCER|MOUNT MITCHELL|MOUNT ROWAN|NAPOLEONS|NAVIGATORS|POOTILLA|SCOTCHMANS LEAD|SCOTSBURN|SPRINGBANK|SULKY|WALLACE|WARRENHEIP|WATTLE FLAT|WAUBRA|WEATHERBOARD|WERNETH|WINDERMERE|YENDON"
3353,VIC,"BALLARAT","BALLARAT"
3354,VIC,"BAKERY HILL","BAKERY HILL|BALLARAT MC"
3355,VIC,"LAKE GARDENS","LAKE GARDENS|MITCHELL PARK|WENDOUREE|WENDOUREE VILLAGE"
3356,VIC,"BONSHAW","BONSHAW|DELACOMBE|SEBASTOPOL"
3357,VIC,"BUNINYONG","BUNINYONG|SCOTSMANS LEAD|YARROWEE"
3358,VIC,"WINTER VALLEY","WINTER VALLEY"
3360,VIC,"HAPPY VALLEY","HAPPY VALLEY|LINTON|MANNIBADAR|PITTONG|WILLOWVALE"
3361,VIC,"BRADVALE","BRADVALE|CARRANBALLAC|SKIPTON"
3363,VIC,"CRESWICK","CRESWICK|CRESWICK NORTH|DEAN|GLENDARUEL|LANGDONS HILL|MOUNT BECKWORTH|TOURELLO"
3364,VIC,"ALLENDALE","ALLENDALE|ASCOT|BALD HILLS|BARKSTEAD|BLAMPIED|BROOMFIELD|CABBAGE TREE|CAMPBELLTOWN|COGHILLS CREEK|GLENDONALD|GLENDONNELL|JOYCES CREEK|KINGSTON|KOOROOCHEANG|LAWRENCE|MOUNT PROSPECT|NEWLYN|NEWLYN NORTH|ROCKLYN|SMEATON|SMOKEY TOWN|SMOKEYTOWN|SPRINGMOUNT|STRATHLEA|ULLINA|WERONA"
3370,VIC,"CLUNES","CLUNES|GLENGOWER|MOUNT CAMERON|ULLINA"
3371,VIC,"AMHERST","AMHERST|BURNBANK|CARALULUP|DUNACH|EVANSFORD|LILLICUR|MOUNT GLASGOW|RED LION|STONY CREEK|TALBOT"
3373,VIC,"BEAUFORT","BEAUFORT|CHUTE|CROSS ROADS|LAKE GOLDSMITH|LAKE WONGAN|MAIN LEAD|MENA PARK|NERRING|RAGLAN|SHIRLEY|STOCKYARD HILL|STONELEIGH|TRAWALLA|WATERLOO"
3374,VIC,"GREAT WESTERN","GREAT WESTERN"
3375,VIC,"BALLYROGAN","BALLYROGAN|BAYINDEEN|BUANGOR|MIDDLE CREEK"
3377,VIC,"AMPHITHEATRE","AMPHITHEATRE|ARARAT|ARARAT EAST|ARMSTRONG|BEN NEVIS|BULGANA|CATHCART|CROWLANDS|DENICULL CREEK|DOBIE|DUNNEWORTHY|EVERSLEY|GREAT WESTERN|JALLUKUR|LANGI LOGAN|MAROONA|MOUNT COLE|MOUNT COLE CREEK|MOUNT LONARCH|MOYSTON|NORVAL|RHYMNEY|ROCKY POINT|ROSSBRIDGE|SHAYS FLAT|WARRAK"
3378,VIC,"TATYOON","TATYOON|YALLA-Y-POORA"
3379,VIC,"BERRAMBOOL","BERRAMBOOL|BORNES HILL|CHATSWORTH|MAFEKING|STAVELY|WATGANIA|WICKLIFFE|WILLAURA|WILLAURA NORTH"
3380,VIC,"BELLELLEN","BELLELLEN|BRIDGE INN|MOKEPILLY|STAWELL|STAWELL WEST|WINJALLOK"
3381,VIC,"BARKLY","BARKLY|BELLELLEN|BELLFIELD|BLACK RANGE|BOLANGUM|CALLAWADDA|CAMPBELLS BRIDGE|CONCONGELLA|DEEP LEAD|FYANS CREEK|GERMANIA|GREENS CREEK|HALLS GAP|ILLAWARRA|JOEL JOEL|JOEL SOUTH|KANYA|LAKE FYANS|LAKE LONSDALE|LUBECK|MOKEPILLY|MORRL MORRL|MOUNT DRYDEN|PARADISE|POMONAL|ROSTRON|WAL WAL|WALLALOO|WALLALOO EAST"
3384,VIC,"BARKLY","BARKLY|CONCONGELLA|FRENCHMANS|JOEL JOEL|JOEL SOUTH|LANDSBOROUGH|LANDSBOROUGH WEST|NAVARRE|SHAYS FLAT|TULKARA|WATTLE CREEK"
3385,VIC,"DADSWELLS BRIDGE","DADSWELLS BRIDGE|DEEP LEAD|GLENORCHY|LEDCOURT|LUBECK|RIACHELLA|ROSES GAP|WAL WAL"
3387,VIC,"BOLANGUM","BOLANGUM|CALLAWADDA|CAMPBELLS BRIDGE|GERMANIA|GREENS CREEK|KANYA|MARNOO|MARNOO WEST|MORRL MORRL|WALLALOO|WALLALOO EAST"
3388,VIC,"BANYENA","BANYENA|RUPANYUP"
3390,VIC,"KEWELL","KEWELL|MURTOA"
3391,VIC,"BRIM","BRIM"
3392,VIC,"BOOLITE","BOOLITE|MINYIP|SHEEP HILLS"
3393,VIC,"AILSA","AILSA|ANGIP|AUBREY|BANGERANG|CANNUM|CRYMELON|KELLALAC|LAH|WARRACKNABEAL|WILKUR|WILLENABRINA"
3395,VIC,"BEULAH","BEULAH|KENMARE|REEDY DAM|ROSEBERY"
3396,VIC,"HOPETOUN","HOPETOUN|HOPEVALE|YARTO"
3399,VIC,"JUNG","JUNG|LONGERENONG"
3400,VIC,"BRIMPAEN","BRIMPAEN|HORSHAM|HORSHAM WEST|ST HELENS PLAINS|WARTOOK|WONWONDAH EAST|WONWONDAH SOUTH"
3401,VIC,"BLACKHEATH","BLACKHEATH|BRIMPAEN|BUNGALALLY|CHERRYPOOL|CLEAR LAKE|CONNANGORACH|DAHLEN|DOOEN|DOUGLAS|DRUNG|GREEN LAKE|GYMBOWEN|HAVEN|HORSHAM|JALLUMBA|JILPANGER|JUNG|KALKEE|KANAGULK|KARNAK|LAHARUM|LONGERENONG|LOWER NORTON|MCKENZIE CREEK|MIGA LAKE|MITRE|MOCKINYA|MURRA WARRA|NORADJUHA|NURCOUNG|NURRABIEL|PIMPINIO|QUANTONG|REMLAW|RIVERSIDE|ROCKLANDS|ST HELENS PLAINS|TELANGATUK EAST|TOOAN|TOOLONDO|VECTIS|WAIL|WALLUP|WARTOOK|WOMBELANO|WONWONDAH|ZUMSTEINS"
3402,VIC,"HORSHAM","HORSHAM"
3407,VIC,"BALMORAL","BALMORAL|ENGLEFIELD|GATUM|PIGEON PONDS|VASEY"
3409,VIC,"ARAPILES","ARAPILES|CLEAR LAKE|DOUGLAS|DUCHEMBEGARRA|GRASS FLAT|JILPANGER|MIGA LAKE|MITRE|NATIMUK|NORADJUHA|TOOAN|WOMBELANO"
3412,VIC,"GOROKE","GOROKE"
3413,VIC,"MINIMAY","MINIMAY|NEUARPURR|OZENKADNOOK|PERONNE"
3414,VIC,"ANTWERP","ANTWERP|DIMBOOLA|TARRANYURK"
3415,VIC,"MIRAM","MIRAM|YARRUNGA"
3418,VIC,"BROUGHTON","BROUGHTON|GERANG GERUNG|GLENLEE|KIATA|LAWLOIT|LITTLE DESERT|LORQUON|NETHERBY|NHILL|YANAC"
3419,VIC,"KANIVA","KANIVA"
3420,VIC,"LILLIMUR","LILLIMUR|SERVICETON|TELOPEA DOWNS"
3423,VIC,"JEPARIT","JEPARIT|LAKE HINDMARSH"
3424,VIC,"ALBACUTYA","ALBACUTYA|RAINBOW|YAAPEET"
3427,VIC,"DIGGERS REST","DIGGERS REST|PLUMPTON"
3428,VIC,"BULLA","BULLA"
3429,VIC,"SUNBURY","SUNBURY|WILDWOOD"
3430,VIC,"CLARKEFIELD","CLARKEFIELD"
3431,VIC,"RIDDELLS CREEK","RIDDELLS CREEK"
3432,VIC,"BOLINDA","BOLINDA"
3433,VIC,"MONEGEETTA","MONEGEETTA"
3434,VIC,"CHEROKEE","CHEROKEE|KERRIE|ROMSEY|SPRINGFIELD"
3435,VIC,"BENLOCH","BENLOCH|GOLDIE|LANCEFIELD|NULLA VALE"
3437,VIC,"BULLENGAROOK","BULLENGAROOK|GISBORNE|GISBORNE SOUTH"
3438,VIC,"NEW GISBORNE","NEW GISBORNE"
3440,VIC,"MACEDON","MACEDON"
3441,VIC,"MOUNT MACEDON","MOUNT MACEDON"
3442,VIC,"ASHBOURNE","ASHBOURNE|CADELLO|CARLSRUHE|COBAW|HANGING ROCK|HESKET|NEWHAM|ROCHFORD|WOODEND|WOODEND NORTH"
3444,VIC,"BARFOLD","BARFOLD|BAYNTON|BAYNTON EAST|EDGECOMBE|GLENHOPE|GREENHILL|KYNETON|KYNETON SOUTH|LANGLEY|LAURISTON|LYAL|METCALFE EAST|MIA MIA|MYRTLE CREEK|PASTORIA|PASTORIA EAST|PIPERS CREEK|REDESDALE|SIDONIA|SPRING HILL|TYLDEN|TYLDEN SOUTH"
3446,VIC,"DRUMMOND NORTH","DRUMMOND NORTH|MALMSBURY"
3447,VIC,"TARADALE","TARADALE"
3448,VIC,"ELPHINSTONE","ELPHINSTONE|METCALFE|SUTTON GRANGE"
3450,VIC,"CASTLEMAINE","CASTLEMAINE|MOONLIGHT FLAT"
3451,VIC,"BARKERS CREEK","BARKERS CREEK|CAMPBELLS CREEK|CHEWTON|CHEWTON BUSHLANDS|FARADAY|FRYERSTOWN|GLENLUCE|GOLDEN POINT|GOWER|GUILDFORD|IRISHTOWN|MCKENZIE HILL|MUCKLEFORD|TARILTA|VAUGHAN|WOODBROOK|YAPEEN"
3453,VIC,"HARCOURT","HARCOURT|HARCOURT NORTH|RAVENSWOOD|RAVENSWOOD SOUTH"
3458,VIC,"BARRYS REEF","BARRYS REEF|BLACKWOOD|FERN HILL|LERDERDERG|LITTLE HAMPTON|NEWBURY|NORTH BLACKWOOD|TRENTHAM|TRENTHAM EAST"
3460,VIC,"BASALT","BASALT|DAYLESFORD"
3461,VIC,"BULLARTO","BULLARTO|BULLARTO SOUTH|CLYDESDALE|COOMOORA|DENVER|DRUMMOND|DRY DIGGINGS|EGANSTOWN|ELEVATED PLAINS|FRANKLINFORD|GLENLYON|HEPBURN|HEPBURN SPRINGS|KORWEINGUBOORA|LEONARDS HILL|LYONVILLE|MOUNT FRANKLIN|MUSK|MUSK VALE|PORCUPINE RIDGE|SAILORS FALLS|SAILORS HILL|SHEPHERDS FLAT|SPARGO CREEK|STRANGWAYS|WHEATSHEAF|YANDOIT|YANDOIT HILLS"
3462,VIC,"GREEN GULLY","GREEN GULLY|JOYCES CREEK|MUCKLEFORD SOUTH|NEWSTEAD|SANDON|WELSHMANS REEF"
3463,VIC,"BARINGHUP","BARINGHUP|BARINGHUP WEST|BRADFORD|EASTVILLE|GOWER|LAANECOORIE|MALDON|NEEREMAN|NUGGETTY|PERKINS REEF|PORCUPINE FLAT|SHELBOURNE|TARRENGOWER|WALMER|WOODSTOCK WEST"
3464,VIC,"CARISBROOK","CARISBROOK"
3465,VIC,"ADELAIDE LEAD","ADELAIDE LEAD|ALMA|BOWENVALE|BUNG BONG|COTSWOLD|CRAIGIE|DAISY HILL|FLAGSTAFF|GOLDEN POINT|HAVELOCK|HOMEBUSH|MAJORCA|MARYBOROUGH|MOOLORT|MOONLIGHT FLAT|NATTE YALLOCK|RATHSCAR|RATHSCAR WEST|RODBOROUGH|SIMSON|TIMOR|TIMOR WEST|WAREEK"
3467,VIC,"AVOCA","AVOCA|MOYREISK"
3468,VIC,"AMPHITHEATRE","AMPHITHEATRE|MOUNT LONARCH"
3469,VIC,"ELMHURST","ELMHURST|GLENLOFTY|GLENLOGIE|GLENPATRICK|NOWHERE CREEK"
3472,VIC,"BET BET","BET BET|BETLEY|BROMLEY|DUNLUCE|DUNOLLY|EDDINGTON|GOLDSBOROUGH|INKERMAN|MCINTYRE|MOLIAGUL|MOUNT HOOGHLY"
3475,VIC,"ARCHDALE","ARCHDALE|ARCHDALE JUNCTION|BEALIBA|BURKES FLAT|COCHRANES CREEK|EMU|LOGAN"
3477,VIC,"AVON PLAINS","AVON PLAINS|BEAZLEYS BRIDGE|CARAPOOEE|CARAPOOEE WEST|COONOOER BRIDGE|COONOOER WEST|DALYENONG|GOOROC|GOWAR EAST|GRAYS BRIDGE|GRE GRE|GRE GRE NORTH|GRE GRE SOUTH|KOOREH|MARNOO EAST|MOOLERR|MOYREISK|PARADISE|REDBANK|ROSTRON|SLATY CREEK|ST ARNAUD EAST|ST ARNAUD NORTH|STUART MILL|SUTHERLAND|SWANWATER|TOTTINGTON|TRAYNORS LAGOON|WINJALLOK|YORK PLAINS"
3478,VIC,"AVON PLAINS","AVON PLAINS|BEAZLEYS BRIDGE|BERRIMAL WEST|CARAPOOEE|CARAPOOEE WEST|COONOOER BRIDGE|COONOOER WEST|DARKBONEE|DOOBOOBETIC|ELBERTON|GOOROC|GOWAR EAST|GRE GRE|GRE GRE NORTH|GRE GRE SOUTH|KOOREH|MEDLYN|MITCHELLS HILL|MOOLERR|MOONAMBEL|PERCYDALE|SLATY CREEK|ST ARNAUD|ST ARNAUD EAST|ST ARNAUD NORTH|STUART MILL|SUTHERLAND|SWANWATER|TANWOOD|TOTTINGTON|TRAYNORS LAGOON|TULKARA|WARRENMANG|YAWONG HILLS"
3480,VIC,"AREEGRA","AREEGRA|BANYENONG|BOOLITE|CARRON|COPE COPE|CORACK|CORACK EAST|DONALD|GIL GIL|JEFFCOTT|JEFFCOTT NORTH|LAEN|LAEN EAST|LAEN NORTH|LAKE BULOKE|LAWLER|LITCHFIELD|RICH AVON|RICH AVON EAST|RICH AVON WEST|SWANWATER WEST"
3482,VIC,"MASSEY","MASSEY|MORTON PLAINS|WARMUR|WATCHEM|WATCHEM WEST"
3483,VIC,"BALLAPUR","BALLAPUR|BIRCHIP|BIRCHIP WEST|CURYO|JIL JIL|KARYRIE|KINNABULLA|MARLBED|NARRAPORT|REEDY DAM|WHIRILY"
3485,VIC,"BANYAN","BANYAN|WATCHUPGA|WILLANGIE|WOOMELANG"
3487,VIC,"LASCELLES","LASCELLES"
3488,VIC,"SPEED","SPEED|TURRIFF|TURRIFF EAST"
3489,VIC,"TEMPY","TEMPY"
3490,VIC,"BIG DESERT","BIG DESERT|BOINKA|KULWIN|MITTYACK|MURRAY-SUNSET|OUYEN|TORRITA|TUTYE"
3491,VIC,"PATCHEWOLLOCK","PATCHEWOLLOCK"
3494,VIC,"CARWARP","CARWARP|COLIGNAN|IRAAK|NANGILOC"
3496,VIC,"CARDROSS","CARDROSS|CULLULLERAINE|LINDSAY POINT|MERINGUR|MERRINEE|MURRAY LOCK NO 9|NEDS CORNER|RED CLIFFS|SUNNYCLIFFS|WERRIMULL"
3498,VIC,"IRYMPLE","IRYMPLE"
3500,NSW,"PARINGI","PARINGI"
3500,VIC,"MILDURA","MILDURA|MILDURA EAST|MILDURA WEST"
3501,VIC,"HATTAH","HATTAH|KOORLONG|MILDURA CENTRE PLAZA|MILDURA SOUTH|NICHOLS POINT"
3502,VIC,"MILDURA","MILDURA"
3505,VIC,"BIRDWOODTON","BIRDWOODTON|CABARITA|MERBEIN|MERBEIN SOUTH|MERBEIN WEST|WARGAN|YELTA"
3506,VIC,"COWANGIE","COWANGIE"
3507,VIC,"WALPEUP","WALPEUP"
3509,VIC,"LINGA","LINGA|UNDERBOOL"
3512,VIC,"CARINA","CARINA|MURRAYVILLE|PANITYA"
3515,VIC,"MARONG","MARONG|SHELBOURNE|WILSONS HILL"
3516,VIC,"BRIDGEWATER","BRIDGEWATER|BRIDGEWATER NORTH|BRIDGEWATER ON LODDON|DERBY|LEICHARDT|YARRABERB"
3517,VIC,"BEARS LAGOON","BEARS LAGOON|BRENANAH|BULLABUL|GLENALBYN|INGLEWOOD|JARKLIN|KINGOWER|KURTING|POWLETT PLAINS|RHEOLA|SALISBURY WEST|SERPENTINE"
3518,VIC,"BERRIMAL","BERRIMAL|BORUNG|FENTONS CREEK|FERNIHURST|FIERY FLAT|KURRACA|KURRACA WEST|MYSIA|NINE MILE|RICHMOND PLAINS|SKINNERS FLAT|WEDDERBURN|WEDDERBURN JUNCTION|WEHLA|WOOLSHED FLAT|WOOSANG"
3520,VIC,"KINYPANIAL","KINYPANIAL|KORONG VALE|SOUTH KINYPANIAL"
3521,VIC,"PYALONG","PYALONG"
3522,VIC,"EMU FLAT","EMU FLAT|GLENHOPE EAST|TOOBORAC"
3523,VIC,"ARGYLE","ARGYLE|COSTERFIELD|DERRINAL|HEATHCOTE|HEATHCOTE SOUTH|KNOWSLEY|LADYS PASS|MOORMBOOL WEST|MOUNT CAMEL|REDCASTLE"
3525,VIC,"BARRAKEE","BARRAKEE|BUCKRABANYULE|CHARLTON|CHIRRIP|GRANITE FLAT|JEFFCOTT|JEFFCOTT NORTH|LAKE MARMAL|NAREEWILLOCK|TEDDYWADDY|TEDDYWADDY WEST|TERRAPPEE|WOOROONOOK|WYCHITELLA|WYCHITELLA NORTH|YEUNGROON|YEUNGROON EAST"
3527,VIC,"BUNGULUKE","BUNGULUKE|DUMOSA|GLENLOTH|GLENLOTH EAST|JERUK|NINYEUNOOK|TEDDYWADDY|TEDDYWADDY WEST|THALIA|TOWANINNY|TOWANINNY SOUTH|WYCHEPROOF|WYCHEPROOF SOUTH"
3529,VIC,"KALPIENUNG","KALPIENUNG|NULLAWIL"
3530,VIC,"CULGOA","CULGOA|SUTTON|WANGIE|WARNE"
3531,VIC,"BERRIWILLOCK","BERRIWILLOCK|BOIGBEAT|SPRINGFIELD"
3533,VIC,"BIMBOURIE","BIMBOURIE|LAKE TYRRELL|MITTYACK|MYALL|NANDALY|NINDA|NYARRIN|PIER MILAN|SEA LAKE|STRATEN|TYENNA|TYRRELL|TYRRELL DOWNS"
3537,VIC,"BARRAPORT","BARRAPORT|BARRAPORT WEST|BOORT|CANARY ISLAND|CATUMNAL|GREDGWIN|LEAGHUR|MINMINDIE|YANDO"
3540,VIC,"CANNIE","CANNIE|NINYEUNOOK|OAKVALE|QUAMBATOOK"
3542,VIC,"COKUM","COKUM|LALBERT|TITTYBONG|TITYBONG"
3544,VIC,"CHINANGIN","CHINANGIN|GOWANFORD|MURNUNGIN|SPRINGFIELD|ULTIMA|ULTIMA EAST|WAITCHIE"
3546,VIC,"BOLTON","BOLTON|CHINKAPOOK|COCAMBA|GERAHMIN|MANANGATANG|TUROAR|WINNAMBOOL"
3549,VIC,"ANNUELLO","ANNUELLO|BANNERTON|HAPPY VALLEY|LIPAROO|ROBINVALE|ROBINVALE IRRIGATION DISTRICT SECTION B|ROBINVALE IRRIGATION DISTRICT SECTION C|ROBINVALE IRRIGATION DISTRICT SECTION D|ROBINVALE IRRIGATION DISTRICT SECTION E|TOL TOL|WANDOWN|WEMEN"
3550,VIC,"BENDIGO","BENDIGO|BENDIGO SOUTH|DIAMOND HILL|EAST BENDIGO|FLORA HILL|IRONBARK|KENNINGTON|LONG GULLY|NORTH BENDIGO|QUARRY HILL|SANDHURST EAST|SPRING GULLY|STRATHDALE|TYSONS REEF|WEST BENDIGO|WHITE HILLS"
3551,VIC,"ARNOLD","ARNOLD|ARNOLD WEST|ASCOT|AXE CREEK|AXEDALE|BAGSHOT|BAGSHOT NORTH|BENDIGO FORWARD|CORNELLA|CREEK VIEW|EMU CREEK|EPPALOCK|EPSOM|HUNTLY|HUNTLY NORTH|JUNORTOUN|KIMBOLTON|LAKE EPPALOCK|LLANELLY|LOCKWOOD|LOCKWOOD SOUTH|LONGLEA|MAIDEN GULLY|MANDURANG|MANDURANG SOUTH|MINTO|MOSQUITO CREEK|MURPHYS CREEK|MYOLA|MYOLA EAST|MYRTLE CREEK|NEWBRIDGE|PAINSWICK|PILCHERS BRIDGE|SEDGWICK|STRATHFIELDSAYE|TARNAGULLA|TOOLLEEN|WAANYARRA|WELLSFORD|WOODSTOCK ON LODDON"
3552,VIC,"BENDIGO","BENDIGO"
3554,VIC,"BENDIGO DC","BENDIGO DC"
3555,VIC,"BIG HILL","BIG HILL|GOLDEN GULLY|GOLDEN SQUARE|KANGAROO FLAT|LANSELL PLAZA|SPECIMEN HILL"
3556,VIC,"CALIFORNIA GULLY","CALIFORNIA GULLY|CAMPBELLS FOREST|COMET HILL|EAGLEHAWK|EAGLEHAWK NORTH|JACKASS FLAT|MYERS FLAT|SAILORS GULLY|SEBASTIAN|WHIPSTICK|WOODVALE"
3557,VIC,"BARNADOWN","BARNADOWN|FOSTERVILLE|GOORNONG|MUSKERRY|MUSKERRY EAST"
3558,VIC,"BURNEWANG","BURNEWANG|COROP WEST|CREEK VIEW|ELMORE|HUNTER|RUNNYMEDE"
3559,VIC,"AVONMORE","AVONMORE|BURRAMBOOT|COLBINABBIN|COROP|GOBARUP|LYNDALE|MAYREEF|RUNNYMEDE"
3561,VIC,"BALLENDELLA","BALLENDELLA|BAMAWM|BAMAWM EXTENSION|BONN|DIGGORA|DIGGORA WEST|FAIRY DELL|NANNEELLA|ROCHESTER|ROCHESTER WEST|THE SETTLEMENT|TIMMERING"
3562,VIC,"TORRUMBARRY","TORRUMBARRY"
3563,VIC,"LOCKINGTON","LOCKINGTON"
3564,VIC,"BAMAWM EXTENSION","BAMAWM EXTENSION|CAMPASPE WEST|ECHUCA|ECHUCA EAST|ECHUCA SOUTH|ECHUCA VILLAGE|ECHUCA WEST|KANYAPELLA|MCEVOYS|PATHO|PATHO WEST|ROSLYNMEAD|SIMMIE|WHARPARILLA"
3565,VIC,"KOTTA","KOTTA"
3566,VIC,"GUNBOWER","GUNBOWER"
3567,VIC,"HORFIELD","HORFIELD|LEITCHVILLE"
3568,VIC,"BURKES BRIDGE","BURKES BRIDGE|COHUNA|CULLEN|DALTONS BRIDGE|GANNAWARRA|KEELY|MACORNA NORTH|MCMILLANS|MEAD|MINCHA WEST|WEE WEE RUP"
3570,VIC,"AUCHMORE","AUCHMORE|DRUMMARTIN|KAMAROOKA|NEILBOROUGH|RAYWOOD|SUMMERFIELD"
3571,VIC,"DINGEE","DINGEE|KAMAROOKA NORTH|POMPAPIEL|TANDARRA|YALLOOK"
3572,VIC,"MILLOO","MILLOO|PIAVELLA|PRAIRIE|TENNYSON"
3573,VIC,"CALIVIL","CALIVIL|MITIAMO|PINE GROVE|PINE GROVE EAST|TERRICK TERRICK EAST"
3575,VIC,"BALD ROCK","BALD ROCK|GLADFIELD|JUNGABURRA|LODDON VALE|MINCHA|MOLOGA|PYRAMID HILL|SYLVATERRE|TERRICK TERRICK|YARRAWALLA"
3576,VIC,"DURHAM OX","DURHAM OX"
3579,VIC,"APPIN","APPIN|APPIN SOUTH|BAEL BAEL|BEAUCHAMP|BENJEROOP|BUDGERUM EAST|CAPELS CROSSING|DINGWALL|EAST YEOBURN|FAIRLEY|GONN CROSSING|KERANG|KERANG EAST|KOROOP|LAKE MERAN|MACORNA|MEERING WEST|MILNES BRIDGE|MURRABIT|MURRABIT WEST|MYALL|MYSTIC PARK|NORMANVILLE|PINE VIEW|REEDY LAKE|SANDHILL LAKE|TEAL POINT|TRAGOWEL|WANDELLA|WESTBY"
3580,VIC,"KOONDROOK","KOONDROOK"
3581,VIC,"BEAUCHAMP","BEAUCHAMP|LAKE CHARM"
3583,VIC,"TRESCO","TRESCO"
3584,VIC,"LAKE BOGA","LAKE BOGA|TRESCO WEST"
3585,VIC,"CASTLE DONNINGTON","CASTLE DONNINGTON|CHILLINGOLLAH|FISH POINT|GOSCHEN|KUNAT|MEATIAN|NOWIE|NYRRABY|PIRA|POLISBET|SPEEWA|SWAN HILL|SWAN HILL PIONEER|SWAN HILL WEST|WINLATON"
3586,NSW,"MALLAN","MALLAN"
3586,VIC,"BULGA","BULGA|MURRAWEE|MURRAYDALE|PENTAL ISLAND|TYNTYNDER|TYNTYNDER SOUTH|ULTIMA EAST"
3588,VIC,"WOORINEN SOUTH","WOORINEN SOUTH"
3589,VIC,"WOORINEN","WOORINEN|WOORINEN NORTH"
3590,VIC,"BEVERFORD","BEVERFORD"
3591,VIC,"VINIFERA","VINIFERA"
3594,VIC,"NYAH","NYAH"
3595,VIC,"NYAH WEST","NYAH WEST"
3596,VIC,"MIRALIE","MIRALIE|TOWAN|WOOD WOOD"
3597,VIC,"KENLEY","KENLEY|KOOLOONONG|LAKE POWELL|NARRUNG|NATYA|PIANGIL"
3599,VIC,"BOUNDARY BEND","BOUNDARY BEND"
3607,VIC,"TABILK","TABILK"
3608,VIC,"BAILIESTON","BAILIESTON|GOULBURN WEIR|GRAYTOWN|KIRWANS BRIDGE|MITCHELLSTOWN|NAGAMBIE|WAHRING|WIRRATE"
3610,VIC,"DHURRINGILE","DHURRINGILE|MOORILIM|MURCHISON|MURCHISON EAST|MURCHISON NORTH"
3612,VIC,"MOORA","MOORA|RUSHWORTH|WANALTA|WARANGA|WARANGA SHORES|WHROO"
3614,VIC,"TOOLAMBA","TOOLAMBA|TOOLAMBA WEST"
3616,VIC,"COOMA","COOMA|GILLIESTON|GIRGARRE EAST|HARSTON|MOOROOPNA NORTH WEST|TATURA|TATURA EAST|TOOLAMBA WEST|WARANGA"
3617,VIC,"BYRNESIDE","BYRNESIDE"
3618,VIC,"MERRIGUM","MERRIGUM"
3619,VIC,"KYABRAM","KYABRAM"
3620,VIC,"KYABRAM","KYABRAM|KYABRAM SOUTH|LANCASTER|MOUNT SCOBIE|ST GERMAINS|TARIPTA|WYUNA|WYUNA EAST"
3621,VIC,"KOYUGA SOUTH","KOYUGA SOUTH|KY VALLEY|KY WEST|KYVALLEY|TONGALA|YAMBUNA"
3622,VIC,"CORNELIA CREEK","CORNELIA CREEK|KOYUGA|STRATHALLAN"
3623,VIC,"CARAG CARAG","CARAG CARAG|STANHOPE|STANHOPE SOUTH"
3624,VIC,"GIRGARRE","GIRGARRE"
3629,VIC,"ARDMONA","ARDMONA|COOMBOONA|MOOROOPNA|MOOROOPNA NORTH|UNDERA"
3630,VIC,"BENARCH","BENARCH|BRANDITT|CANIAMBO|COLLIVER|DUNKIRK|SHEPPARTON|SHEPPARTON SOUTH"
3631,VIC,"ARCADIA","ARCADIA|ARCADIA SOUTH|BRANDITT|COSGROVE|COSGROVE SOUTH|GRAHAMVALE|KARRAMOMUS|KIALLA|KIALLA EAST|KIALLA WEST|LEMNOS|ORRVALE|PINE LODGE|SHEPPARTON EAST|SHEPPARTON NORTH|TAMLEUGH WEST"
3632,VIC,"SHEPPARTON","SHEPPARTON"
3633,VIC,"CONGUPNA","CONGUPNA"
3634,VIC,"BUNBARTHA","BUNBARTHA|INVERGORDON SOUTH|KATANDRA|KATANDRA WEST|MARIONVALE|MARUNGI|TALLYGAROOPNA|ZEERUST"
3635,VIC,"KAARIMBA","KAARIMBA|MUNDOONA|WUNGHNU"
3636,VIC,"DRUMANURE","DRUMANURE|INVERGORDON|NARING|NUMURKAH"
3637,VIC,"WAAIA","WAAIA|YALCA"
3638,VIC,"KOTUPNA","KOTUPNA|NATHALIA|YIELIMA"
3639,VIC,"BARMAH","BARMAH|LOWER MOIRA|PICOLA|PICOLA WEST"
3640,VIC,"KATUNGA","KATUNGA"
3641,VIC,"BEARII","BEARII|MYWEE|STRATHMERTON|ULUPNA"
3643,VIC,"COBRAM","COBRAM"
3644,NSW,"BAROOGA","BAROOGA|LALALTY"
3644,VIC,"COBRAM","COBRAM|COBRAM EAST|KOONOOMOO|MUCKATAH|YARROWEYAH"
3646,VIC,"DOOKIE","DOOKIE|MOUNT MAJOR|NALINGA|WAGGARANDALL|WATTVILLE|YABBA NORTH|YABBA SOUTH|YOUANMITE"
3647,VIC,"DOOKIE COLLEGE","DOOKIE COLLEGE"
3649,VIC,"KATAMATITE","KATAMATITE|KATAMATITE EAST"
3658,VIC,"BROADFORD","BROADFORD|CLONBINANE|FLOWERDALE|HAZELDENE|REEDY CREEK|STRATH CREEK|SUGARLOAF CREEK|SUNDAY CREEK|TYAAK|WATERFORD PARK"
3659,VIC,"SUGARLOAF CREEK","SUGARLOAF CREEK|TALLAROOK"
3660,VIC,"CAVEAT","CAVEAT|DROPMORE|DYSART|HIGHLANDS|HILLDENE|KERRISDALE|KOBYBOYN|NORTHWOOD|SEYMOUR|SEYMOUR SOUTH|TRAWOOL|WHITEHEADS CREEK"
3661,VIC,"SEYMOUR","SEYMOUR"
3662,VIC,"PUCKAPUNYAL","PUCKAPUNYAL|PUCKAPUNYAL MILPO"
3663,VIC,"MANGALORE","MANGALORE"
3664,VIC,"AVENEL","AVENEL|UPTON HILL"
3665,VIC,"LOCKSLEY","LOCKSLEY|LONGWOOD|PRANJIP"
3666,VIC,"BALMATTUM","BALMATTUM|CREIGHTON|CREIGHTONS CREEK|EUROA|GOORAM|KELVIN VIEW|KITHBROOK|LONGWOOD EAST|MIEPOLL|MOGLONEMBY|MOLKA|PRANJIP|RIGGS CREEK|RUFFY|SHEANS CREEK|STRATHBOGIE|TARCOMBE"
3669,VIC,"BOHO","BOHO|BOHO SOUTH|CREEK JUNCTION|EARLSTON|GOWANGARDIE|KOONDA|MARRAWEENEY|TAMLEUGH|TAMLEUGH NORTH|UPOTIPOTPON|VIOLET TOWN"
3670,VIC,"BADDAGINNIE","BADDAGINNIE|TARNOOK|WARRENBAYNE"
3671,VIC,"BENALLA","BENALLA"
3672,VIC,"BENALLA","BENALLA|BENALLA WEST"
3673,VIC,"BENALLA","BENALLA|BROKEN CREEK|GOOMALIBEE|KILFEERA|LAKE MOKOAN|LIMA|LIMA EAST|LIMA SOUTH|LURG|MOLYULLAH|MOORNGAG|SAMARIA|SWANPOOL|TATONG|UPOTIPOTPON|UPPER LURG|UPPER RYANS CREEK|WINTON|WINTON NORTH"
3675,VIC,"BOWEYA","BOWEYA|BOWEYA NORTH|GLENROWAN|GLENROWAN WEST|GRETA|GRETA SOUTH|GRETA WEST|HANSONVILLE|MOUNT BRUNO|TAMINICK"
3676,VIC,"WANGARATTA","WANGARATTA"
3677,VIC,"APPIN PARK","APPIN PARK|WANGARATTA|WANGARATTA WEST|YARRUNGA"
3678,VIC,"BOBINAWARRAH","BOBINAWARRAH|BOORHAMAN|BOORHAMAN EAST|BOWSER|BYAWATHA|CARBOOR|CHESHUNT|CHESHUNT SOUTH|DOCKER|DOCKERS PLAINS|EAST WANGARATTA|EDI|EDI UPPER|EVERTON|EVERTON UPPER|KILLAWARRA|KING VALLEY|LACEBY|LONDRIGAN|MARKWOOD|MEADOW CREEK|MILAWA|NORTH WANGARATTA|OXLEY|OXLEY FLATS|PEECHELBA|PEECHELBA EAST|ROSE RIVER|TARRAWINGEE|WABONGA|WALDARA|WANGANDARY|WANGARATTA FORWARD|WANGARATTA SOUTH|WHITLANDS"
3682,VIC,"BORALMA","BORALMA|LILLIPUT|NORONG|SPRINGHURST"
3683,VIC,"CHILTERN","CHILTERN|CHILTERN VALLEY|CORNISHTOWN|INDIGO"
3685,VIC,"BOORHAMAN NORTH","BOORHAMAN NORTH|BRIMIN|BROWNS PLAINS|CARLYLE|DUGAYS BRIDGE|GOORAMADDA|GREAT SOUTHERN|LAKE MOODEMERE|NORONG CENTRAL|PRENTICE NORTH|RUTHERGLEN"
3687,VIC,"CARLYLE","CARLYLE|WAHGUNYAH"
3688,VIC,"BARNAWARTHA","BARNAWARTHA|BARNAWARTHA NORTH|INDIGO UPPER|INDIGO VALLEY"
3689,VIC,"WODONGA","WODONGA"
3690,VIC,"WEST WODONGA","WEST WODONGA|WODONGA|WODONGA PLAZA"
3691,NSW,"LAKE HUME VILLAGE","LAKE HUME VILLAGE"
3691,VIC,"ALLANS FLAT","ALLANS FLAT|BANDIANA|BARANDUDA|BARNAWARTHA NORTH|BELLBRIDGE|BERRINGAMA|BETHANGA|BONEGILLA|BUNGIL|CASTLE CREEK|CORAL BANK|DEDERANG|EBDEN|GATEWAY ISLAND|GLEN CREEK|GUNDOWRING|HUME WEIR|HUON CREEK|KANCOONA|KANCOONA SOUTH|KERGUNYAH|KERGUNYAH SOUTH|KIEWA|KILLARA|LENEVA|LONE PINE|LUCYVALE|MONGANS BRIDGE|MOUNT ALFRED|OSBORNES FLAT|RUNNING CREEK|STAGHORN FLAT|TALGARNO|TANGAMBALANGA|THOLOGOLONG|UPPER GUNDOWRING|WODONGA FORWARD"
3694,VIC,"BANDIANA","BANDIANA|BANDIANA MILPO"
3695,VIC,"CHARLEROI","CHARLEROI|HUON|RED BLUFF|SANDY CREEK"
3697,VIC,"TAWONGA","TAWONGA"
3698,VIC,"TAWONGA SOUTH","TAWONGA SOUTH"
3699,VIC,"BOGONG","BOGONG|FALLS CREEK|MOUNT BEAUTY|NELSE"
3700,VIC,"BULLIOH","BULLIOH|GEORGES CREEK|JARVIS CREEK|TALLANGATTA|TALLANGATTA EAST"
3701,VIC,"DARTMOUTH","DARTMOUTH|ESKDALE|FERNVALE|GRANITE FLAT|GRANYA|MITTA MITTA|OLD TALLANGATTA|SHELLEY|TALLANDOON|TALLANGATTA SOUTH|TALLANGATTA VALLEY"
3704,VIC,"KOETONG","KOETONG"
3705,VIC,"CUDGEWA","CUDGEWA|NARIEL VALLEY"
3707,NSW,"BRINGENBRONG","BRINGENBRONG"
3707,VIC,"BIGGARA","BIGGARA|COLAC COLAC|CORRYONG|NARIEL VALLEY|THOWGLA VALLEY|TOM GROGGIN|TOWONG|TOWONG UPPER"
3708,VIC,"TINTALDRA","TINTALDRA"
3709,VIC,"BURROWYE","BURROWYE|GUYS FOREST|MOUNT ALFRED|PINE MOUNTAIN|WALWA"
3711,VIC,"BUXTON","BUXTON"
3712,VIC,"RUBICON","RUBICON|THORNTON"
3713,VIC,"EILDON","EILDON|LAKE EILDON|TAYLOR BAY"
3714,VIC,"ACHERON","ACHERON|ALEXANDRA|CATHKIN|CRYSTAL CREEK|DEVILS RIVER|FAWCETT|KORIELLA|MAINTONGOON|TAGGERTY|WHANREGARWEN"
3715,VIC,"ANCONA","ANCONA|MERTON|WOODFIELD"
3717,VIC,"FLOWERDALE","FLOWERDALE|GHIN GHIN|GLENBURN|HOMEWOOD|KILLINGWORTH|LIMESTONE|MURRINDINDI|YEA"
3718,VIC,"MOLESWORTH","MOLESWORTH"
3719,VIC,"GOBUR","GOBUR|KANUMBRA|TERIP TERIP|YARCK"
3720,VIC,"BONNIE DOON","BONNIE DOON"
3722,VIC,"BARWITE","BARWITE|MANSFIELD|MIRIMBAH"
3723,VIC,"ARCHERTON","ARCHERTON|BARJARG|BOOROLITE|BRIDGE CREEK|DELATITE|ENOCHS POINT|GAFFNEYS CREEK|GOUGHS BAY|HOWES CREEK|HOWQUA|HOWQUA HILLS|HOWQUA INLET|JAMIESON|KEVINGTON|KNOCKWOOD|MACS COVE|MAINDAMPLE|MATLOCK|MERRIJIG|MOUNT BULLER|MOUNTAIN BAY|NILLAHCOOTIE|PIRIES|SAWMILL SETTLEMENT|TOLMIE|WOODS POINT"
3724,VIC,"MANSFIELD","MANSFIELD"
3725,VIC,"BOXWOOD","BOXWOOD|CHESNEY VALE|GOORAMBAT|MAJOR PLAINS|STEWARTON"
3726,VIC,"BUNGEET","BUNGEET|BUNGEET WEST|DEVENISH|THOONA"
3727,VIC,"ALMONDS","ALMONDS|LAKE ROWAN|PELLUEBLA|ST JAMES|WAGGARANDALL|YUNDOOL"
3728,VIC,"BOOMAHNOOMOONAH","BOOMAHNOOMOONAH|TUNGAMAH|WILBY|YOUARANG"
3730,VIC,"BATHUMI","BATHUMI|BOOSEY|BUNDALONG|BUNDALONG SOUTH|BURRAMINE|BURRAMINE SOUTH|ESMOND|TELFORD|YARRAWONGA|YARRAWONGA SOUTH"
3732,VIC,"MOYHU","MOYHU|MYRRHEE"
3733,VIC,"WHITFIELD","WHITFIELD"
3735,VIC,"BOWMANS FOREST","BOWMANS FOREST|WHOROULY|WHOROULY EAST|WHOROULY SOUTH"
3736,VIC,"MYRTLEFORD","MYRTLEFORD"
3737,VIC,"ABBEYARD","ABBEYARD|BARWIDGEE|BUFFALO RIVER|DANDONGADALE|GAPSTED|HAVILAH|HAVILLAH|MERRIANG|MERRIANG SOUTH|MUDGEGONGA|MYRTLEFORD|NUG NUG|ROSEWHITE|SELWYN|WONNANGATTA"
3738,VIC,"OVENS","OVENS"
3739,VIC,"EUROBIN","EUROBIN"
3740,VIC,"BUCKLAND","BUCKLAND|MOUNT BUFFALO|POREPUNKAH"
3741,VIC,"BRIGHT","BRIGHT|FREEBURGH|GERMANTOWN|HARRIETVILLE|HOTHAM HEIGHTS|MOUNT HOTHAM|SMOKO"
3744,VIC,"WANDILIGONG","WANDILIGONG"
3746,VIC,"ELDORADO","ELDORADO"
3747,VIC,"BAARMUTHA","BAARMUTHA|BEECHWORTH|HURDLE FLAT|MURMUNGEE|SILVER CREEK|STANLEY|WOOLSHED|WOORAGEE"
3749,VIC,"BRUARONG","BRUARONG|YACKANDANDAH"
3750,VIC,"WOLLERT","WOLLERT"
3751,VIC,"WOODSTOCK","WOODSTOCK"
3752,VIC,"MORANG SOUTH","MORANG SOUTH|SOUTH MORANG"
3753,VIC,"BEVERIDGE","BEVERIDGE"
3754,VIC,"DOREEN","DOREEN|MERNDA"
3755,VIC,"YAN YEAN","YAN YEAN"
3756,VIC,"CHINTIN","CHINTIN|DARRAWEIT GUIM|HIDDEN VALLEY|UPPER PLENTY|WALLAN|WALLAN EAST"
3757,VIC,"BRUCES CREEK","BRUCES CREEK|EDEN PARK|HUMEVALE|KINGLAKE CENTRAL|KINGLAKE WEST|PHEASANT CREEK|WHITTLESEA"
3758,VIC,"HEATHCOTE JUNCTION","HEATHCOTE JUNCTION|WANDONG"
3759,VIC,"PANTON HILL","PANTON HILL"
3760,VIC,"SMITHS GULLY","SMITHS GULLY"
3761,VIC,"ST ANDREWS","ST ANDREWS"
3762,VIC,"BYLANDS","BYLANDS"
3763,VIC,"KINGLAKE","KINGLAKE|MOUNT SLIDE"
3764,VIC,"FORBES","FORBES|GLENAROUA|HIGH CAMP|KILMORE|KILMORE EAST|MORANDING|TANTARABOO|WILLOWMAVIN"
3765,VIC,"MONTROSE","MONTROSE"
3766,VIC,"KALORAMA","KALORAMA"
3767,VIC,"MOUNT DANDENONG","MOUNT DANDENONG"
3770,VIC,"COLDSTREAM","COLDSTREAM|GRUYERE|YERING"
3775,VIC,"CHRISTMAS HILLS","CHRISTMAS HILLS|DIXONS CREEK|STEELS CREEK|TARRAWARRA|YARRA GLEN"
3777,VIC,"BADGER CREEK","BADGER CREEK|CASTELLA|CHUM CREEK|HEALESVILLE|HEALESVILLE MAIN STREET|HEALESVILLE POST SHOP|MOUNT TOOLEBEWONG|TOOLANGI"
3778,VIC,"FERNSHAW","FERNSHAW|NARBETHONG"
3779,VIC,"CAMBARVILLE","CAMBARVILLE|MARYSVILLE"
3781,VIC,"COCKATOO","COCKATOO|MOUNT BURNETT|NANGANA"
3782,VIC,"AVONSLEIGH","AVONSLEIGH|CLEMATIS|EMERALD|MACCLESFIELD"
3783,VIC,"GEMBROOK","GEMBROOK"
3785,VIC,"TREMONT","TREMONT"
3786,VIC,"FERNY CREEK","FERNY CREEK"
3787,VIC,"SASSAFRAS","SASSAFRAS|SASSAFRAS GULLY"
3788,VIC,"OLINDA","OLINDA"
3789,VIC,"SHERBROOKE","SHERBROOKE"
3791,VIC,"KALLISTA","KALLISTA"
3792,VIC,"THE PATCH","THE PATCH"
3793,VIC,"MONBULK","MONBULK"
3795,VIC,"SILVAN","SILVAN"
3796,VIC,"MOUNT EVELYN","MOUNT EVELYN"
3797,VIC,"GILDEROY","GILDEROY|GLADYSDALE|POWELLTOWN|THREE BRIDGES|YARRA JUNCTION"
3799,VIC,"BIG PATS CREEK","BIG PATS CREEK|EAST WARBURTON|MCMAHONS CREEK|MILLGROVE|REEFTON|WARBURTON|WESBURN"
3800,VIC,"MONASH UNIVERSITY","MONASH UNIVERSITY"
3802,VIC,"ENDEAVOUR HILLS","ENDEAVOUR HILLS"
3803,VIC,"HALLAM","HALLAM"
3804,VIC,"NARRE WARREN EAST","NARRE WARREN EAST|NARRE WARREN NORTH"
3805,VIC,"FOUNTAIN GATE","FOUNTAIN GATE|NARRE WARREN|NARRE WARREN SOUTH"
3806,VIC,"BERWICK","BERWICK|HARKAWAY"
3807,VIC,"BEACONSFIELD","BEACONSFIELD|GUYS HILL"
3808,VIC,"BEACONSFIELD UPPER","BEACONSFIELD UPPER|DEWHURST"
3809,VIC,"OFFICER","OFFICER|OFFICER SOUTH"
3810,VIC,"PAKENHAM","PAKENHAM|PAKENHAM SOUTH|PAKENHAM UPPER|RYTHDALE"
3812,VIC,"MARYKNOLL","MARYKNOLL|NAR NAR GOON|NAR NAR GOON NORTH"
3813,VIC,"TYNONG","TYNONG|TYNONG NORTH"
3814,VIC,"CORA LYNN","CORA LYNN|GARFIELD|GARFIELD NORTH|VERVALE"
3815,VIC,"BUNYIP","BUNYIP|BUNYIP NORTH|IONA|TONIMBUK"
3816,VIC,"LABERTOUCHE","LABERTOUCHE|LONGWARRY|LONGWARRY NORTH|MODELLA"
3818,VIC,"ATHLONE","ATHLONE|DROUIN|DROUIN EAST|DROUIN SOUTH|DROUIN WEST|HALLORA|JINDIVICK|RIPPLEBROOK|TARAGO"
3820,VIC,"BONA VISTA","BONA VISTA|LILLICO|WARRAGUL"
3821,VIC,"BRANDY CREEK","BRANDY CREEK|BRAVINGTON|BULN BULN|BULN BULN EAST|CROSSOVER|ELLINBANK|FERNDALE|LARDNER|NAYOOK|NEERIM JUNCTION|NEERIM NORTH|NILMA|NILMA NORTH|ROKEBY|SEAVIEW|SHADY CREEK|TETOORA ROAD|TORWOOD|WARRAGUL SOUTH|WARRAGUL WEST"
3822,VIC,"CLOVERLEA","CLOVERLEA|DARNUM|GAINSBOROUGH"
3823,VIC,"ALLAMBEE","ALLAMBEE|YARRAGON|YARRAGON SOUTH"
3824,VIC,"CHILDERS","CHILDERS|NARRACAN|THORPDALE SOUTH|TRAFALGAR|TRAFALGAR EAST|TRAFALGAR SOUTH"
3825,VIC,"ABERFELDY","ABERFELDY|AMOR|BOOLA|CARINGAL|COALVILLE|COOPERS CREEK|ERICA|FUMINA|FUMINA SOUTH|HERNES OAK|HILL END|JACOB CREEK|JERICHO|MOE|MOE SOUTH|MOONDARRA|NEWBOROUGH|NEWBOROUGH EAST|RAWSON|TANJIL|TANJIL SOUTH|THALLOO|THALOO|THOMSON|TOOMBON|WALHALLA|WALHALLA EAST|WESTBURY|WILLOW GROVE|YALLOURN|YALLOURN NORTH"
3831,VIC,"NEERIM","NEERIM|NEERIM EAST|NEERIM SOUTH"
3832,VIC,"NAYOOK","NAYOOK|NEERIM JUNCTION|NEERIM NORTH"
3833,VIC,"ADA","ADA|BAW BAW|BAW BAW VILLAGE|GENTLE ANNIE|ICY CREEK|LOCH VALLEY|MT BAW BAW|NOOJEE|PIEDMONT|TANJIL BREN|TOORONGO|VESPER"
3835,VIC,"THORPDALE","THORPDALE"
3840,VIC,"DRIFFIELD","DRIFFIELD|HAZELWOOD|HAZELWOOD NORTH|HAZELWOOD SOUTH|JEERALANG|JEERALANG JUNCTION|MARYVALE|MID VALLEY|MORWELL|MORWELL EAST|MORWELL UPPER"
3841,VIC,"GIPPSLAND MC","GIPPSLAND MC"
3842,VIC,"CHURCHILL","CHURCHILL"
3844,VIC,"BLACKWARRY","BLACKWARRY|CALLIGNEE|CALLIGNEE NORTH|CALLIGNEE SOUTH|CARRAJUNG|CARRAJUNG LOWER|CARRAJUNG SOUTH|FLYNN|FLYNNS CREEK|KOORNALLA|LOY YANG|MOUNT TASSIE|TRARALGON|TRARALGON EAST|TRARALGON SOUTH|TYERS|WILLUNG SOUTH"
3847,VIC,"HIAMDALE","HIAMDALE|NAMBROK|ROSEDALE|WILLUNG|WILLUNG SOUTH"
3850,VIC,"GIFFARD","GIFFARD|GUTHRIDGE|SALE|SALE NORTH|WURRUK"
3851,VIC,"AIRLY","AIRLY|BUNDALAGUAH|CLYDEBANK|COBAINS|DARRIMAN|DUTSON|DUTSON DOWNS|FLAMINGO BEACH|FULHAM|GIFFARD|GIFFARD WEST|GLOMAR BEACH|GOLDEN BEACH|KILMANY|LAKE WELLINGTON|LOCH SPORT|LONGFORD|MONTGOMERY|MYRTLEBANK|PARADISE BEACH|PEARSONDALE|SEACOMBE|SEASPRAY|SOMERTON PARK|STRADBROKE|THE HEART|THE HONEYSUCKLES"
3852,VIC,"EAST SALE","EAST SALE|EAST SALE RAAF|SALE EAST RAAF"
3853,VIC,"SALE","SALE"
3854,VIC,"GLENGARRY","GLENGARRY|GLENGARRY NORTH|GLENGARRY WEST"
3856,VIC,"TOONGABBIE","TOONGABBIE"
3857,VIC,"COWWARR","COWWARR"
3858,VIC,"ARBUCKLE","ARBUCKLE|BILLABONG|BURAGWONDUC|CROOKAYAN|DAWSON|DENISON|GILLUM|GLEN FALLOCH|GLENFALLOCH|GLENMAGGIE|HEYFIELD|HOWITT PLAINS|LICOLA|LICOLA NORTH|REYNARD|SARGOOD|SEATON|TAMBORITHA|WINNINDOO|WORROWING|YANGOURA"
3859,VIC,"MAFFRA WEST UPPER","MAFFRA WEST UPPER|MEWBURN PARK|NEWRY|TINAMBA|TINAMBA WEST"
3860,VIC,"BOISDALE","BOISDALE|BRIAGOLONG|BUSHY PARK|COONGULLA|KOOROOL|MAFFRA|MONOMAK|MOROKA|NAP NAP MARRA|NUNTIN|RIVERSLEA|TOOLOME|VALENCIA CREEK|WOOLENOOK|WRATHUNG|WRIXON"
3862,VIC,"BUDGEE BUDGEE","BUDGEE BUDGEE|CASTLEBURN|COBBANNAH|COWA|CROOKED RIVER|DARGO|HAWKHURST|HOLLANDS LANDING|LLOWALONG|MEERLIEU|MIOWERA|MOORNAPA|MUNRO|PERRY BRIDGE|STOCKDALE|STRATFORD|WATERFORD|WONGUNGARRA"
3864,VIC,"FERNBANK","FERNBANK|GLENALADALE|THE FINGERBOARD"
3865,VIC,"LINDENOW","LINDENOW"
3869,VIC,"JUMBUK","JUMBUK|YINNAR|YINNAR SOUTH"
3870,VIC,"BOOLARRA","BOOLARRA|BOOLARRA SOUTH|BUDGEREE|BUDGEREE EAST|GRAND RIDGE|JOHNSTONES HILL|MIRBOO EAST"
3871,VIC,"ALLAMBEE RESERVE","ALLAMBEE RESERVE|ALLAMBEE SOUTH|BAROMI|DARLIMURLA|DELBURN|DOLLAR|LIMONITE|MIRBOO|MIRBOO NORTH|TARWIN EAST"
3873,VIC,"GORMANDALE","GORMANDALE"
3874,VIC,"CARRAJUNG SOUTH","CARRAJUNG SOUTH|CHERRILONG|MCLOUGHLINS BEACH|WOODSIDE|WOODSIDE BEACH|WOODSIDE NORTH"
3875,VIC,"BAIRNSDALE","BAIRNSDALE|BANKSIA PENINSULA|BENGWORDEN|BROADLANDS|BULLUMWAAL|CALULU|CLIFTON CREEK|DEPTFORD|EAST BAIRNSDALE|EASTWOOD|ELLASWOOD|FAIRY DELL|FLAGGY CREEK|FORGE CREEK|GOON NURE|GRANITE ROCK|HILLSIDE|HOLLANDS LANDING|IGUANA CREEK|LINDENOW SOUTH|LUCKNOW|MARTHAVALE|MELWOOD|MERRIJIG|MOUNT TAYLOR|NEWLANDS ARM|RYANS|SARSFIELD|TABBERABBERA|WALPA|WATERHOLES|WENTWORTH|WOODGLEN|WUK WUK|WY YUNG"
3878,VIC,"EAGLE POINT","EAGLE POINT"
3880,VIC,"BOOLE POOLE","BOOLE POOLE|OCEAN GRANGE|PAYNESVILLE|RAYMOND ISLAND"
3882,VIC,"NICHOLSON","NICHOLSON"
3885,VIC,"BRUMBY","BRUMBY|BRUTHEN|BUCHAN|BUCHAN SOUTH|BUTCHERS RIDGE|GELANTIPY|MOSSIFACE|MURRINDAL|SUGGAN BUGGAN|TAMBO UPPER|TIMBARRA|W TREE|WISELEIGH|WULGULMERANG|WULGULMERANG EAST|WULGULMERANG WEST|YALMY"
3886,VIC,"NEWMERELLA","NEWMERELLA"
3887,VIC,"LAKE TYERS","LAKE TYERS|NOWA NOWA|WAIREWA"
3888,VIC,"BENDOC","BENDOC|BETE BOLONG|BETE BOLONG NORTH|BONANG|BRODRIBB RIVER|CABANANDRA|CAPE CONRAN|CORRINGLE|DEDDICK VALLEY|DELEGATE RIVER|DELEGATE RIVER EAST|DELLICKNORA|GOONGERAH|HAYDENS BOG|JARRAHMOND|LOCHEND|MARLO|MARTINS CREEK|NURRAN|OMEO VALLEY|ORBOST|SIMPSONS CREEK|TOSTAREE|TUBBUT|WAYGARA|WOMBAT CREEK"
3889,VIC,"BELL BIRD CREEK","BELL BIRD CREEK|BELLBIRD CREEK|BEMM RIVER|CABBAGE TREE CREEK|CLUB TERRACE|COMBIENBAR|ERRINUNDRA|MANORINA"
3890,VIC,"BULDAH","BULDAH|CANN RIVER|CHANDLERS CREEK|NOORINBEE|NOORINBEE NORTH|TAMBOON|TONGHI CREEK|WEERAGUA"
3891,VIC,"GENOA","GENOA|GIPSY POINT|MARAMINGO CREEK|WALLAGARAUGH|WANGARABELL|WINGAN RIVER|WROXHAM"
3892,VIC,"MALLACOOTA","MALLACOOTA"
3893,VIC,"DOUBLE BRIDGES","DOUBLE BRIDGES|STIRLING|TAMBO CROSSING"
3895,VIC,"DOCTORS FLAT","DOCTORS FLAT|ENSAY|ENSAY NORTH|REEDY CREEK|REEDY FLAT"
3896,VIC,"BINDI","BINDI|BROOKVILLE|NUNNIONG|SWIFTS CREEK|TONGIO"
3898,VIC,"ANGLERS REST","ANGLERS REST|BINGO|BINGO MUNJIE|BUNDARA|CASSILIS|COBUNGRA|DINNER PLAIN|GLEN VALLEY|GLEN WILLS|HINNOMUNJIE|OMEO|OMEO VALLEY|SHANNONVALE"
3900,VIC,"BENAMBRA","BENAMBRA|COBBERAS|UPLANDS"
3902,VIC,"BUMBERRAH","BUMBERRAH|JOHNSONVILLE"
3903,VIC,"SWAN REACH","SWAN REACH"
3904,VIC,"METUNG","METUNG"
3909,VIC,"KALIMNA","KALIMNA|KALIMNA WEST|LAKE BUNGA|LAKE TYERS BEACH|LAKES ENTRANCE|NUNGURNER|NYERIMILANG|TOORLOO ARM"
3910,VIC,"LANGWARRIN","LANGWARRIN"
3911,VIC,"BAXTER","BAXTER|LANGWARRIN SOUTH"
3912,VIC,"PEARCEDALE","PEARCEDALE|SOMERVILLE"
3913,VIC,"TYABB","TYABB"
3915,VIC,"HASTINGS","HASTINGS|TUERONG"
3916,VIC,"MERRICKS","MERRICKS|POINT LEO|SHOREHAM"
3918,VIC,"BITTERN","BITTERN"
3919,VIC,"CRIB POINT","CRIB POINT"
3920,VIC,"FLINDERS NAVAL DEPOT","FLINDERS NAVAL DEPOT|HMAS CERBERUS"
3921,VIC,"ELIZABETH ISLAND","ELIZABETH ISLAND|FRENCH ISLAND|TANKERTON"
3922,VIC,"COWES","COWES|SILVERLEAVES|SMITHS BEACH|SUMMERLANDS|SUNDERLAND BAY|SUNSET STRIP|SURF BEACH|VENTNOR|WIMBLEDON HEIGHTS"
3923,VIC,"RHYLL","RHYLL"
3925,VIC,"CAPE WOOLAMAI","CAPE WOOLAMAI|CHURCHILL ISLAND|NEWHAVEN|SAN REMO"
3926,VIC,"BALNARRING","BALNARRING|BALNARRING BEACH|MERRICKS BEACH|MERRICKS NORTH"
3927,VIC,"SOMERS","SOMERS"
3928,VIC,"MAIN RIDGE","MAIN RIDGE"
3929,VIC,"FLINDERS","FLINDERS"
3930,VIC,"KUNYUNG","KUNYUNG|MOUNT ELIZA"
3931,VIC,"MORNINGTON","MORNINGTON"
3933,VIC,"MOOROODUC","MOOROODUC"
3934,VIC,"MOUNT MARTHA","MOUNT MARTHA"
3936,VIC,"ARTHURS SEAT","ARTHURS SEAT|DROMANA|SAFETY BEACH"
3937,VIC,"RED HILL","RED HILL|RED HILL SOUTH"
3938,VIC,"MCCRAE","MCCRAE"
3939,VIC,"BONEO","BONEO|CAPE SCHANCK|FINGAL|ROSEBUD|ROSEBUD PLAZA"
3940,VIC,"CAPEL SOUND","CAPEL SOUND|ROSEBUD WEST"
3941,VIC,"RYE","RYE|ST ANDREWS BEACH|TOOTGAROOK"
3942,VIC,"BLAIRGOWRIE","BLAIRGOWRIE"
3943,VIC,"SORRENTO","SORRENTO"
3944,VIC,"PORTSEA","PORTSEA"
3945,VIC,"BELLVIEW","BELLVIEW|JEETHO|KROWERA|LOCH|WOODLEIGH"
3946,VIC,"BENA","BENA"
3950,VIC,"KARDELLA SOUTH","KARDELLA SOUTH|KORUMBURRA|KORUMBURRA SOUTH|STRZELECKI|WHITELAW"
3951,VIC,"ARAWATA","ARAWATA|FAIRBANK|JUMBUNNA|KARDELLA|KONGWAK|MOYARRA|OUTTRIM|RANCEBY"
3953,VIC,"BERRYS CREEK","BERRYS CREEK|BOOROOL|HALLSTON|KOOROOMAN|LEONGATHA|LEONGATHA NORTH|LEONGATHA SOUTH|MARDAN|MOUNT ECCLES|MOUNT ECCLES SOUTH|NERRENA|RUBY|TRIDA|WILD DOG VALLEY|WOOREEN"
3954,VIC,"KOONWARRA","KOONWARRA"
3956,VIC,"DUMBALK","DUMBALK|DUMBALK NORTH|MEENIYAN|MIDDLE TARWIN|MIRBOO SOUTH|TARWIN|TARWIN LOWER|VENUS BAY|WALKERVILLE|WALKERVILLE NORTH|WALKERVILLE SOUTH"
3957,VIC,"GRASSY SPUR","GRASSY SPUR|STONY CREEK"
3958,VIC,"BUFFALO","BUFFALO|BUFFALO CREEK"
3959,VIC,"FISH CREEK","FISH CREEK|HODDLE|SANDY POINT|WARATAH BAY|WARATAH NORTH"
3960,VIC,"BENNISON","BENNISON|BOOLARONG|FOSTER|FOSTER NORTH|GUNYAH|MOUNT BEST|RUMBUG|SHALLOW INLET|TIDAL RIVER|TURTONS CREEK|WILSONS PROMONTORY|WONGA|WOORARRA WEST|YANAKIE"
3962,VIC,"AGNES","AGNES|CHRISTIES|GRAND RIDGE|TOORA|TOORA NORTH|WONYIP|WOORARRA|WOORARRA EAST"
3964,VIC,"PORT FRANKLIN","PORT FRANKLIN"
3965,VIC,"PORT WELSHPOOL","PORT WELSHPOOL"
3966,VIC,"BINGINWARRI","BINGINWARRI|HAZEL PARK|WELSHPOOL"
3967,VIC,"HEDLEY","HEDLEY"
3971,VIC,"ALBERTON","ALBERTON|ALBERTON WEST|BALOOK|BAROMI|CALROSSIE|DEVON NORTH|GELLIONDALE|HIAWATHA|HUNTERSTON|JACK RIVER|LANGSBOROUGH|MACKS CREEK|MADALYA|MANNS BEACH|PORT ALBERT|ROBERTSONS BEACH|SNAKE ISLAND|STACEYS BRIDGE|TARRA VALLEY|TARRAVILLE|WON WRON|YARRAM"
3975,VIC,"LYNBROOK","LYNBROOK|LYNDHURST"
3976,VIC,"HAMPTON PARK","HAMPTON PARK"
3977,VIC,"BOTANIC RIDGE","BOTANIC RIDGE|CANNONS CREEK|CRANBOURNE|CRANBOURNE EAST|CRANBOURNE NORTH|CRANBOURNE SOUTH|CRANBOURNE WEST|DEVON MEADOWS|FIVE WAYS|JUNCTION VILLAGE|SANDHURST|SKYE"
3978,VIC,"CARDINIA","CARDINIA|CLYDE|CLYDE NORTH"
3979,VIC,"ALMURTA","ALMURTA|GLEN ALVIE|KERNOT|KORRINE"
3980,VIC,"BLIND BIGHT","BLIND BIGHT|TOORADIN|WARNEET"
3981,VIC,"BAYLES","BAYLES|CATANI|DALMORE|HEATH HILL|KOO WEE RUP|KOO WEE RUP NORTH|YANNATHAN"
3984,VIC,"ADAMS ESTATE","ADAMS ESTATE|CALDERMEADE|CORINELLA|CORONET BAY|GRANTVILLE|JAM JERRUP|LANG LANG|LANG LANG EAST|MONOMEITH|PIONEER BAY|QUEENSFERRY|TENBY POINT|THE GURDIES"
3987,VIC,"NYORA","NYORA"
3988,VIC,"MOUNTAIN VIEW","MOUNTAIN VIEW|POOWONG|POOWONG EAST|POOWONG NORTH"
3989,VIC,"ST HELIER","ST HELIER"
3990,VIC,"GLEN FORBES","GLEN FORBES"
3991,VIC,"BASS","BASS"
3992,VIC,"BLACKWOOD FOREST","BLACKWOOD FOREST|DALYSTON|RYANSTON|WEST CREEK"
3995,VIC,"ANDERSON","ANDERSON|ARCHIES CREEK|CAPE PATERSON|HARMERS HAVEN|HICKSBOROUGH|KILCUNDA|LANCE CREEK|NORTH WONTHAGGI|POWLETT RIVER|SOUTH DUDLEY|ST CLAIR|WATTLE BANK|WONTHAGGI|WOOLAMAI"
3996,VIC,"INVERLOCH","INVERLOCH|POUND CREEK"
4000,QLD,"BRISBANE","BRISBANE|BRISBANE ADELAIDE STREET|BRISBANE CITY|BRISBANE CITY DC|BRISBANE GPO|PARLIAMENT HOUSE|PETRIE TERRACE|SPRING HILL"
4001,QLD,"BRISBANE","BRISBANE|CENTRAL PLAZA|RIVERSIDE CENTRE|WATERFRONT PLACE"
4002,QLD,"BRISBANE ALBERT STREET BC","BRISBANE ALBERT STREET BC|CITY EAST|WINTERGARDEN"
4003,QLD,"GEORGE STREET","GEORGE STREET"
4004,QLD,"SPRING HILL","SPRING HILL"
4005,QLD,"NEW FARM","NEW FARM|TENERIFFE"
4006,QLD,"BOWEN BRIDGE","BOWEN BRIDGE|BOWEN HILLS|BRISBANE EXHIBITION|FORTITUDE VALLEY|FORTITUDE VALLEY BC|HERSTON|MAYNE|NEWSTEAD"
4007,QLD,"ASCOT","ASCOT|BRISBANE AIRPORT|DOOMBEN|HAMILTON|HAMILTON CENTRAL|WHINSTANES"
4008,QLD,"BRISBANE AIRPORT","BRISBANE AIRPORT|BULWER ISLAND|MEEANDAH|MYRTLETOWN|PINKENBA"
4009,QLD,"EAGLE FARM","EAGLE FARM|EAGLE FARM BC"
4010,QLD,"ALBION","ALBION|ALBION BC|ALBION DC|BREAKFAST CREEK"
4011,QLD,"CLAYFIELD","CLAYFIELD|EAGLE JUNCTION|HENDRA"
4012,QLD,"NUNDAH","NUNDAH|TOOMBUL|WAVELL HEIGHTS|WAVELL HEIGHTS NORTH"
4013,QLD,"NORTHGATE","NORTHGATE|NORTHGATE MC"
4014,QLD,"BANYO","BANYO|NUDGEE|NUDGEE BEACH|VIRGINIA|VIRGINIA BC|VIRGINIA DC"
4017,QLD,"BRACKEN RIDGE","BRACKEN RIDGE|BRIGHTON|BRIGHTON EVENTIDE|BRIGHTON NATHAN STREET|DEAGON|NASHVILLE|SANDGATE|SANDGATE DC|SHORNCLIFFE"
4018,QLD,"FITZGIBBON","FITZGIBBON|TAIGUM"
4019,QLD,"CLONTARF","CLONTARF|CLONTARF BEACH|CLONTARF DC|HUMPYBONG|MARGATE|MARGATE BEACH|SCOTTS POINT|WOODY POINT"
4020,QLD,"NEWPORT","NEWPORT|REDCLIFFE|REDCLIFFE NORTH|SCARBOROUGH"
4021,QLD,"KIPPA-RING","KIPPA-RING"
4022,QLD,"ROTHWELL","ROTHWELL"
4025,QLD,"BULWER","BULWER|CAPE MORETON|COWAN COWAN|KOORINGAL|MORETON ISLAND|TANGALOOMA"
4029,QLD,"ROYAL BRISBANE HOSPITAL","ROYAL BRISBANE HOSPITAL"
4030,QLD,"EILDON HILL","EILDON HILL|KALINGA|LUTWYCHE|WINDSOR|WOOLOOWIN"
4031,QLD,"GLEN KEDRON","GLEN KEDRON|GORDON PARK|KEDRON"
4032,QLD,"CHERMSIDE","CHERMSIDE|CHERMSIDE BC|CHERMSIDE CENTRE|CHERMSIDE SOUTH|CHERMSIDE WEST|CRAIGSLEA"
4034,QLD,"ASPLEY","ASPLEY|BOONDALL|CARSELDINE|GEEBUNG|ZILLMERE"
4035,QLD,"ALBANY CREEK","ALBANY CREEK|BRIDGEMAN DOWNS|CASHS CROSSING"
4036,QLD,"BALD HILLS","BALD HILLS"
4037,QLD,"EATONS HILL","EATONS HILL"
4051,QLD,"ALDERLEY","ALDERLEY|ENOGGERA|GAYTHORNE|GRANGE|NEWMARKET|THE GRANGE|WILSTON"
4053,QLD,"BROOKSIDE CENTRE","BROOKSIDE CENTRE|EVERTON HILLS|EVERTON PARK|MCDOWALL|MITCHELTON|OXFORD PARK|SOMERSET HILLS|STAFFORD|STAFFORD BC|STAFFORD CITY|STAFFORD DC|STAFFORD HEIGHTS"
4054,QLD,"ARANA HILLS","ARANA HILLS|GROVELY|KEPERRA"
4055,QLD,"BUNYA","BUNYA|FERNY GROVE|FERNY HILLS|FERNY HILLS DC|KEDRON UPPER|UPPER KEDRON"
4059,QLD,"BALLYMORE","BALLYMORE|ITHACA|KELVIN GROVE|KELVIN GROVE BC|KELVIN GROVE DC|NORMANBY|RED HILL"
4060,QLD,"ASHGROVE","ASHGROVE|ASHGROVE EAST|ASHGROVE WEST|DORRINGTON|ST JOHNS WOOD"
4061,QLD,"THE GAP","THE GAP"
4064,QLD,"BAROONA","BAROONA|MILTON|MILTON BC|PADDINGTON|ROSALIE"
4065,QLD,"BARDON","BARDON|BARDON WEST|JUBILEE|RAINWORTH"
4066,QLD,"AUCHENFLOWER","AUCHENFLOWER|MOUNT COOT-THA|STUARTHOLME|TOOWONG|TOOWONG BC|TOOWONG DC|TORWOOD"
4067,QLD,"IRONSIDE","IRONSIDE|ST LUCIA|ST LUCIA SOUTH"
4068,QLD,"CHELMER","CHELMER|INDOOROOPILLY|INDOOROOPILLY CENTRE|LONG POCKET|TARINGA"
4069,QLD,"BROOKFIELD","BROOKFIELD|CHAPEL HILL|FIG TREE POCKET|KENMORE|KENMORE DC|KENMORE EAST|KENMORE HILLS|LONE PINE|PINJARRA HILLS|PULLENVALE|UPPER BROOKFIELD"
4070,QLD,"ANSTEAD","ANSTEAD|BELLBOWRIE|MOGGILL|PRIORS POCKET"
4072,QLD,"UNIVERSITY OF QUEENSLAND","UNIVERSITY OF QUEENSLAND"
4073,QLD,"SEVENTEEN MILE ROCKS","SEVENTEEN MILE ROCKS|SINNAMON PARK"
4074,QLD,"JAMBOREE HEIGHTS","JAMBOREE HEIGHTS|JINDALEE|MIDDLE PARK|MOUNT OMMANEY|RIVERHILLS|SUMNER|SUMNER PARK BC|WESTLAKE"
4075,QLD,"CORINDA","CORINDA|GRACEVILLE|GRACEVILLE EAST|OXLEY|SHERWOOD"
4076,QLD,"DARRA","DARRA|WACOL|WACOL EAST IMMIGRATION CENTRE"
4077,QLD,"DOOLANDELLA","DOOLANDELLA|DURACK|INALA|INALA EAST|INALA HEIGHTS|INALA WEST|RICHLANDS|RICHLANDS BC|RICHLANDS DC|SERVICETON"
4078,QLD,"ELLEN GROVE","ELLEN GROVE|FOREST LAKE"
4101,QLD,"HIGHGATE HILL","HIGHGATE HILL|MATER HILL|MATER HOSPITAL|SOUTH BANK|SOUTH BRISBANE|SOUTH BRISBANE BC|WEST END"
4102,QLD,"BURANDA","BURANDA|DUTTON PARK|PRINCESS ALEXANDRA HOSPITAL|WOOLLOONGABBA"
4103,QLD,"ANNERLEY","ANNERLEY|ANNERLEY DC|FAIRFIELD|FAIRFIELD GARDENS|THOMPSON ESTATE"
4104,QLD,"YERONGA","YERONGA|YERONGA WEST"
4105,QLD,"CLIFTON HILL","CLIFTON HILL|MOOROOKA|MOORVALE|TENNYSON|YEERONGPILLY"
4106,QLD,"BRISBANE MARKET","BRISBANE MARKET|ROCKLEA|ROCKLEA DC"
4107,QLD,"SALISBURY","SALISBURY|SALISBURY EAST"
4108,QLD,"ARCHERFIELD","ARCHERFIELD|ARCHERFIELD BC|COOPERS PLAINS"
4109,QLD,"ALTANDI","ALTANDI|BANOON|MACGREGOR|ROBERTSON|SUNNYBANK|SUNNYBANK HILLS|SUNNYBANK SOUTH"
4110,QLD,"ACACIA RIDGE","ACACIA RIDGE|ACACIA RIDGE BC|ACACIA RIDGE DC|HEATHWOOD|HEATHWOOD DF|LARAPINTA|PALLARA|WILLAWONG"
4111,QLD,"GRIFFITH UNIVERSITY","GRIFFITH UNIVERSITY|NATHAN"
4112,QLD,"KURABY","KURABY"
4113,QLD,"EIGHT MILE PLAINS","EIGHT MILE PLAINS|FRUITGROVE|RUNCORN"
4114,QLD,"KINGSTON","KINGSTON|LOGAN CENTRAL|LOGAN CITY BC|LOGAN CITY DC|TRINDER PARK|WOODRIDGE|WOODRIDGE EAST"
4115,QLD,"ALGESTER","ALGESTER|PARKINSON"
4116,QLD,"CALAMVALE","CALAMVALE|DREWVALE|STRETTON"
4117,QLD,"BERRINBA","BERRINBA|KARAWATHA"
4118,QLD,"BROWNS PLAINS","BROWNS PLAINS|BROWNS PLAINS BC|BROWNSLEIGH|FORESTDALE|HERITAGE PARK|HILLCREST|REGENTS PARK"
4119,QLD,"UNDERWOOD","UNDERWOOD"
4120,QLD,"GREENSLOPES","GREENSLOPES|LORETO HILL|STONES CORNER"
4121,QLD,"EKIBIN","EKIBIN|HOLLAND PARK|HOLLAND PARK EAST|HOLLAND PARK WEST|MOUNT THOMPSON|TARRAGINDI|WELLERS HILL"
4122,QLD,"MANSFIELD","MANSFIELD|MANSFIELD BC|MANSFIELD DC|MOUNT GRAVATT|MOUNT GRAVATT EAST|UPPER MOUNT GRAVATT|UPPER MOUNT GRAVATT BC|WISHART"
4123,QLD,"PRIESTS GULLY","PRIESTS GULLY|ROCHEDALE|ROCHEDALE SOUTH"
4124,QLD,"BORONIA HEIGHTS","BORONIA HEIGHTS|GREENBANK|LYONS|NEW BEITH|SILVERBARK RIDGE"
4125,QLD,"MUNRUBEN","MUNRUBEN|PARK RIDGE|PARK RIDGE SOUTH"
4127,QLD,"CHATSWOOD HILLS","CHATSWOOD HILLS|DAISY HILL|PRIESTDALE|SLACKS CREEK|SPRINGWOOD|SPRINGWOOD BC"
4128,QLD,"KIMBERLEY PARK","KIMBERLEY PARK|LOGAN HYPERDOME BC|SHAILER PARK|TANAH MERAH"
4129,QLD,"LOGANDALE","LOGANDALE|LOGANHOLME|LOGANHOLME BC|LOGANHOLME DC"
4130,QLD,"CARBROOK","CARBROOK|CORNUBIA"
4131,QLD,"LOGANLEA","LOGANLEA|MEADOWBROOK"
4132,QLD,"CRESTMEAD","CRESTMEAD|CRESTMEAD DC|MARSDEN|MARSDEN POSTAL DEPOT"
4133,QLD,"CHAMBERS FLAT","CHAMBERS FLAT|LOGAN RESERVE|WATERFORD|WATERFORD WEST"
4151,QLD,"COORPAROO","COORPAROO|COORPAROO BC|COORPAROO DC"
4152,QLD,"CAMP HILL","CAMP HILL|CARINA|CARINA HEIGHTS|CARINA NORTH|CARINDALE|WHITES HILL"
4153,QLD,"BELMONT","BELMONT|BELMONT HEIGHTS"
4154,QLD,"GUMDALE","GUMDALE|RANSOME|WAKERLEY"
4155,QLD,"CHANDLER","CHANDLER"
4156,QLD,"BURBANK","BURBANK|MACKENZIE"
4157,QLD,"CAPALABA","CAPALABA|CAPALABA BC|CAPALABA DC|CAPALABA WEST|SHELDON"
4158,QLD,"THORNESIDE","THORNESIDE"
4159,QLD,"BIRKDALE","BIRKDALE"
4160,QLD,"EROBIN","EROBIN|ORMISTON|WELLINGTON POINT"
4161,QLD,"ALEXANDRA HILLS","ALEXANDRA HILLS"
4163,QLD,"CLEVELAND","CLEVELAND|CLEVELAND DC"
4164,QLD,"PINKLANDS","PINKLANDS|THORNLANDS"
4165,QLD,"MOUNT COTTON","MOUNT COTTON|POINT HALLORAN|POINT TALBURPIN|REDLAND BAY|VICTORIA POINT|VICTORIA POINT WEST"
4169,QLD,"EAST BRISBANE","EAST BRISBANE|KANGAROO POINT|STANLEY BRIDGE"
4170,QLD,"CANNON HILL","CANNON HILL|COLMSLIE|MORNINGSIDE|NORMAN PARK|SEVEN HILLS"
4171,QLD,"BALMORAL","BALMORAL|BULIMBA|GALLOWAYS HILL|HAWTHORNE"
4172,QLD,"MURARRIE","MURARRIE"
4173,QLD,"TINGALPA","TINGALPA|TINGALPA BC|TINGALPA DC"
4174,QLD,"DOBOY","DOBOY|HEMMANT"
4178,QLD,"LINDUM","LINDUM|LYTTON|PORT OF BRISBANE|WYNNUM|WYNNUM CENTRAL|WYNNUM NORTH|WYNNUM PLAZA|WYNNUM WEST"
4179,QLD,"LOTA","LOTA|MANLY|MANLY WEST"
4183,QLD,"AMITY","AMITY|AMITY POINT|DUNWICH|NORTH STRADBROKE ISLAND|POINT LOOKOUT"
4184,QLD,"COOCHIEMUDLO ISLAND","COOCHIEMUDLO ISLAND|KARRAGARRA ISLAND|LAMB ISLAND|MACLEAY ISLAND|PEEL ISLAND|PERULPA ISLAND|RUSSELL ISLAND"
4205,QLD,"BETHANIA","BETHANIA"
4207,QLD,"ALBERTON","ALBERTON|BAHRS SCRUB|BANNOCKBURN|BEENLEIGH|BELIVAH|BUCCAN|CABBAGE TREE POINT|CEDAR CREEK|EAGLEBY|EDENS LANDING|HOLMVIEW|KAIRABAH|LOGAN VILLAGE|LUSCOMBE|MOUNT WARREN PARK|STAPYLTON|STEIGLITZ|WINDAROO|WOLFFDENE|WOONGOOLBA|YARRABILBA|YATALA|YATALA DC|YELLOW WOOD"
4208,QLD,"BURNSIDE","BURNSIDE|GILBERTON|HALFWAY CREEK|JACOBS WELL|KINGSHOLME|NORWELL|ORMEAU|ORMEAU HILLS"
4209,QLD,"CANOWINDRA","CANOWINDRA|COOMERA|PIMPAMA|UPPER COOMERA|WILLOW VALE"
4210,QLD,"GUANABA","GUANABA|MAUDSLAND|OXENFORD|STUDIO VILLAGE|WONGAWALLAN"
4211,QLD,"ADVANCETOWN","ADVANCETOWN|BEECHMONT|BINNA BURRA|CARRARA|CLAGIRABA|GAVEN|GILSTON|HIGHLAND PARK|LATIMER|LOWER BEECHMONT|MOUNT NATHAN|NATURAL BRIDGE|NERANG|NERANG BC|NERANG DC|NUMINBAH VALLEY|PACIFIC PINES|PINDARI HILLS|SOUTHERN LAMINGTON"
4212,QLD,"BOYKAMBIL","BOYKAMBIL|HELENSVALE|HELENSVALE TOWN CENTRE|HOPE ISLAND|MONTEREY KEYS|SANCTUARY COVE|SANTA BARBARA"
4213,QLD,"AUSTINVILLE","AUSTINVILLE|BONOGIN|MUDGEERABA|NERANWOOD|SPRINGBROOK|TALLAI|WORONGARY"
4214,QLD,"ARUNDEL","ARUNDEL|ARUNDEL BC|ARUNDEL DC|ASHMORE|ASHMORE CITY|MOLENDINAR|PARKWOOD"
4215,QLD,"AUSTRALIA FAIR","AUSTRALIA FAIR|CHIRN PARK|KEEBRA PARK|LABRADOR|SOUTHPORT|SOUTHPORT BC|SOUTHPORT PARK|SUNDALE"
4216,QLD,"ANGLERS PARADISE","ANGLERS PARADISE|BIGGERA WATERS|COOMBABAH|CURRIGEE|HOLLYWELL|PARADISE POINT|PARADISE POINT KEYS|RUNAWAY BAY|SOUTH STRADBROKE|SOVEREIGN ISLANDS"
4217,QLD,"BENOWA","BENOWA|BUNDALL|BUNDALL BC|BUNDALL DC|CHEVRON ISLAND|GOLD COAST MC|ISLE OF CAPRI|MAIN BEACH|PARADISE ISLAND|PARADISE WATERS|SORRENTO|SURFERS PARADISE|THE SPIT"
4218,QLD,"BROADBEACH","BROADBEACH|BROADBEACH WATERS|CYPRESS GARDENS|FLORIDA GARDENS|MERMAID BEACH|MERMAID KEYS|MERMAID WATERS|MIAMI KEYS|MOANA PARK|NOBBY BEACH|PACIFIC FAIR|Q SUPERCENTRE|RIALTO|RIO VISTA"
4219,QLD,"WEST BURLEIGH","WEST BURLEIGH"
4220,QLD,"BURLEIGH BC","BURLEIGH BC|BURLEIGH DC|BURLEIGH HEADS|BURLEIGH TOWN|BURLEIGH WATERS|MIAMI|TALLY VALLEY"
4221,QLD,"ELANORA","ELANORA|PALM BEACH"
4222,QLD,"GRIFFITH UNIVERSITY","GRIFFITH UNIVERSITY"
4223,QLD,"CURRUMBIN","CURRUMBIN|CURRUMBIN DC|CURRUMBIN VALLEY|CURRUMBIN WATERS"
4224,QLD,"TUGUN","TUGUN|TUGUN HEIGHTS"
4225,QLD,"BILINGA","BILINGA|COOLANGATTA|GREENMOUNT|KIRRA|RAINBOW BAY"
4226,QLD,"CLEAR ISLAND WATERS","CLEAR ISLAND WATERS|KERRYDALE|MERRIMAC|ROBINA|ROBINA DC"
4227,QLD,"REEDY CREEK","REEDY CREEK|VARSITY LAKES"
4228,QLD,"INGLESIDE","INGLESIDE|TALLEBUDGERA|TALLEBUDGERA VALLEY"
4229,QLD,"BOND UNIVERSITY","BOND UNIVERSITY"
4230,QLD,"ROBINA TOWN CENTRE","ROBINA TOWN CENTRE"
4270,QLD,"TAMBORINE","TAMBORINE|TAMBORINE VILLAGE"
4271,QLD,"EAGLE HEIGHTS","EAGLE HEIGHTS"
4272,QLD,"MOUNT TAMBORINE","MOUNT TAMBORINE|NORTH TAMBORINE|TAMBORINE MOUNTAIN"
4275,QLD,"BENOBBLE","BENOBBLE|BIDDADDABA|BLOOMFLEET|BOYLAND|CANUNGRA|FERNY GLEN|FLYING FOX|ILLINBAH|LAMINGTON NATIONAL PARK|O'REILLY|O'REILLYS|SARABAH|WITHEREN|WONGLEPONG"
4280,QLD,"FLAGSTONE","FLAGSTONE|GLENLOGAN|JIMBOOMBA|MACLEAN|NORTH MACLEAN|RIVERBEND|SOUTH MACLEAN|STOCKLEIGH"
4285,QLD,"ALLENVIEW","ALLENVIEW|BEAUDESERT|BIRNAM|BROMELTON|CAINBABLE|CEDAR GROVE|CEDAR VALE|CHINGHEE CREEK|CHRISTMAS CREEK|CRYNA|DARLINGTON|FLINDERS LAKES|GLENEAGLE|HILLVIEW|ILBOGAN|INNISPLAIN|JOSEPHVILLE|KAGARU|KERRY|KNAPP CREEK|KOORALBYN|LAMINGTON|LARAVALE|MONARCH GLEN|MOUNT GIPPS|MUNDOOLUN|NINDOOINBAH|OAKY CREEK|TABOOBA|TABRAGALBA|TAMROOKUM|TAMROOKUM CREEK|UNDULLAH|VERESDALE|VERESDALE SCRUB|WOODHILL"
4287,QLD,"BARNEY VIEW","BARNEY VIEW|MOUNT BARNEY|MOUNT LINDESAY|PALEN CREEK|RATHDOWNEY|RUNNING CREEK"
4300,QLD,"AUGUSTINE HEIGHTS","AUGUSTINE HEIGHTS|BELLBIRD PARK|BROOKWATER|CAMIRA|CAROLE PARK|GAILES|GOODNA|GOODNA DC|GOODNA EAST|OPOSSUM CREEK|SPRING MOUNTAIN|SPRINGFIELD|SPRINGFIELD CENTRAL|SPRINGFIELD LAKES"
4301,QLD,"COLLINGWOOD PARK","COLLINGWOOD PARK|GREENWOOD VILLAGE|REDBANK|REDBANK PLAINS"
4303,QLD,"DINMORE","DINMORE|NEW CHUM|RIVERVIEW"
4304,QLD,"BLACKSTONE","BLACKSTONE|BOOVAL|BOOVAL BC|BOOVAL DC|BOOVAL FAIR|BUNDAMBA|EBBW VALE|NORTH BOOVAL|SILKSTONE"
4305,QLD,"BASIN POCKET","BASIN POCKET|BRASSALL|BRASSALL HEIGHTS|BREMER|CHURCHILL|COALFALLS|EAST IPSWICH|EASTERN HEIGHTS|FLINDERS VIEW|IPSWICH|LEICHHARDT|LIMESTONE RIDGES|MOORES POCKET|NEWTOWN|NORTH IPSWICH|NORTH TIVOLI|ONE MILE|RACEVIEW|RAYMONDS HILL|SADLIERS CROSSING|TIVOLI|WEST IPSWICH|WOODEND|WULKURAKA|YAMANTO"
4306,QLD,"AMBERLEY","AMBERLEY|BANKS CREEK|BARELLAN POINT|BELLHAVEN|BLACKSOIL|BLACKWALL|BORALLON|CHUWAR|DEEBING HEIGHTS|DUNDAS|ENGLAND CREEK|FAIRNEY VIEW|FERNVALE|FOREST GLADE|GLAMORGAN VALE|GOOLMAN|HAIGSLEA|HOLTS HILL|IRONBARK|KARALEE|KARANA DOWNS|KARRABIN|KHOLO|LAKE MANCHESTER|LARK HILL|LOAMSIDE|MONSILDALE|MOUNT CROSBY|MOUNT MARROW|MUIRLEA|PEAK CROSSING|PINE MOUNTAIN|PURGA|RIPLEY|SOUTH RIPLEY|SPLIT YARD CREEK|SWANBANK|THAGOONA|VERNOR|WALLOON|WANORA|WASHPOOL|WEST AMBERLEY|WHITE ROCK|WILLOWBANK|WIVENHOE|WIVENHOE POCKET"
4307,QLD,"COLEYVILLE","COLEYVILLE|HARRISVILLE|MUTDAPILLY|RADFORD|SILVERDALE|WARRILL VIEW|WILSONS PLAINS"
4309,QLD,"ARATULA","ARATULA|CHARLWOOD|CLUMBER|FASSIFERN|FASSIFERN VALLEY|FRAZERVIEW|KALBAR|KENTS LAGOON|KULGUN|MILORA|MOOGERAH|MORWINCHA|MOUNT EDWARDS|MUNBILLA|OBUM OBUM|TAROME|TEVIOTVILLE|WASHPOOL"
4310,QLD,"ALLANDALE","ALLANDALE|ANTHONY|BLANTYRE|BOONAH|BUNBURRA|BUNJURGEN|BURNETT CREEK|CANNON CREEK|CARNEYS CREEK|COOCHIN|COULSON|CROFTBY|DUGANDAN|FRENCHES CREEK|HOYA|KENTS POCKET|LAKE MOOGERAH|MAROON|MAROON DAM|MILBONG|MILFORD|MOUNT ALFORD|MOUNT FRENCH|ROADVALE|TEMPLIN|WALLACES CREEK|WOOLOOMAN|WYARALONG"
4311,QLD,"ATKINSONS DAM","ATKINSONS DAM|BRIGHTVIEW|BUARABA|BUARABA SOUTH|CHURCHABLE|CLARENDON|COOLANA|COOMINYA|LAKE WIVENHOE|LOCKYER WATERS|LOWOOD|MINDEN|MOUNT TARAMPA|PATRICK ESTATE|PRENZLAU|RIFLE RANGE|TARAMPA|WIVENHOE HILL"
4312,QLD,"BRYDEN","BRYDEN|CABOONBAH|COAL CREEK|CROSSDALE|ESK|ESKDALE|GLEN ESK|MOOMBRA|MOUNT BYRON|MOUNT HALLEN|MURRUMBA|REDBANK CREEK|SOMERSET DAM"
4313,QLD,"BIARRA","BIARRA|BRAEMORE|COOEEIMBARDI|CRESSBROOK|FULHAM|GREGORS CREEK|IVORY CREEK|LOWER CRESSBROOK|MOUNT BEPPO|OTTABA|SCRUB CREEK|TOOGOOLAWAH|YIMBUN"
4314,QLD,"AVOCA VALE","AVOCA VALE|BENARKIN|BENARKIN NORTH|BLACKBUTT|BLACKBUTT NORTH|BLACKBUTT SOUTH|CHERRY CREEK|COLINTON|GILLA|GOOGA CREEK|HARLIN|LINVILLE|MOORE|MOUNT BINGA|MOUNT STANLEY|NUKKU|TAROMEO|TEELAH"
4340,QLD,"ASHWELL","ASHWELL|CALVERT|EBENEZER|GRANDCHESTER|JEEBROPILLY|LANEFIELD|LOWER MOUNT WALKER|MERRYVALE|MOORANG|MOUNT FORBES|MOUNT MORT|MOUNT WALKER|MOUNT WALKER WEST|ROSEVALE|ROSEWOOD|TALLEGALLA|THE BLUFF|WOOLSHED"
4341,QLD,"BLENHEIM","BLENHEIM|HATTON VALE|KENSINGTON GROVE|KENTVILLE|LAIDLEY|LAIDLEY CREEK WEST|LAIDLEY HEIGHTS|LAIDLEY NORTH|LAIDLEY SOUTH|MOUNT BERRYMAN|MULGOWIE|PLAINLAND|REGENCY DOWNS|SUMMERHOLM|THORNTON|TOWNSON"
4342,QLD,"CROWLEY VALE","CROWLEY VALE|FOREST HILL|GLEN CAIRN|GLENORE GROVE|LOCKROSE|LYNFORD"
4343,QLD,"ADARE","ADARE|BLACK DUCK CREEK|CAFFEY|COLLEGE VIEW|EAST HALDON|FORDSDALE|GATTON|INGOLDSBY|JUNCTION VIEW|LAKE CLARENDON|LAWES|LEFTHAND BRANCH|LOWER TENTHILL|MORTON VALE|MOUNT SYLVIA|PLACID HILLS|RINGWOOD|ROCKSIDE|ROPELEY|SPRING CREEK|UPPER TENTHILL|VINEGAR HILL|WOODBINE|WOODLANDS"
4344,QLD,"CARPENDALE","CARPENDALE|EGYPT|FLAGSTONE CREEK|HELIDON|HELIDON SPA|IREDALE|LILYDALE|LOCKYER|ROCKMOUNT|SEVENTEEN MILE|SILVER PINCH|SILVER RIDGE|STOCKYARD|UPPER FLAGSTONE"
4345,QLD,"GATTON COLLEGE","GATTON COLLEGE"
4346,QLD,"MARBURG","MARBURG"
4347,QLD,"GRANTHAM","GRANTHAM|MA MA CREEK|MOUNT WHITESTONE|VERADILLA|WINWILL"
4350,QLD,"ATHOL","ATHOL|BLUE MOUNTAIN HEIGHTS|CARRINGTON|CENTENARY HEIGHTS|CHARLTON|CLIFFORD GARDENS|COTSWOLD HILLS|CRANLEY|DARLING HEIGHTS|DRAYTON|DRAYTON NORTH|EAST TOOWOOMBA|EASTLAKE|FINNIE|GLENVALE|GLENVALE PARK|GOWRIE|GOWRIE MOUNTAIN|HARLAXTON|HARRISTOWN|KEARNEYS SPRING|MACDONALDTOWN|MIDDLE RIDGE|MOUNT KYNOCH|MOUNT LOFTY|MOUNT RASCAL|NEWTOWN|NORTH TOOWOOMBA|NORTHLANDS|NORTHPOINT|PICNIC POINT|PRINCE HENRY HEIGHTS|RANGEVILLE|REDWOOD|ROCKVILLE|SOUTH TOOWOOMBA|SOUTHTOWN|TOOWOOMBA|TOOWOOMBA BC|TOOWOOMBA CITY|TOOWOOMBA DC|TOOWOOMBA EAST|TOOWOOMBA SOUTH|TOOWOOMBA VILLAGE FAIR|TOOWOOMBA WEST|TOP CAMP|TORRINGTON|WELLCAMP|WESTBROOK|WILSONTON|WILSONTON HEIGHTS|WYALLA PLAZA"
4352,QLD,"AMIENS","AMIENS|BALLARD|BAPAUME|BIRNAM|BLANCHVIEW|BRANCHVIEW|CABARLAH|CAWDOR|CEMENT MILLS|COALBANK|CONDAMINE PLAINS|CUTELLA|DERRYMORE|DJUAN|DOCTOR CREEK|EVERGREEN|FIFTEEN MILE|GEHAM|GLENCOE|GORE|GOWRIE JUNCTION|GOWRIE LITTLE PLAIN|GRAPE TREE|GRAPETREE|GROOMSVILLE|HAMPTON|HIGHFIELDS|HIGHGROVE|HODGSON VALE|IREDALE|KARARA|KLEINTON|KULPI|KURROWAH|LILYVALE|LYRA|MACLAGAN|MALLING|MERINGANDAN|MERINGANDAN WEST|MERRITTS CREEK|MOUNT LUKE|MUNIGANEEN|MURPHYS CREEK|NARKO|NORTH MACLAGAN|NUTGROVE|OMAN AMA|PALM TREE|PALMTREE|PAMPAS|PECHEY|PERANGA|PERSEVERANCE|POSTMANS RIDGE|POZIERES|PRESTON|RAMSAY|RANGEMORE|RAVENSBOURNE|SEVERNLEA|SILVER RIDGE|SPRING BLUFF|ST AUBYN|THORNVILLE|TOOWOOMBA MC|TUMMAVILLE|UMBIRAM|UPPER LOCKYER|VALE VIEW|WHICHELLO|WHITE MOUNTAIN|WITHCOTT|WOODLEIGH|WOOLMER|WUTUL|WYREEMA|YALANGUR|YANDILLA"
4353,QLD,"BERGEN","BERGEN|EAST COOYAR|HADEN|MOUNT DARRY"
4354,QLD,"DOUGLAS","DOUGLAS|GOOMBUNGEE|KILBIRNIE"
4355,QLD,"ANDURAMBA","ANDURAMBA|CRESSBROOK CREEK|CROWS NEST|EMU CREEK|GENAVEN|GLENAVEN|GLENHAVEN|JONES GULLY|MOUNTAIN CAMP|NUKINENDA|PIERCE CREEK|PIERCES CREEK|PINELANDS|PLAINBY|SYLVIA VALE|THE BLUFF|UPPER PINELANDS"
4356,QLD,"BONGEEN","BONGEEN|BROXBURN|EVANSLEA|IRONGATE|KINCORA|LINTHORPE|MOTLEY|MOUNT TYSON|NORTH BRANCH|NORWIN|PITTSWORTH|PURRAWUNDA|ROSSVALE|SCRUBBY MOUNTAIN|SPRINGSIDE|ST HELENS|STONELEIGH|YARRANLEA"
4357,QLD,"BRINGALILY","BRINGALILY|BULLI CREEK|CANNING CREEK|CAPTAINS MOUNTAIN|CLONTARF|CONDAMINE FARMS|CYPRESS GARDENS|DOMVILLE|FOREST RIDGE|GRAYS GATE|KOOROONGARRA|LAVELLE|LEMONTREE|MILLMERRAN|MILLMERRAN DOWNS|MILLMERRAN WOODS|MILLWOOD|MOUNT EMLYN|PUNCHS CREEK|ROCKY CREEK|STONEHENGE|THE PINES|TURALLIN|WATTLE RIDGE|WESTERN CREEK|WOONDUL"
4358,QLD,"CAMBOOYA","CAMBOOYA|FELTON|FELTON EAST|FELTON SOUTH|RAMSAY|VALE VIEW"
4359,QLD,"ASCOT","ASCOT|BUDGEE|EAST GREENMOUNT|GREENMOUNT|GREENMOUNT EAST|HIRSTGLEN|WEST HALDON"
4360,QLD,"NOBBY","NOBBY"
4361,QLD,"BACK PLAINS","BACK PLAINS|CLIFTON|ELLANGOWAN|ELPHINSTONE|HEADINGTON HILL|KINGS CREEK|MANAPOURI|MISSEN FLAT|MOUNT MOLAR|NEVILTON|PILTON|RYEFORD|SANDY CAMP|SPRING CREEK|UPPER PILTON|VICTORIA HILL"
4362,QLD,"ALLORA","ALLORA|BERAT|DEUCHAR|ELLINTHORP|FOREST SPRINGS|GOOMBURRA|HENDON|MOUNT MARSHALL|OLD TALGAI|TALGAI"
4363,QLD,"SOUTHBROOK","SOUTHBROOK"
4364,QLD,"BROOKSTEAD","BROOKSTEAD"
4365,QLD,"LEYBURN","LEYBURN"
4370,QLD,"ALLAN","ALLAN|BONY MOUNTAIN|CANNINGVALE|CHERRY GULLY|CLINTONVALE|CUNNINGHAM|DANDEROO|ELBOW VALLEY|FREESTONE|GLADFIELD|GLENGALLAN|GLENNIE HEIGHTS|GREYMARE|JUNABEE|LESLIE|LESLIE DAM|LOCH LOMOND|MARYVALE|MASSIE|MONTROSE|MORGAN PARK|MOUNT COLLIERY|MOUNT STURT|MOUNT TABOR|MURRAYS BRIDGE|NORTH BRANCH|PRATTEN|RODGERS CREEK|ROSEHILL|ROSENTHAL|ROSENTHAL HEIGHTS|SILVERWOOD|SLADEVALE|SWAN CREEK|THANE|THANES CREEK|THE GLEN|THE HERMITAGE|TOOLBURRA|TREGONY|UPPER FREESTONE|UPPER WHEATVALE|WARWICK|WARWICK DC|WHEATVALE|WILDASH|WILLOWVALE|WIYARRA|WOMINA"
4371,QLD,"EMU VALE","EMU VALE|SWANFELS|YANGAN"
4372,QLD,"TANNYMOREL","TANNYMOREL"
4373,QLD,"KILLARNEY","KILLARNEY|THE FALLS|THE HEAD"
4374,QLD,"DALVEEN","DALVEEN|PALGRAVE"
4375,NSW,"COTTONVALE","COTTONVALE"
4375,QLD,"COTTONVALE","COTTONVALE|FLEURBAIX"
4376,QLD,"THULIMBAH","THULIMBAH"
4377,NSW,"MARYLAND","MARYLAND"
4377,QLD,"GLEN NIVEN","GLEN NIVEN|THE SUMMIT"
4378,QLD,"APPLETHORPE","APPLETHORPE"
4380,NSW,"AMOSFIELD","AMOSFIELD|RUBY CREEK|UNDERCLIFFE"
4380,QLD,"AMIENS","AMIENS|BROADWATER|CANNON CREEK|DALCOUTH|DIAMONDVALE|EUKEY|GLENLYON|GOLDFIELDS|GREENLANDS|KYOOMBA|MINGOOLA|MOUNT TULLY|NUNDUBBERMERE|PASSCHENDAELE|PIKEDALE|PIKES CREEK|SEVERNLEA|SPRINGDALE|STANTHORPE|STORM KING|SUGARLOAF|THORNDALE"
4381,QLD,"FLETCHER","FLETCHER|GLEN APLIN"
4382,QLD,"BALLANDEAN","BALLANDEAN|GIRRAWEEN|LYRA|SOMME|SUNDOWN|WYBERBA"
4383,NSW,"JENNINGS","JENNINGS"
4383,QLD,"WALLANGARRA","WALLANGARRA"
4384,QLD,"LIMEVALE","LIMEVALE"
4385,NSW,"CAMP CREEK","CAMP CREEK|TEXAS"
4385,QLD,"BEEBO","BEEBO|BONSHAW|GLENARBON|MAIDENHEAD|RIVERTON|SILVER SPUR|SMITHLEA|TEXAS|WATSONS CROSSING"
4387,QLD,"BRUSH CREEK","BRUSH CREEK|BYBERA|COOLMUNDA|GREENUP|INGLEWOOD|MOSQUITO CREEK|TERRICA|WARROO|WHETSTONE"
4388,QLD,"KURUMBUL","KURUMBUL|YELARBON"
4390,QLD,"BILLA BILLA","BILLA BILLA|CALINGUNEE|CALLANDOON|GOODAR|GOONDIWINDI|KINDON|LUNDAVRA|WONDALLI|WYAGA|YAGABURNE"
4400,QLD,"KINGSTHORPE","KINGSTHORPE"
4401,QLD,"ACLAND","ACLAND|AUBIGNY|BALGOWAN|BIDDESTON|BOODUA|DEVON PARK|GREENWOOD|HIGHLAND PLAINS|KELVINHAUGH|KINGS SIDING|MOUNT IRVING|MULDU|OAKEY|ROSALIE PLAINS|SABINE|SILVERLEIGH|YARGULLEN"
4402,QLD,"COOYAR","COOYAR|KOORALGIN|UPPER COOYAR CREEK"
4403,QLD,"BRYMAROO","BRYMAROO|JONDARYAN|MALU|MOUNT MORIAH|QUINALOW|WEST PRAIRIE"
4404,QLD,"BOWENVILLE","BOWENVILLE|FORMARTIN|IRVINGDALE|WAINUI"
4405,QLD,"BEELBEE","BEELBEE|BLAXLAND|BRAEMAR FOREST|BROADWATER|BUNYA MOUNTAINS|DAANDINE|DALBY|DUCKLO|GRASSDALE|KUMBARILLA|KUPUNN|MALAKOFF|MARMADUA|MOWBULLAN|NANDI|PIRRINUAN|RANGES BRIDGE|SPRINGVALE|ST RUTH|TIPTON|WERANGA|YAMSION"
4406,QLD,"BOONDANDILLA","BOONDANDILLA|HALLIFORD|HANNAFORD|JIMBOUR|JIMBOUR EAST|JIMBOUR WEST|KAIMKILLENBUN|KOGAN|MACALISTER|MOOLA|MOONIE|SOUTHWOOD|THE GUMS|WEIR RIVER"
4407,QLD,"CATTLE CREEK","CATTLE CREEK|CECIL PLAINS|DUNMORE|NANGWEE"
4408,QLD,"BELL","BELL|COORANGA|COORANGA NORTH"
4410,QLD,"BURRA BURRI","BURRA BURRI|DARR CREEK|DIAMONDY|JANDOWAE|JINGHI|LANGLANDS"
4411,QLD,"TUCKERANG","TUCKERANG|WARRA"
4412,QLD,"BRIGALOW","BRIGALOW|WYCHIE"
4413,QLD,"AUBURN","AUBURN|BAKING BOARD|BARAKULA|BLACKSWAMP|BOONARGA|BURNCLUITH|CADARGA|CAMEBY|CANAGA|CHANCES PLAIN|CHANCES PLAINS|CHINCHILLA|CROSSROADS|DURAH|FAIRYLAND|GOOMBI|GREENSWAMP|HOPELAND|KRAGRA|MONTROSE|PELICAN|RED HILL|RYWUNG|SUJEEWONG|WIEAMBILLA"
4415,QLD,"BOORTKOI","BOORTKOI|COLUMBOOLA|DALWOGAN|DALWOGON|GURULMUNDI|HOOKSWOOD|KOWGURAN|MILES|MYALL PARK|PELHAM"
4416,QLD,"BARRAMORNIE","BARRAMORNIE|CONDAMINE|MORABY|NANGRAM|PINE HILLS|SUNNYSIDE|YULABILLA"
4417,QLD,"NOORINDOO","NOORINDOO|OBERINA|PARKNOOK|SURAT|WARKON|WELLESLEY|WERIBONE"
4418,QLD,"GULUGUBA","GULUGUBA"
4419,QLD,"BUNDI","BUNDI|BUNGABAN|COCKATOO|GROSMONT|ROCHE CREEK|WANDOAN|WOLEEBEE"
4420,QLD,"BAROONDAH","BAROONDAH|BROADMERE|COORADA|EUROMBAH|GHINGHINDA|GLEBE|GLENHAUGHTON|GWAMBEGWINE|HORNET BANK|KINNOUL|PEEK-A-DOO|SPRING CREEK|TAROOM|WAIKOLA"
4421,QLD,"GORANBA","GORANBA|TARA"
4422,QLD,"COOMRITH","COOMRITH|FLINTON|INGLESTONE|MEANDARRA|WESTMAR"
4423,QLD,"COOMRITH","COOMRITH|GLENMORGAN|TEELBA"
4424,QLD,"DRILLHAM","DRILLHAM|DRILLHAM SOUTH|GLENAUBYN"
4425,QLD,"BOGANDILLA","BOGANDILLA|DULACCA"
4426,QLD,"JACKSON","JACKSON|JACKSON NORTH|JACKSON SOUTH"
4427,QLD,"CLIFFORD","CLIFFORD|YULEBA|YULEBA NORTH|YULEBA SOUTH"
4428,QLD,"PICKANJINNIE","PICKANJINNIE|WALLUMBILLA|WALLUMBILLA NORTH|WALLUMBILLA SOUTH"
4454,QLD,"ARCADIA VALLEY","ARCADIA VALLEY|BAFFLE WEST|BEILBA|DURHAM DOWNS|HIGHLAND PLAINS|HUTTON CREEK|INJUNE|MOUNT HOWE|MOUNT HUTTON|PONY HILLS|SIMMIE|UPPER DAWSON|WESTGROVE"
4455,QLD,"ANGELLALA","ANGELLALA|BALLAROO|BLYTHDALE|BUNGEWORGORAI|BUNGIL|BYMOUNT|CORNWALL|DARGAL ROAD|EUMAMURRIN|EUTHULLA|GUNNEWIN|HODGSON|MOOGA|MOUNT ABUNDANCE|MOUNT BINDANGO|ORALLO|ORANGE HILL|ROMA|TINGUN|WYCOMBE"
4461,QLD,"MUCKADILLA","MUCKADILLA"
4462,QLD,"AMBY","AMBY|EURELLA|WALHALLOW"
4465,QLD,"BARGUNYAH","BARGUNYAH|DUNKELD|FORESTVALE|KILMOREY FALLS|MITCHELL|MOUNT MOFFATT|V GATE|WOMALILLA|WOMBLEBANK"
4467,QLD,"MUNGALLALA","MUNGALLALA|MUNGALLALA SOUTH|REDFORD|TYRCONNEL"
4468,QLD,"BOATMAN","BOATMAN|CLARA CREEK|MORVEN"
4470,QLD,"BAKERS BEND","BAKERS BEND|CHARLEVILLE|GOWRIE STATION|LANGLO|MURWEH|RIVERSLEIGH|SOMMARIVA|WARD"
4471,QLD,"CLAVERTON","CLAVERTON|NARDOO SIDING"
4472,QLD,"BLACKALL","BLACKALL|MOUNT ENNISKILLEN"
4474,QLD,"ADAVALE","ADAVALE"
4475,QLD,"CHEEPIE","CHEEPIE"
4477,QLD,"AUGATHELLA","AUGATHELLA|CAROLINE CROSSING|NIVE|UPPER WARREGO"
4478,QLD,"BAYRICK","BAYRICK|CALDERVALE|LANSDOWNE|LUMEAH|MACFARLANE|MINNIE DOWNS|SCRUBBY CREEK|TAMBO|WINDEYER|YANDARLO"
4479,QLD,"COOLADDI","COOLADDI"
4480,QLD,"EROMANGA","EROMANGA|QUILPIE"
4481,QLD,"FARRARS CREEK","FARRARS CREEK|TANBAR|WINDORAH"
4482,QLD,"BIRDSVILLE","BIRDSVILLE"
4486,QLD,"DIRRANBANDI","DIRRANBANDI|HEBEL"
4487,QLD,"BEGONIA","BEGONIA|ST GEORGE"
4488,QLD,"BARGUNYAH","BARGUNYAH|BINDEBANGO|BOLLON|NEBINE"
4489,QLD,"WYANDRA","WYANDRA"
4490,QLD,"BARRINGUN","BARRINGUN|COONGOOLA|CUNNAMULLA|CUTTABURRA|HUMEBURN|JOBS GATE|LINDEN|NOORAMA|TUEN|WIDGEEGOARA|YOWAH"
4491,QLD,"EULO","EULO"
4492,QLD,"BULLAWARRA","BULLAWARRA|BULLOO DOWNS|CAMERON CORNER|DURHAM|DYNEVOR|NOCCUNDRA|NOCKATUNGA|NORLEY|THARGOMINDAH"
4493,QLD,"HUNGERFORD","HUNGERFORD"
4494,QLD,"BUNGUNYA","BUNGUNYA|NORTH BUNGUNYA|TARAWERA"
4496,QLD,"NORTH TALWOOD","NORTH TALWOOD|SOUTH TALWOOD|TALWOOD"
4497,QLD,"DAYMAR","DAYMAR|THALLON|WEENGALLON"
4498,QLD,"KIOMA","KIOMA|TOOBEAH"
4500,QLD,"BRAY PARK","BRAY PARK|BRENDALE|BRENDALE BC|BRENDALE DC|CASHMERE|CLEAR MOUNTAIN|JOYNER|STRATHPINE|STRATHPINE CENTRE|STRATHPINE CITY|WARNER"
4501,QLD,"LAWNTON","LAWNTON"
4502,QLD,"FRENCHS FOREST","FRENCHS FOREST|PETRIE"
4503,QLD,"DAKABIN","DAKABIN|DOHLES ROCKS|GRIFFIN|KALLANGUR|KURWONGBAH|MURRUMBA DOWNS|WHITESIDE"
4504,QLD,"NARANGBA","NARANGBA"
4505,QLD,"BURPENGARY","BURPENGARY|BURPENGARY DC|BURPENGARY EAST"
4506,QLD,"MOORINA","MOORINA|MORAYFIELD"
4507,QLD,"BANKSIA BEACH","BANKSIA BEACH|BELLARA|BONGAREE|BRIBIE ISLAND|BRIBIE ISLAND DC|BRIBIE ISLAND NORTH|WELSBY|WHITE PATCH|WOORIM"
4508,QLD,"DECEPTION BAY","DECEPTION BAY"
4509,QLD,"MANGO HILL","MANGO HILL|NORTH LAKES"
4510,QLD,"BALINGOOL","BALINGOOL|BEACHMERE|BELLMERE|CABOOLTURE|CABOOLTURE BC|CABOOLTURE SOUTH|DONNYBROOK|MELDALE|MOODLU|ROCKSBERG|TOORBUL|UPPER CABOOLTURE"
4511,QLD,"GODWIN BEACH","GODWIN BEACH|NINGI|SANDSTONE POINT"
4512,QLD,"BRACALBA","BRACALBA|WAMURAN|WAMURAN BASIN"
4513,QLD,"CORYMBIA","CORYMBIA|GREENSTONE|LILYWOOD|WAGTAIL GROVE|WARABA"
4514,QLD,"BELLTHORPE","BELLTHORPE|CEDARTON|COMMISSIONERS FLAT|D'AGUILAR|DELANEYS CREEK|MOUNT ARCHER|MOUNT DELANEY|NEURUM|STANMORE|STONY CREEK|VILLENEUVE|WESTVALE|WOODFORD"
4515,QLD,"GLENFERN","GLENFERN|HAZELDEAN|JIMNA|KILCOY|KINGAHAM|MONSILDALE|MOUNT KILCOY|ROYSTON|SANDY CREEK|SHEEP STATION CREEK|WINYA|WOOLMAR"
4516,QLD,"ELIMBAH","ELIMBAH"
4517,QLD,"BEERBURRUM","BEERBURRUM"
4518,QLD,"GLASS HOUSE MOUNTAINS","GLASS HOUSE MOUNTAINS"
4519,QLD,"BEERWAH","BEERWAH|COOCHIN CREEK|CROHAMHURST|PEACHESTER"
4520,QLD,"ARMSTRONG CREEK","ARMSTRONG CREEK|CAMP MOUNTAIN|CEDAR CREEK|CLOSEBURN|DRAPER|ENOGGERA RESERVOIR|HIGHVALE|JOLLYS LOOKOUT|KOBBLE CREEK|MOUNT GLORIOUS|MOUNT NEBO|MOUNT SAMSON|SAMFORD|SAMFORD VALLEY|SAMFORD VILLAGE|SAMSONVALE|WIGHTS MOUNTAIN|YUGAR"
4521,QLD,"CAMPBELLS POCKET","CAMPBELLS POCKET|DAYBORO|KING SCRUB|LACEYS CREEK|MOUNT MEE|MOUNT PLEASANT|OCEAN VIEW|RUSH CREEK"
4550,QLD,"LANDSBOROUGH","LANDSBOROUGH|MOUNT MELLUM"
4551,QLD,"AROONA","AROONA|BANYA|BARINGA|BATTERY HILL|BELLS CREEK|CALOUNDRA|CALOUNDRA BC|CALOUNDRA DC|CALOUNDRA WEST|CORBOULD PARK|CURRIMUNDI|DIAMOND HEAD|DICKY BEACH|GAGALBA|GOLDEN BEACH|KINGS BEACH|LITTLE MOUNTAIN|MERIDAN PLAINS|MOFFAT BEACH|NIRIMBA|PELICAN WATERS|SHELLY BEACH"
4552,QLD,"BALD KNOB","BALD KNOB|BALMORAL RIDGE|BAROON POCKET|BOOROOBIN|CAMBROON|CONONDALE|CRYSTAL WATERS|CURRAMORE|ELAMAN CREEK|HARPER CREEK|MALENY|MOUNTAIN VIEW|NORTH MALENY|REESVILLE|WITTA|WOOTHA"
4553,QLD,"DIAMOND VALLEY","DIAMOND VALLEY|GLENVIEW|MOOLOOLAH|MOOLOOLAH VALLEY|PALMVIEW"
4554,QLD,"EUDLO","EUDLO|ILKLEY"
4555,QLD,"CHEVALLUM","CHEVALLUM|HUNCHY|LANDERS SHOOT|PALMWOODS"
4556,QLD,"BUDERIM","BUDERIM|FOREST GLEN|KUNDA PARK|MONS|SIPPY DOWNS|TANAWHA"
4557,QLD,"MOOLOOLABA","MOOLOOLABA|MOUNTAIN CREEK"
4558,QLD,"COTTON TREE","COTTON TREE|KULUIN|MAROOCHYDORE|MAROOCHYDORE BC|MAROOCHYDORE DC|MAROOCHYDORE SOUTH|SUNSHINE PLAZA"
4559,QLD,"DIDDILLIBAH","DIDDILLIBAH|KIELS MOUNTAIN|WEST WOOMBYE|WOOMBYE"
4560,QLD,"BLI BLI","BLI BLI|BURNSIDE|COES CREEK|COOLOOLABIN|DULONG|FLAXTON|HIGHWORTH|IMAGE FLAT|KIAMBA|KULANGOOR|KUREELPA|MAPLETON|MONTVILLE|NAMBOUR|NAMBOUR BC|NAMBOUR DC|NAMBOUR WEST|PARKLANDS|PERWILLOWEN|ROSEMOUNT|SUNSHINE COAST MC|TOWEN MOUNTAIN"
4561,QLD,"BRIDGES","BRIDGES|MAROOCHY RIVER|NINDERRY|NORTH ARM|VALDORA|YANDINA|YANDINA CREEK"
4562,QLD,"BELLI PARK","BELLI PARK|DOONAN|EERWAH VALE|EUMUNDI|VERRIERDALE|WEYBA DOWNS"
4563,QLD,"BLACK MOUNTAIN","BLACK MOUNTAIN|CARTERS RIDGE|COOROY|COOROY MOUNTAIN|LAKE MACDONALD|RIDGEWOOD|SUNRISE HILLS|TINBEERWAH"
4564,QLD,"MARCOOLA","MARCOOLA|MUDJIMBA|PACIFIC PARADISE|TWIN WATERS"
4565,QLD,"BOREEN","BOREEN|BOREEN POINT|COOROIBAH|COOTHARABA|LAKE COOTHARABA|NOOSA NORTH SHORE|NORTH SHORE|RINGTAIL CREEK|TEEWAH|TEWANTIN"
4566,QLD,"MUNNA POINT","MUNNA POINT|NOOSAVILLE|NOOSAVILLE BC|NOOSAVILLE DC"
4567,QLD,"CASTAWAYS BEACH","CASTAWAYS BEACH|LITTLE COVE|NOOSA HEADS|SUNRISE BEACH|SUNSHINE BEACH"
4568,QLD,"FEDERAL","FEDERAL|PINBARREN|POMONA"
4569,QLD,"COORAN","COORAN"
4570,QLD,"AMAMOOR","AMAMOOR|AMAMOOR CREEK|ANDERLEIGH|ARALUEN|BANKS POCKET|BEENAAM VALLEY|BELLA CREEK|BELLS BRIDGE|BOLLIER|BROOLOO|CALGOA|CALICO CREEK|CANINA|CEDAR POCKET|CHATSWORTH|COLES CREEK|COONDOO|CORELLA|CURRA|DAGUN|DOWNSFIELD|EAST DEEP CREEK|FISHERMANS POCKET|GILLDORA|GLANMIRE|GLASTONBURY|GLEN ECHO|GLENWOOD|GOOMBOORIAN|GREENS CREEK|GUNALDA|GYMPIE|GYMPIE DC|IMBIL|JONES HILL|KANDANGA|KANDANGA CREEK|KANIGAN|KIA ORA|KYBONG|LAGOON POCKET|LAKE BORUMBA|LANGSHAW|LONG FLAT|LOWER WONGA|MARODIAN|MARYS CREEK|MCINTOSH CREEK|MELAWONDI|MIVA|MONKLAND|MOOLOO|MOTHAR MOUNTAIN|MUNNA CREEK|NAHRUNDA|NEERDIE|NEUSA VALE|NORTH DEEP CREEK|PATERSON|PIE CREEK|ROSS CREEK|SANDY CREEK|SCOTCHY POCKET|SCRUBBY CREEK|SEXTON|SOUTHSIDE|ST MARY|TAMAREE|TANDUR|THE DAWN|THE PALMS|THEEBINE|TOOLARA|TOOLARA FOREST|TRAVESTON|TUCHEKOI|TWO MILE|UPPER GLASTONBURY|UPPER KANDANGA|VETERAN|VICTORY HEIGHTS|WALLU|WIDGEE|WIDGEE CROSSING NORTH|WIDGEE CROSSING SOUTH|WILSONS POCKET|WOLVI|WOOLOOGA|WOONDUM"
4571,QLD,"COMO","COMO|KIN KIN|WAHPUNGA"
4572,QLD,"ALEXANDRA HEADLAND","ALEXANDRA HEADLAND"
4573,QLD,"COOLUM BEACH","COOLUM BEACH|MARCUS BEACH|MOUNT COOLUM|PEREGIAN BEACH|PEREGIAN BEACH SOUTH|PEREGIAN SPRINGS|POINT ARKWRIGHT|YAROOMBA"
4574,QLD,"COOLABINE","COOLABINE|GHEERULLA|KENILWORTH|KIDAMAN CREEK|MOY POCKET|OBI OBI"
4575,QLD,"BIRTINYA","BIRTINYA|BOKARINA|BUDDINA|KAWANA WATERS|MINYAMA|PARREARRA|WARANA|WARANA BEACH|WURTULLA"
4580,QLD,"COOLOOLA","COOLOOLA|COOLOOLA COVE|TIN CAN BAY"
4581,QLD,"EURONG","EURONG|FRASER ISLAND|INSKIP|INSKIP POINT|K'GARI|ORCHID BEACH|RAINBOW BEACH"
4600,QLD,"BLACK SNAKE","BLACK SNAKE|CINNABAR|KILKIVAN|MUDLO|OAKVIEW"
4601,QLD,"BARAMBAH","BARAMBAH|BOONARA|BOOUBYJAN|GOOMERI|GOOMERIBONG|KINBOMBI|MANUMBAR|MANYUNG|TANSEY|WRATTENS FOREST"
4605,QLD,"BARLIL","BARLIL|BYEE|CHERBOURG|CLOYNA|COBBS HILL|CROWNTHORPE|GLENROCK|KITOBA|MANYUNG|MERLWOOD|MOFFATDALE|MOONDOONER|MURGON|OAKDALE|REDGATE|SILVERLEAF|SUNNY NOOK|TABLELANDS|WARNUNG|WINDERA|WOOROONDEN"
4606,QLD,"CHELMSFORD","CHELMSFORD|FAIRDALE|FICKS CROSSING|GREENVIEW|LEAFDALE|MOUNT MCEUEN|MP CREEK|WHEATLANDS|WONDAI"
4608,QLD,"CHARLESTOWN","CHARLESTOWN|CUSHNIE|TINGOORA|WILKESDALE|WOOROOLIN"
4610,QLD,"ALICE CREEK","ALICE CREEK|BALLOGIE|BENAIR|BOOIE|BOONENNE|BOYNESIDE|CHAHPINGAH|COOLABUNIA|CORNDALE|CRAWFORD|DANGORE|DURONG|DURONG SOUTH|ELLESMERE|GOODGER|GORDONBROOK|HALY CREEK|HODGLEIGH|INVERLAW|IRONPOT|KINGAROY|KINGAROY DC|KUMBIA|MANNUEM|MEMERAMBI|TAABINGA|TAABINGA VILLAGE|WATTLE GROVE"
4611,QLD,"MARSHLANDS","MARSHLANDS|MONDURE"
4612,QLD,"HIVESVILLE","HIVESVILLE|KAWL KAWL|KEYSLAND|STONELANDS|WIGTON"
4613,QLD,"ABBEYWOOD","ABBEYWOOD|BOONDOOMA|BRIGOODA|COVERTY|KINLEYMORE|MANAR|MELROSE|OKEDEN|PROSTON|SPEEDWELL|STALWORTH"
4614,QLD,"NEUMGNA","NEUMGNA|UPPER YARRAMAN|YARRAMAN"
4615,QLD,"BARKER CREEK FLAT","BARKER CREEK FLAT|BROOKLANDS|BULLCAMP|EAST NANANGO|ELGIN VALE|GLAN DEVON|JOHNSTOWN|KUNIOON|MAIDENWELL|NANANGO|PIMPIMBUDGEE|RUNNYMEDE|SANDY RIDGES|SOUTH EAST NANANGO|SOUTH NANANGO|TARONG|WATTLE CAMP|WENGENVILLE|WYALLA"
4620,QLD,"ARAMARA","ARAMARA|BROOWEENA|DOONGUL|GIGOOMGAN|GLENBAR|GUNGALOON|MALARGA|NORTH ARAMARA|TEEBAR|WOOCOO"
4621,QLD,"BIGGENDEN","BIGGENDEN|BOOMPA|COALSTOUN LAKES|CORINGA|DALLARNIL|DEGILBO|DIDCOT|GOLDEN FLEECE|LAKESIDE|WATERANGA|WOOWOONGA"
4625,QLD,"ARANBANGA","ARANBANGA|BAN BAN|BAN BAN SPRINGS|BARLYNE|BINJOUR|BLAIRMORE|BON ACCORD|BRANCH CREEK|BYRNESTOWN|CAMPBELL CREEK|DEEP CREEK|DIRNBIR|DUNDARRAH|GAYNDAH|GINOONDAN|GOOROOLBA|HARRIET|HUMPHERY|IDERAWAY|MINGO|MOUNT DEBATEABLE|MOUNT LAWLESS|MOUNT STEADMAN|PENWHAUPELL|PILE GULLY|REIDS CREEK|STOCKHAVEN|THE LIMITS|TOONDAHRA|WAHOON|WETHERON|WILSON VALLEY|WOODMILLAR|YENDA"
4626,QLD,"BEERON","BEERON|BOYNEWOOD|BROVINIA|CATTLE CREEK|COONAMBULA|DERRI DERRA|DYKEHEAD|GLENRAE|GURGEENA|HAWKWOOD|MONOGORILBY|MUNDOWRAN|MUNDUBBERA|O'BIL BIL|OBIL BIL|OLD COORANGA|PHILPOTT|RIVERLEIGH"
4627,QLD,"ABERCORN","ABERCORN|CERATODUS|CHELTENHAM|CYNTHIA|EIDSVOLD|EIDSVOLD EAST|EIDSVOLD WEST|GROSVENOR|MALMOE|WURUMA DAM"
4630,QLD,"BANCROFT","BANCROFT|BUKALI|CANIA|CANNINDAH|COOMINGLAH|COOMINGLAH FOREST|DALGA|GLENLEIGH|HARRAMI|KALPOWAR|KAPALDO|LANGLEY|MONAL|MONTO|MOONFORD|MULGILDIE|MUNGUNGO|RAWBELLE|SELENE|SPLINTER CREEK|TELLEBANG|THREE MOON|VENTNOR|YARROL"
4650,QLD,"ALDERSHOT","ALDERSHOT|ANTIGUA|AUBINVILLE|BADDOW|BAUPLE|BAUPLE FOREST|BEAVER ROCK|BIDWILL|BIG TUAN|BOONOOROO|BOONOOROO PLAINS|DUCKINWILLA|DUNDATHU|DUNMORA|FERNEY|GLENDORF|GLENORCHY|GOOTCHIE|GRAHAMS CREEK|GRANVILLE|GUNDIAH|HILLCREST HEIGHTS|ISLAND PLANTATION|LITTLE TUAN|MAAROOM|MAGNOLIA|MARYBOROUGH|MARYBOROUGH DC|MARYBOROUGH WEST|MOUNT STEADMAN|MOUNT URAH|MUNGAR|NETHERBY|OAKHURST|OWANYILLA|PALLAS STREET MARYBOROUGH|PILERWA|PIONEERS REST|POONA|PRAWLE|ST HELENS|ST MARY|TALEGALLA WEIR|TANDORA|TEDDINGTON|THE DIMONDS|THINOOMBA|TIARO|TINANA|TINANA SOUTH|TINNANBAR|TUAN|TUAN FOREST|WALKERS POINT|YENGARIE|YERRA"
4655,QLD,"BOORAL","BOORAL|BUNYA CREEK|CRAIGNISH|DUNDOWRAN|DUNDOWRAN BEACH|ELI WATERS|GHOST HILL|GREAT SANDY STRAIT|HAPPY VALLEY|HERVEY BAY|HERVEY BAY DC|KAWUNGAN|KINGFISHER BAY|KINGFISHER BAY RESORT|NIKENBAH|PIALBA|POINT VERNON|RIVER HEADS|SCARNESS|SUNSHINE ACRES|SUSAN RIVER|TAKURA|TOOGOOM|TORQUAY|URANGAN|URRAWEEN|WALLIEBUM|WALLIGAN|WONDUNNA"
4659,QLD,"BEELBI CREEK","BEELBI CREEK|BURGOWAN|BURRUM|BURRUM HEADS|BURRUM RIVER|BURRUM TOWN|HOWARD|PACIFIC HAVEN"
4660,QLD,"ABINGTON","ABINGTON|APPLE TREE CREEK|BUXTON|CHERWELL|CHILDERS|CORDALBA|DOOLBI|EUREKA|FARNSFIELD|GOODWOOD|GREGORY RIVER|HORTON|HUXLEY|ISIS CENTRAL|ISIS CENTRAL MILL|ISIS RIVER|KOWBI|KULLOGUM|LYNWOOD|NORTH GREGORY|NORTH ISIS|PROMISEDLAND|REDRIDGE|SOUTH ISIS|WOODGATE"
4662,QLD,"TORBANLEA","TORBANLEA"
4670,QLD,"ABBOTSFORD","ABBOTSFORD|ALLOWAY|ASHFIELD|AVENELL HEIGHTS|AVOCA|AVONDALE|BARGARA|BRANYAN|BUCCA|BUNDABERG|BUNDABERG CENTRAL|BUNDABERG DC|BUNDABERG EAST|BUNDABERG NORTH|BUNDABERG SOUTH|BUNDABERG WEST|BURNETT DOWNS|BURNETT HEADS|CALAVOS|COONARR|CORAL COVE|ELECTRA|ELLIOTT|ELLIOTT HEADS|FAIRYMEAD|GIVELDA|GLENFOREST|GOOBURRUM|INNES PARK|KALKIE|KENSINGTON|KEPNOCK|KINKUNA|MEADOWVALE|MILLBANK|MON REPOS|MOORE PARK|MOORE PARK BEACH|MOORLAND|MULLETT CREEK|NORVILLE|OAKWOOD|PINE CREEK|QUNABA|RUBYANNA|SANTA FE HEIGHTS|SHARON|SOUTH BINGERA|SOUTH KOLAN|SVENSSON HEIGHTS|THABEBAN|WALKERVALE|WATALGAN|WELCOME CREEK|WINDERMERE|WINFIELD|WOONGARRA"
4671,QLD,"BOOLBOONDA","BOOLBOONDA|BOOYAL|BULLYARD|BUNGADOO|DALYSFORD|DAMASCUS|DELAN|DOUGHBOY|DRINAN|DUINGAL|GAETA|GIN GIN|GOOD NIGHT|HORSE CAMP|KOLONGA|LAKE MONDURAN|MAROONDAN|MCILWRAITH|MOLANGUL|MONDURAN|MOOLBOOLAMAN|MORGANVILLE|MOUNT PERRY|MUNGY|NEARUM|NEW MOONTA|REDHILL FARMS|SKYRING RESERVE|ST AGNES|ST KILDA|TAKILBERAN|TIRROAN|WALLAVILLE|WONBAH|WONBAH FOREST"
4673,QLD,"LITTABELLA","LITTABELLA|MIARA|WATERLOO|YANDARAN"
4674,QLD,"BAFFLE CREEK","BAFFLE CREEK|BERAJONDO|DEEPWATER|EULEILAH|MOUNT MARIA|OYSTER CREEK|ROSEDALE|RULES BEACH|TAUNTON"
4676,QLD,"GINDORAN","GINDORAN|LOWMEAD"
4677,QLD,"AGNES WATER","AGNES WATER|CAPTAIN CREEK|COLOSSEUM|EURIMBULA|MIRIAM VALE|MOUNT TOM|ROUND HILL|SEVENTEEN SEVENTY"
4678,QLD,"BOROREN","BOROREN|FORESHORES|RODDS BAY|TURKEY BEACH"
4680,QLD,"BARMUNDU","BARMUNDU|BARNEY POINT|BEECHER|BENARABY|BOYNE ISLAND|BOYNE VALLEY|BOYNEDALE|BUILYAN|BURUA|BYELLEE|CALLEMONDAH|CALLIOPE|CLINTON|CURTIS ISLAND|DIGLUM|GLADSTONE|GLADSTONE BC|GLADSTONE CENTRAL|GLADSTONE DC|GLADSTONE HARBOUR|GLADSTONE SOUTH|GLEN EDEN|HERON ISLAND|HETHERINGTON|IVERAGH|KIN KORA|KIRKWOOD|LITTLEMORE|MANY PEAKS|MOUNT ALMA|NAGOORIN|NEW AUCKLAND|O'CONNELL|RIVER RANCH|SOUTH END|SOUTH GLADSTONE|SOUTH TREES|SUN VALLEY|TABLELANDS|TANNUM SANDS|TARAGOOLA|TELINA|TOOLOOA|UBOBO|WEST GLADSTONE|WEST STOWE|WOODERSON|WURDONG HEIGHTS"
4694,QLD,"ALDOGA","ALDOGA|TARGINIE|TARGINNIE|YARWUN"
4695,QLD,"AMBROSE","AMBROSE|BRACEWELL|DARTS CREEK|EAST END|MACHINE CREEK|MOUNT LARCOM|THE NARROWS"
4697,QLD,"RAGLAN","RAGLAN"
4699,QLD,"BAJOOL","BAJOOL|PORT ALMA"
4700,QLD,"ALLENSTOWN","ALLENSTOWN|DEPOT HILL|FAIRY BOWER|GREAT KEPPEL ISLAND|PORT CURTIS|ROCKHAMPTON|ROCKHAMPTON CITY|ROCKHAMPTON HOSPITAL|THE KEPPELS|THE RANGE|WANDAL|WEST ROCKHAMPTON"
4701,QLD,"BERSERKER","BERSERKER|CENTRAL QUEENSLAND UNIVERSITY|FRENCHVILLE|GREENLAKE|IRONPOT|KALKA|KAWANA|KOONGAL|LAKES CREEK|LIMESTONE CREEK|MOUNT ARCHER|NANKIN|NERIMBERA|NORMAN GARDENS|NORTH ROCKHAMPTON|OASIS GARDENS|PARK AVENUE|RED HILL ROCKHAMPTON|ROCKHAMPTON DC|ROCKHAMPTON NORTH|ROCKHAMPTON SHOPPING FAIR|ROCKYVIEW|SANDRINGHAM|THE COMMON"
4702,QLD,"ALBERTA","ALBERTA|ALSACE|ALTON DOWNS|ANAKIE|ANAKIE SIDING|ARCTURUS|ARGOON|BALCOMBA|BANANA|BARALABA|BARNARD|BINGEGANG|BLACKDOWN|BLUFF|BOGANTUNGAN|BOOLBURRA|BOULDERCOMBE|BUSHLEY|CANAL CREEK|CANOONA|CARNARVON PARK|CAWARRAL|CENTRAL QUEENSLAND MC|CHEESEBOROUGH|COMET|CONSUELO|COOMOO|COOROOMAN|COORUMBENE|COOWONGA|DALMA|DINGO|DIXALEA|DULULU|DUMPY CREEK|DUNDULA CREEK|ETNA CREEK|FERNLEES|GAINSFORD|GARNANT|GEMFIELDS|GINDIE|GLENROY|GOGANGO|GOOMALLY|GOOVIGEN|GOOWARRA|GORDONSTONE|GRACEMERE|HUMBOLDT|JAMBIN|JARDINE|JELLINBAH|JOSKELEIGH|KABRA|KALAPA|KEPPEL SANDS|KOKOTUNGO|KUNWARARA|LOWESBY|MACKENZIE|MARMOR|MIDGEE|MILMAN|MIMOSA|MOONMERA|MORINISH|MORINISH SOUTH|MOUNT CHALMERS|NINE MILE|PARKHURST|PHEASANT CREEK|PINK LILY|PLUM TREE|RANNES|REWAN|RIDGELANDS|ROLLESTON|ROSSMOYA|RUBYVALE|SAPPHIRE|SAPPHIRE CENTRAL|SHOALWATER|SMOKY CREEK|SOUTH YAAMBA|STANAGE|STANWELL|STEWARTON|TARRAMBA|THE CAVES|THE GEMFIELDS|THOMPSON POINT|TOGARA|TUNGAMULL|ULOGIE|WALLAROO|WESTWOOD|WILLOWS|WILLOWS GEMFIELDS|WITHERSFIELD|WOOLEIN|WOOROONA|WOWAN|WYCARBAH|YALLEROI|YARAKA"
4703,QLD,"ADELAIDE PARK","ADELAIDE PARK|BANGALEE|BARLOWS HILL|BARMARYEE|BARMOYA|BAYFIELD|BONDOOLA|BUNGUNDARRA|BYFIELD|CAUSEWAY LAKE|COBRABALL|COOEE BAY|FARNBOROUGH|HIDDEN VALLEY|INVERNESS|KEMP BEACH|KINKA BEACH|LAKE MARY|LAMMERMOOR|LAMMERMOOR BEACH|MARYVALE|MEIKLEVILLE HILL|MULAMBIN|MULARA|PACIFIC HEIGHTS|ROSSLYN|STATUE BAY|STOCKYARD|TANBY|TARANGANBA|TAROOMBALL|WEERRIBA|WOODBURY|YEPPOON"
4704,QLD,"WATTLEBANK","WATTLEBANK|YAAMBA"
4705,QLD,"CLARKE CREEK","CLARKE CREEK|LOTUS CREEK|MACKENZIE RIVER|MARLBOROUGH|MOUNT GARDINER"
4706,QLD,"OGMORE","OGMORE"
4707,QLD,"COLLAROY","COLLAROY|ST LAWRENCE|THE PERCY GROUP"
4709,QLD,"TIERI","TIERI"
4710,QLD,"EMU PARK","EMU PARK|ZILZIE"
4711,QLD,"GLENDALE","GLENDALE|GLENLEE"
4712,QLD,"DUARINGA","DUARINGA"
4713,QLD,"WOORABINDA","WOORABINDA"
4714,QLD,"BAREE","BAREE|BOULDER CREEK|FLETCHER CREEK|HAMILTON CREEK|HORSE CREEK|JOHNSONS HILL|LEYDENS HILL|LIMESTONE|MOONGAN|MOUNT MORGAN|NINE MILE CREEK|OAKEY CREEK|STRUCK OIL|THE MINE|TROTTER CREEK|WALMUL|WALTERHALL|WURA"
4715,QLD,"BILOELA","BILOELA|CALLIDE|CASTLE CREEK|DAKENBA|DUMGREE|GREYCLIFFE|MOUNT MURCHISON|ORANGE CREEK|PROSPECT|TARRAMBA|VALENTINE PLAINS"
4716,QLD,"LAWGI DAWES","LAWGI DAWES|THANGOOL"
4717,QLD,"BLACKWATER","BLACKWATER"
4718,QLD,"BAUHINIA","BAUHINIA|DROMEDARY|KIANGA|MOURA|MUNGABUNDA|OOMBABEER|RHYDDING|ROUNDSTONE|WARNOAH"
4719,QLD,"CAMBOON","CAMBOON|CRACOW|GLENMORAL|ISLA|LONESOME CREEK|THEODORE"
4720,QLD,"EMERALD","EMERALD|LOCHINGTON|YAMALA"
4721,QLD,"ARGYLL","ARGYLL|BELYANDO|CLERMONT|ELGIN|FRANKFIELD|GEMINI MOUNTAINS|KILCUMMIN|LAGLAN|PASHA|PEAK VALE|THERESA CREEK|WINCHESTER|WOLFANG"
4722,QLD,"ALBINIA","ALBINIA|BUCKLAND|CAIRDBEIGN|CONA CREEK|MANTUAN DOWNS|MINERVA|NANDOWRIE|ORION|SPRINGSURE|WEALWANDANGIE"
4723,QLD,"BELCONG","BELCONG|BUNDOORA|CAPELLA|CARBINE CREEK|CHIRNSIDE|COTHERSTONE|CRINUM|FORK LAGOONS|HIBERNIA|KHOSH BULDUK|LILYVALE|LOWESTOFF|MOUNT MACARTHUR|RETRO|WYUNA"
4724,QLD,"ALPHA","ALPHA|BEAUFORT|DRUMMONDSLOPE|HOBARTVILLE|PINE HILL|PORT WINE|QUETTA|SEDGEFORD|SURBITON"
4725,QLD,"BARCALDINE","BARCALDINE|BARCALDINE DOWNS|PATRICK|SALTERN|TARA STATION"
4726,QLD,"ARAMAC","ARAMAC|GALILEE|PELICAN CREEK"
4727,QLD,"ILFRACOMBE","ILFRACOMBE"
4728,QLD,"DUNROBIN","DUNROBIN|GARFIELD|JERICHO|MEXICO"
4730,QLD,"BRIXTON","BRIXTON|CAMOOLA|CHORREGON|ERNESTINA|LONGREACH|MANEROO|MORELLA|STONEHENGE|TOCAL|VERGEMONT"
4731,QLD,"ISISFORD","ISISFORD|YARAKA"
4732,QLD,"MUTTABURRA","MUTTABURRA|TABLEDERRY"
4733,QLD,"CORFIELD","CORFIELD"
4735,QLD,"DIAMANTINA LAKES","DIAMANTINA LAKES|MIDDLETON|OPALTON|WINTON"
4736,QLD,"JUNDAH","JUNDAH"
4737,QLD,"ARMSTRONG BEACH","ARMSTRONG BEACH|BLUE MOUNTAIN|CAMPWIN BEACH|COLSTON PARK|FRESHWATER POINT|GRASSTREE|PLANE CREEK WEST|SARINA|SARINA BEACH|SARINA RANGE|SHINFIELD|SUNNYSIDE"
4738,QLD,"ILBILBIE","ILBILBIE|KOUMALA"
4739,QLD,"CARMILA","CARMILA"
4740,QLD,"ALEXANDRA","ALEXANDRA|ALLIGATOR CREEK|ANDERGROVE|BAKERS CREEK|BALBERRA|BALNAGOWAN|BEACONSFIELD|BELMUNDA|BLACKS BEACH|CANELAND|CAPE HILLSBOROUGH|CHELONA|CONINGSBY|CORAL SEA|CREMORNE|DOLPHIN HEADS|DUMBLETON|DUNDULA|DUNNROCK|EAST MACKAY|EIMEO|ERAKALA|FOULDEN|GLENELLA|GRASSTREE BEACH|HABANA|HALF TIDE BEACH|HALIDAY BAY|HAY POINT|HOMEBUSH|KESWICK ISLAND|LOUISA CREEK|MACKAY|MACKAY BC|MACKAY CANELAND|MACKAY DC|MACKAY EAST|MACKAY HARBOUR|MACKAY NORTH|MACKAY SOUTH|MACKAY WEST|MCEWENS BEACH|MOUNT JUKES|MOUNT PLEASANT|MUNBURA|NINDAROO|NOORLAH|NORTH MACKAY|OORALEA|PAGET|PLANELLA|PLANLAND|RACECOURSE|RICHANNA HEIGHTS|RICHMOND|ROSELLA|RURAL VIEW|SALONIKA BEACH|SANDIFORD|SLADE POINT|SOUTH MACKAY|TE KOWAI|TELINA HEIGHTS|THE LEAP|TIMBERLANDS|WEST MACKAY|WUNDARU|YAKAPARI"
4741,QLD,"BALL BAY","BALL BAY|BRAMPTON ISLAND|BRIGHTLY|CLAIRVIEW|COPPABELLA|DAYDREAM ISLAND|EPSOM|ETON|ETON NORTH|EUNGELLA HINTERLAND|FARLEIGH|FLAGGY ROCK|GARGETT|HAMPDEN|HAZLEDEAN|HOOK ISLAND|KALARKA|KINCHANT DAM|KUTTABUL|LINDEMAN ISLAND|LONG ISLAND|MACKAY MC|MOUNT CHARLTON|MOUNT CHRISTIAN|MOUNT OSSA|MOUNT PELION|NORTH ETON|OAKENDEN|ORKABIE|OWENS CREEK|PINNACLE|PLEYSTOWE|SEAFORTH|SOUTH MOLLE|YALBOROO"
4742,QLD,"BURTON","BURTON|EAGLEFIELD|ELPHINSTONE|HAIL CREEK|KEMMIS|MOUNT BRITTON|MT BRITTON|NEBO|OXFORD|STRATHFIELD|TURRAWULLA|VALKYRIE"
4743,QLD,"GLENDEN","GLENDEN|SUTTOR"
4744,QLD,"MORANBAH","MORANBAH|PEAK DOWNS MINE"
4745,QLD,"DYSART","DYSART|NORWICH PARK"
4746,QLD,"GERMAN CREEK","GERMAN CREEK|MAY DOWNS|MIDDLEMOUNT"
4750,QLD,"BUCASIA","BUCASIA|SHOAL POINT"
4751,QLD,"GREENMOUNT","GREENMOUNT|PALMYRA|VICTORIA PLAINS|WALKERSTON"
4753,QLD,"DEVEREUX CREEK","DEVEREUX CREEK|MARIAN"
4754,QLD,"BENHOLME","BENHOLME|DOWS CREEK|MIA MIA|MIRANI|MOUNT MARTIN|PINEVALE|SEPTIMUS"
4756,QLD,"FINCH HATTON","FINCH HATTON|NETHERDALE"
4757,QLD,"BROKEN RIVER","BROKEN RIVER|CREDITON|DALRYMPLE HEIGHTS|EUNGELLA|EUNGELLA DAM"
4798,QLD,"CALEN","CALEN|MENTMORE|PINDI PINDI|ST HELENS BEACH|WAGOORA"
4799,QLD,"BLOOMSBURY","BLOOMSBURY|MIDGE POINT"
4800,QLD,"ANDROMACHE","ANDROMACHE|BRANDY CREEK|BREADALBANE|CANNON VALLEY|CAPE CONWAY|CAPE GLOUCESTER|CONWAY|CONWAY BEACH|CRYSTAL BROOK|DINGO BEACH|DITTMER|ERLANDO BEACH|FOXDALE|GLEN ISLA|GOORGANGA CREEK|GOORGANGA PLAINS|GREGORY RIVER|GUNYARRA|HAMILTON PLAINS|HIDEAWAY BAY|KELSEY CREEK|LAGUNA QUAYS|LAKE PROSERPINE|LETHEBROOK|MOUNT JULIAN|MOUNT MARLOW|MOUNT PLUTO|MYRTLEVALE|NORTH GREGORY|PALM GROVE|PAULS POCKET|PRESTON|PROSERPINE|RIORDANVALE|SILVER CREEK|STRATHDICKIE|SUGARLOAF|THOOPARA|WILSON BEACH"
4801,QLD,"HAYMAN ISLAND","HAYMAN ISLAND"
4802,QLD,"AIRLIE BEACH","AIRLIE BEACH|CANNONVALE|FLAMETREE|JUBILEE POCKET|MANDALAY|MOUNT ROOPER|SHUTE HARBOUR|SHUTEHAVEN|WHITSUNDAYS|WOODWARK"
4803,QLD,"HAMILTON ISLAND","HAMILTON ISLAND"
4804,QLD,"COLLINSVILLE","COLLINSVILLE|MOUNT COOLON|MOUNT WYATT|NEWLANDS|SCOTTVILLE|SPRINGLANDS"
4805,QLD,"BINBEE","BINBEE|BOGIE|BOWEN|BRISK BAY|DELTA|GUMLU|GUTHALUNGRA|MERINDA|QUEENS BEACH|ROSE BAY"
4806,QLD,"ARKENDEITH","ARKENDEITH|CARSTAIRS|DOWN RIVER|FREDERICKSFIELD|GROPER CREEK|GROPER CREEK RESERVE|HOME HILL|INKERMAN|KEEBAH|KIRKNIE|OSBORNE|RANGEMORE|WANGARATTA|WUNJUNGA"
4807,QLD,"AIRDMILLAN","AIRDMILLAN|AIRVILLE|ALVA|AYR|CLARE|CLAREDALE|DALBEG|EIGHT MILE CREEK|JARVISFIELD|KALAMIA|MAIDAVALE|MCDESME|MILLAROO|MONA PARK|MOUNT KELLY|MULGRAVE|PARKSIDE|RITA ISLAND|RITE ISLAND|SWANS LAGOON"
4808,QLD,"BRANDON","BRANDON|COLEVALE"
4809,QLD,"BARRATTA","BARRATTA|CROMARTY|GIRU|HORSESHOE LAGOON|JERONA|MOUNT SURROUND|SHIRBOURNE|UPPER HAUGHTON"
4810,QLD,"BELGIAN GARDENS","BELGIAN GARDENS|CAPE CLEVELAND|CASTLE HILL|NORTH WARD|PALLARENDA|RAILWAY ESTATE|ROWES BAY|SHELLY BEACH|SOUTH TOWNSVILLE|TOWN COMMON|TOWNSVILLE|TOWNSVILLE CITY|TOWNSVILLE DC|TOWNSVILLE MC|TOWNSVILLE WEST|WEST END|YARRAWONGA"
4811,QLD,"CLUDEN","CLUDEN|IDALIA|JAMES COOK UNIVERSITY|MOUNT STUART|OAK VALLEY|OONOONBA|ROSENEATH|STUART|WULGURU"
4812,QLD,"CURRAJONG","CURRAJONG|GULLIVER|HERMIT PARK|HYDE PARK|HYDE PARK CASTLETOWN|MUNDINGBURRA|MYSTERTON|PIMLICO|RISING SUN|ROSSLEA"
4813,QLD,"LAVARACK BARRACKS","LAVARACK BARRACKS|TOWNSVILLE MILPO"
4814,QLD,"AITKENVALE","AITKENVALE|AITKENVALE BC|ANNANDALE|CRANBROOK|DOUGLAS|GARBUTT|GARBUTT BC|GARBUTT EAST|HEATLEY|MOUNT LOUISA|MURRAY|THURINGOWA DC|VINCENT"
4815,QLD,"CONDON","CONDON|GRANITE VALE|GUMLOW|KELSO|PINNACLES|RASMUSSEN"
4816,QLD,"ALLIGATOR CREEK","ALLIGATOR CREEK|BALGAL BEACH|BARRINGHA|BROOKHILL|BUCHANAN|CALCIUM|CARRUCHAN|CLEMANT|CRIMEA|CRYSTAL CREEK|CUNGULLA|ELLERBECK|GREENVALE|HIDDEN VALLEY|HOMESTEAD|JULAGO|KENNEDY|MACROSSAN|MAJORS CREEK|MALPAS-TRENTON|MAXWELTON|MINGELA|MOUNT ELLIOT|MUTARNEE|NELIA|NOME|PALM ISLAND|PALUMA|PENTLAND|PRAIRIE|RAVENSWOOD|REID RIVER|ROLLINGSTONE|ROSS RIVER|SAVANNAH|SELLHEIM|THE CAPE|TOOMULLA|TOONPAN|TORRENS CREEK|WOODSTOCK"
4817,QLD,"ALICE RIVER","ALICE RIVER|BOHLE PLAINS|HERVEY RANGE|KIRWAN|RANGEWOOD|RUPERTSWOOD|STABLEFORD|THURINGOWA CENTRAL"
4818,QLD,"BEACH HOLM","BEACH HOLM|BLACK RIVER|BLUE HILLS|BLUEWATER|BLUEWATER PARK|BOHLE|BURDELL|BUSHLAND BEACH|COSGROVE|DEERAGUN|INNES|JENSEN|LYNAM|MOUNT LOW|MOUNT ST JOHN|PURONO PARK|SAUNDERS BEACH|SHAW|TOOLAKEA|YABULU"
4819,QLD,"ARCADIA","ARCADIA|ARCADIA BAY|FLORENCE BAY|HORSESHOE BAY|MAGNETIC ISLAND|NELLY BAY|PICNIC BAY|WEST POINT"
4820,QLD,"ALABAMA HILL","ALABAMA HILL|BALFES CREEK|BASALT|BLACK JACK|BREDDAN|BROUGHTON|CAMPASPE|CHARTERS TOWERS|CHARTERS TOWERS CITY|COLUMBIA|DOTSWOOD|GRAND SECRET|LLANARTH|MILLCHESTER|MOSMAN PARK|QUEENTON|RICHMOND HILL|SEVENTY MILE|SOUTHERN CROSS|TOLL|TOWERS HILL"
4821,QLD,"DUTTON RIVER","DUTTON RIVER|HUGHENDEN|MARATHON|PORCUPINE|PRAIRIE|STAMFORD|TANGORIN"
4822,QLD,"ALBION","ALBION|BELLFIELD|BURLEIGH|CAMBRIDGE|MAXWELTON|NONDA|RICHMOND|SAXBY|VICTORIA VALE|WOOLGAR"
4823,QLD,"CARPENTARIA","CARPENTARIA|JULIA CREEK|KYNUNA|MCKINLAY|NELIA|STOKES|TALDORA|WARBURTON"
4824,QLD,"CLONCURRY","CLONCURRY|DEVONCOURT STATION|FOUR WAYS|GIDYA|KURIDALA|OORINDI|SELWYN|THREE RIVERS"
4825,NT,"RANKEN","RANKEN"
4825,QLD,"ALEXANDRIA","ALEXANDRIA|ALPURRURULAM|ALROY|ANTHONYS LAGOON|BARKLY|BREAKAWAY|BRUNETTE DOWNS|BUCKINGHAM|BUSHY PARK|CARRANDOTTA|DAJARRA|DUCHESS|FIELDING|FISHER|GEORGINA|GUNPOWDER|HAPPY VALLEY|HEALY|KALKADOON|LANSKEY|LAWN HILL|MARY KATHLEEN|MENZIES|MICA CREEK|MILES END|MORNINGTON|MOUNT ISA|MOUNT ISA BC|MOUNT ISA CITY|MOUNT ISA DC|MOUNT ISA EAST|OSBORNE MINE|PARKSIDE|PIONEER|PITURIE|RYAN|SOLDIERS HILL|SPREADBOROUGH|SUNSET|THE GAP|THE MONUMENT|TOWNVIEW|WAVERLEY|WINSTON"
4828,QLD,"CAMOOWEAL","CAMOOWEAL"
4829,QLD,"AMAROO","AMAROO|BEDOURIE|BOULIA|MIN MIN|STURT|TOKO|WARENDA|WILLS"
4830,QLD,"AUGUSTUS DOWNS","AUGUSTUS DOWNS|BURKETOWN|DOOMADGEE|GANGALIDDA|GREGORY|GREGORY DOWNS|NICHOLSON"
4849,QLD,"CARDWELL","CARDWELL|DAMPER CREEK|HINCHINBROOK|LUMHOLTZ|RUNGOO"
4850,QLD,"ABERGOWRIE","ABERGOWRIE|ALLINGHAM|BAMBAROO|BEMERSIDE|BLACKROCK|BRAEMEADOWS|COOLBIE|CORDELIA|DALRYMPLE CREEK|FORESTHOME|FORREST BEACH|GAIRLOCH|GARRAWALT|HALIFAX|HAWKINS CREEK|HELENS HILL|INGHAM|LANNERCOST|LONG POCKET|LUCINDA|MACKNADE|MOUNT FOX|ORIENT|PEACOCK SIDING|TAYLORS BEACH|TOOBANNA|TREBONNE|UPPER STONE|VALLEY OF LAGOONS|VICTORIA PLANTATION|WALLAMAN|WHARPS|YURUGA"
4852,QLD,"BINGIL BAY","BINGIL BAY|CARMOO|CLUMP POINT|DJIRU|DUNK|GARNERS BEACH|MIDGEREE BAR|MISSION BEACH|NARRAGON BEACH|SOUTH MISSION|SOUTH MISSION BEACH|TAM O'SHANTER|WONGALING BEACH"
4854,QLD,"BILYANA","BILYANA|BIRKALLA|BULGUN|CARDSTONE|DINGO POCKET|DJARAWONG|EAST FELUGA|EURAMO|FELUGA|HULL HEADS|JARRA CREEK|KOOROOMOOL|LOWER TULLY|MERRYBURN|MIDGENOO|MOUNT MACKAY|MUNRO PLAINS|MURRAY UPPER|MURRIGAL|ROCKINGHAM|SILKY OAK|TULLY|TULLY HEADS|WALTER HILL|WARRAMI"
4855,QLD,"DAVESON","DAVESON|EL ARISH|FRIDAY POCKET|GRANADILLA|GULNGAI|JAFFA|MAADI|MARIA CREEKS|SHELL POCKET"
4856,QLD,"GOOLBOO","GOOLBOO|JAPOONVALE|MCCUTCHEON|NO 4 BRANCH|NO 5 BRANCH|SILKWOOD|WALTER LEVER ESTATE"
4857,QLD,"SILKWOOD EAST","SILKWOOD EAST"
4858,QLD,"COMOON LOOP","COMOON LOOP|ETTY BAY|MARTYVILLE|MOURILYAN|MOURILYAN HARBOUR|NEW HARBOURLINE"
4859,QLD,"NO 6 BRANCH","NO 6 BRANCH|SOUTH JOHNSTONE"
4860,QLD,"BAMBOO CREEK","BAMBOO CREEK|BELVEDERE|COCONUTS|COOROO LANDS|COORUMBA|COQUETTE POINT|CULLINANE|DARADGEE|EAST INNISFAIL|EAST PALMERSTON|EATON|EUBENANGEE|FITZGERALD CREEK|FLYING FISH POINT|GARRADUNGA|GOONDI|GOONDI BEND|GOONDI HILL|HUDSON|INNISFAIL|INNISFAIL ESTATE|JUBILEE HEIGHTS|MIGHELL|MUNDOO|NERADA|NGATJAN|NJATJAN|O'BRIENS HILL|PALMERSTON|PIN GIN HILL|SOUTH INNISFAIL|STOTERS HILL|SUNDOWN|UPPER DARADGEE|VALETTAS ESTATE|VASA VIEWS|WANJURU|WEBB|WOOROONOORAN"
4861,QLD,"BABINDA","BABINDA|BARTLE FRERE|EAST RUSSELL"
4865,QLD,"GOLDSBOROUGH","GOLDSBOROUGH|GORDONVALE|GREEN HILL|KAMMA|LITTLE MULGRAVE|MERINGA|PACKERS CAMP|PYRAMID"
4868,QLD,"BAYVIEW HEIGHTS","BAYVIEW HEIGHTS|MOUNT SHERIDAN|TARRAWARRA|WHITE ROCK|WOREE"
4869,QLD,"BENTLEY PARK","BENTLEY PARK|CENTENARY PARK|EDMONTON|MOUNT PETER|TAMARIND GARDENS|WRIGHTS CREEK"
4870,QLD,"AEROGLEN","AEROGLEN|BARRON GORGE|BRINSMEAD|BUNGALOW|CAIRNS|CAIRNS CENTRAL|CAIRNS CITY|CAIRNS DC|CAIRNS MC|CAIRNS MCLEOD STREET|CAIRNS NORTH|CAIRNS ORCHID PLAZA|EARLVILLE|EARLVILLE BC|EDGE HILL|FRESHWATER|KAMERUNGA|KANIMBLA|LAKE MORRIS|LAMB RANGE|MACKINNON|MANOORA|MANUNDA|MARTYNVALE|MOOROOBOOL|NORTH CAIRNS|PARRAMATTA PARK|PORTSMITH|REDLYNCH|STRATFORD|WESTCOURT|WHITFIELD"
4871,QLD,"ABINGDON DOWNS","ABINGDON DOWNS|ALMADEN|ALOOMBA|AMBER|AURUKUN|BASILISK|BELLENDEN KER|BLACKBULL|BOLWARRA|BOMBEETA|BOOGAN|BRAMSTON BEACH|BULLERINGA|CAMP CREEK|CHILLAGOE|CLARAVILLE|COEN|CONJUBOY|CORALIE|COWLEY|COWLEY BEACH|COWLEY CREEK|CROYDON|CRYSTALBROOK|CURRAJAH|DEERAL|DESAILLY|EAST CREEK|EAST TRINITY|EDWARD RIVER|EINASLEIGH|ESMERALDA|FISHERY FALLS|FITZROY ISLAND|FORSAYTH|FOSSILBROOK|FOUR MILE BEACH|GEORGETOWN|GERMANTOWN|GILBERT RIVER|GILBERTON|GLEN BOUGHTON|GREEN ISLAND|GUNUNA|HELENVALE|HURRICANE|JULATTEN|KARRON|KIDSTON|KOAH|KOWANYAMA|KURRIMINE BEACH|LAKELAND|LAKELAND DOWNS|LAURA|LOCKHART|LOWER COWLEY|LYNDHURST|MACALISTER RANGE|MAMU|MENA CREEK|MIRIWINNI|MIRRIWINNI|MORESBY|MORNINGTON ISLAND|MOUNT CARBINE|MOUNT MOLLOY|MOUNT MULLIGAN|MOUNT SURPRISE|NORTHHEAD|NYCHUM|PETFORD|PORMPURAAW|PORTLAND ROADS|ROOKWOOD|SANDY POCKET|SOUTH WELLESLEY ISLANDS|SOUTHEDGE|SPRINGFIELD|SPURGEON|STOCKTON|STRATHMORE|TALAROO|THORNBOROUGH|UTCHEE CREEK|WANGAN|WARRUBULLEN|WAUGH POCKET|WELLESLEY ISLANDS|WEST WELLESLEY ISLANDS|WOOPEN CREEK|YARRABAH"
4872,QLD,"BARRINE","BARRINE|BARWIDGI|CAIRNS MC|DANBULLA|DIMBULAH|FORTY MILE|GLEN RUTH|GUNNAWARRA|INNOT HOT SPRINGS|KAIRI|KIRRAMA|KOOMBOOLOOMBA|KOWROWA|KURANDA|LAKE TINAROO|LAKESIDE ESTATE|MINNAMOOLKA|MOUNT GARNET|MUNDERRA|MUTCHILBA|MYOLA|SILVER VALLEY|TINAROO|WAIRUNA|WALKAMIN"
4873,QLD,"BAILEY CREEK","BAILEY CREEK|BAMBOO|BONNIE DOON|CAPE TRIBULATION|CASSOWARY|COOYA BEACH|COW BAY|DAGMAR|DAINTREE|DEDIN|DIWAN|FINLAY VALE|FINLAYVALE|FOREST CREEK|KIMBERLEY|LOW ISLES|LOWER DAINTREE|MIALLO|MOSSMAN|MOSSMAN GORGE|NEWELL|NOAH|ROCKY POINT|SHANNONVALE|SPURGEON|STEWART CREEK VALLEY|SYNDICATE|THORNTON BEACH|UPPER DAINTREE|WHYANBEEL|WONGA|WONGA BEACH"
4874,QLD,"EVANS LANDING","EVANS LANDING|JARDINE RIVER|MAPOON|MISSION RIVER|NANUM|NAPRANUM|ROCKY POINT|SHELBURNE|TRUNDING|WEIPA|WEIPA AIRPORT|WENLOCK"
4875,QLD,"BADU ISLAND","BADU ISLAND|BANKS ISLAND|BOIGU|BOIGU ISLAND|BURRAR ISLET|COCONUT ISLAND|DARNLEY ISLAND|DAUAN ISLAND|DOWAR ISLET|ERUB|ERUB ISLAND|GUIJAR ISLET|HORN|HORN ISLAND|IAMA|IAMA ISLAND|JERVIS ISLAND|KERIRI ISLAND|KUBIN|KUBIN VILLAGE|MABUIAG|MABUIAG ISLAND|MASIG|MASIG ISLAND|MER ISLAND|MOA ISLAND|MULGRAVE ISLAND|MURRAY ISLAND|PORUMA ISLAND|PRINCE OF WALES|SAIBAI ISLAND|STEPHENS ISLAND|TALBOT ISLAND|THURSDAY ISLAND|UGAR ISLAND|WARRABER ISLAND|WARRABER ISLET|WAUA ISLET|YAM ISLAND|YORKE ISLAND"
4876,QLD,"BAMAGA","BAMAGA|INJINOO|NEW MAPOON|PUNSAND|SEISIA|SOMERSET|UMAGICO"
4877,QLD,"CRAIGLIE","CRAIGLIE|KILLALOE|LOW ISLES|MOWBRAY|OAK BEACH|PORT DOUGLAS|WANGETTI"
4878,QLD,"BARRON","BARRON|CARAVONICA|HOLLOWAYS BEACH|LAKE PLACID|MACHANS BEACH|SMITHFIELD|YORKEYS KNOB"
4879,QLD,"BUCHAN POINT","BUCHAN POINT|CLIFTON BEACH|ELLIS BEACH|KEWARRA BEACH|PALM COVE|TRINITY BEACH|TRINITY PARK"
4880,QLD,"ARRIGA","ARRIGA|BIBOOHRA|BILWON|CHEWKO|GLEN RUSSELL|MAREEBA|MARYFARMS|PADDYS GREEN"
4881,QLD,"KOAH","KOAH|KURANDA|MONA MONA|SPEEWAH"
4882,QLD,"TOLGA","TOLGA"
4883,QLD,"ATHERTON","ATHERTON|CARRINGTON|EAST BARRON|UPPER BARRON|WONGABEL"
4884,QLD,"GADGARRA","GADGARRA|LAKE BARRINE|LAKE EACHAM|YUNGABURRA"
4885,QLD,"BUTCHERS CREEK","BUTCHERS CREEK|GLEN ALLYN|JAGGAN|KUREEN|MALANDA|NORTH JOHNSTONE|PEERAMON|TARZALI|TOPAZ"
4886,QLD,"BEATRICE","BEATRICE|ELLINJAA|MAALAN|MIDDLEBROOK|MILLAA MILLAA|MINBUN|MOREGATTA|MUNGALLI"
4887,QLD,"HERBERTON","HERBERTON|IRVINEBANK|KALUNGA|MOOMIN|WATSONVILLE|WONDECLA"
4888,QLD,"EVELYN","EVELYN|KABAN|MILLSTREAM|RAVENSHOE|TUMOULIN"
4890,QLD,"HOWITT","HOWITT|NORMAN|NORMANTON"
4891,QLD,"KARUMBA","KARUMBA"
4892,QLD,"ABINGDON DOWNS","ABINGDON DOWNS|ARBOUIN|ARCHER RIVER|AURUKUN|BELLEVUE|COEN|DIXIE|EDWARD RIVER|GAMBOOLA|GROGANVILLE|GUNUNA|HIGHBURY|HOLROYD RIVER|IRON RANGE|KOWANYAMA|LAKEFIELD|LAURA|LIZARD|LOCKHART RIVER|LYNDSIDE|MARAMIE|MOUNT MULGRAVE|PALMER|PORMPURAAW|RAVENSWORTH|RED RIVER|SOUTH WELLESLEY ISLANDS|STAATEN|WELLESLEY ISLANDS|WEST WELLESLEY ISLANDS|WROTHAM|YAGOONYA|YARRADEN"
4895,QLD,"AYTON","AYTON|BLOOMFIELD|COOKTOWN|DEGARRA|HELENVALE|HOPE VALE|ROSSVILLE|STARCKE|WUJAL WUJAL"
5000,SA,"ADELAIDE","ADELAIDE|ADELAIDE BC|CITY WEST CAMPUS|HALIFAX STREET|HUTT STREET|PARLIAMENT HOUSE|RUNDLE MALL|STATION ARCADE|STURT STREET"
5001,SA,"ADELAIDE","ADELAIDE"
5005,SA,"ADELAIDE UNIVERSITY","ADELAIDE UNIVERSITY|THE UNIVERSITY OF ADELAIDE|UNIVERSITY OF ADELAIDE"
5006,SA,"NORTH ADELAIDE","NORTH ADELAIDE|NORTH ADELAIDE MELBOURNE ST"
5007,SA,"BOWDEN","BOWDEN|BROMPTON|HINDMARSH|WELLAND|WEST HINDMARSH"
5008,SA,"CROYDON","CROYDON|CROYDON PARK|CROYDON PARK SOUTH|DEVON PARK|DUDLEY PARK|RENOWN PARK|RIDLEYTON|WEST CROYDON"
5009,SA,"ALLENBY GARDENS","ALLENBY GARDENS|BEVERLEY|KILKENNY"
5010,SA,"ANGLE PARK","ANGLE PARK|FERRYDEN PARK|REGENCY PARK|REGENCY PARK BC"
5011,SA,"ST CLAIR","ST CLAIR|ST CLAIRE|WOODVILLE|WOODVILLE PARK|WOODVILLE SOUTH|WOODVILLE WEST"
5012,SA,"ATHOL PARK","ATHOL PARK|MANSFIELD PARK|WOODVILLE GARDENS|WOODVILLE NORTH"
5013,SA,"GILLMAN","GILLMAN|OTTOWAY|PENNINGTON|ROSEWATER|ROSEWATER EAST|WINGFIELD"
5014,SA,"ALBERT PARK","ALBERT PARK|ALBERTON|CHELTENHAM|HENDON|QUEENSTOWN|ROYAL PARK"
5015,SA,"BIRKENHEAD","BIRKENHEAD|ETHELTON|GARDEN ISLAND|GLANVILLE|NEW PORT|PORT ADELAIDE|PORT ADELAIDE BC|PORT ADELAIDE DC|TORRENS ISLAND"
5016,SA,"LARGS BAY","LARGS BAY|LARGS NORTH|PETERHEAD"
5017,SA,"OSBORNE","OSBORNE|TAPEROO"
5018,SA,"NORTH HAVEN","NORTH HAVEN|OUTER HARBOR"
5019,SA,"EXETER","EXETER|SEMAPHORE|SEMAPHORE PARK|SEMAPHORE SOUTH"
5020,SA,"WEST LAKES SHORE","WEST LAKES SHORE"
5021,SA,"WEST LAKES","WEST LAKES"
5022,SA,"GRANGE","GRANGE|HENLEY BEACH|HENLEY BEACH SOUTH|KIRKCALDY|TENNYSON"
5023,SA,"FINDON","FINDON|SEATON|SEATON NORTH"
5024,SA,"FULHAM","FULHAM|FULHAM GARDENS|WEST BEACH"
5025,SA,"FLINDERS PARK","FLINDERS PARK|KIDMAN PARK"
5031,SA,"MILE END","MILE END|MILE END SOUTH|THEBARTON|TORRENSVILLE|TORRENSVILLE PLAZA"
5032,SA,"BROOKLYN PARK","BROOKLYN PARK|LOCKLEYS|UNDERDALE"
5033,SA,"COWANDILLA","COWANDILLA|HILTON|HILTON PLAZA|MARLESTON|MARLESTON DC|RICHMOND|WEST RICHMOND"
5034,SA,"CLARENCE PARK","CLARENCE PARK|GOODWOOD|KINGS PARK|MILLSWOOD|WAYVILLE"
5035,SA,"ASHFORD","ASHFORD|BLACK FOREST|EVERARD PARK|FORESTVILLE|KESWICK|KESWICK TERMINAL"
5037,SA,"GLANDORE","GLANDORE|KURRALTA PARK|NETLEY|NORTH PLYMPTON"
5038,SA,"CAMDEN PARK","CAMDEN PARK|PLYMPTON|PLYMPTON PARK|SOUTH PLYMPTON"
5039,SA,"CLARENCE GARDENS","CLARENCE GARDENS|EDWARDSTOWN|MELROSE PARK|MELROSE PARK DC"
5040,SA,"NOVAR GARDENS","NOVAR GARDENS"
5041,SA,"COLONEL LIGHT GARDENS","COLONEL LIGHT GARDENS|CUMBERLAND PARK|DAW PARK|PANORAMA|WESTBOURNE PARK"
5042,SA,"BEDFORD PARK","BEDFORD PARK|CLOVELLY PARK|FLINDERS UNIVERSITY|PASADENA|ST MARYS|TONSLEY"
5043,SA,"ASCOT PARK","ASCOT PARK|MARION|MITCHELL PARK|MORPHETTVILLE|PARK HOLME"
5044,SA,"GLENGOWRIE","GLENGOWRIE|SOMERTON PARK"
5045,SA,"GLENELG","GLENELG|GLENELG EAST|GLENELG JETTY ROAD|GLENELG NORTH|GLENELG SOUTH"
5046,SA,"OAKLANDS PARK","OAKLANDS PARK|WARRADALE|WARRADALE NORTH"
5047,SA,"DARLINGTON","DARLINGTON|SEACOMBE GARDENS|SEACOMBE HEIGHTS|STURT"
5048,SA,"BRIGHTON","BRIGHTON|DOVER GARDENS|HOVE|NORTH BRIGHTON|SOUTH BRIGHTON"
5049,SA,"KINGSTON PARK","KINGSTON PARK|MARINO|SEACLIFF|SEACLIFF PARK|SEAVIEW DOWNS"
5050,SA,"BELLEVUE HEIGHTS","BELLEVUE HEIGHTS|EDEN HILLS"
5051,SA,"BLACKWOOD","BLACKWOOD|COROMANDEL VALLEY|CRAIGBURN FARM|HAWTHORNDENE"
5052,SA,"BELAIR","BELAIR|GLENALTA"
5061,SA,"HYDE PARK","HYDE PARK|MALVERN|UNLEY|UNLEY BC|UNLEY DC|UNLEY PARK"
5062,SA,"BROWN HILL CREEK","BROWN HILL CREEK|CLAPHAM|HAWTHORN|KINGSWOOD|LOWER MITCHAM|LYNTON|MITCHAM|MITCHAM SHOPPING CENTRE|NETHERBY|SPRINGFIELD|TORRENS PARK"
5063,SA,"EASTWOOD","EASTWOOD|FREWVILLE|FULLARTON|HIGHGATE|PARKSIDE"
5064,SA,"GLEN OSMOND","GLEN OSMOND|GLENUNGA|MOUNT OSMOND|MYRTLE BANK|ST GEORGES|URRBRAE"
5065,SA,"DULWICH","DULWICH|GLENSIDE|LINDEN PARK|TOORAK GARDENS|TUSMORE"
5066,SA,"BEAUMONT","BEAUMONT|BURNSIDE|ERINDALE|HAZELWOOD PARK|STONYFELL|WATERFALL GULLY|WATTLE PARK"
5067,SA,"BEULAH PARK","BEULAH PARK|KENT TOWN|NORWOOD|NORWOOD SOUTH|ROSE PARK"
5068,SA,"HEATHPOOL","HEATHPOOL|KENSINGTON|KENSINGTON GARDENS|KENSINGTON PARK|LEABROOK|MARRYATVILLE|ST MORRIS|TRINITY GARDENS"
5069,SA,"COLLEGE PARK","COLLEGE PARK|EVANDALE|HACKNEY|MAYLANDS|ST PETERS|STEPNEY"
5070,SA,"FELIXSTOW","FELIXSTOW|FIRLE|GLYNDE|GLYNDE DC|GLYNDE PLAZA|JOSLIN|MARDEN|PAYNEHAM|PAYNEHAM SOUTH|ROYSTON PARK"
5071,SA,"KENT TOWN","KENT TOWN|KENT TOWN DC"
5072,SA,"AULDANA","AULDANA|MAGILL|MAGILL NORTH|MAGILL SOUTH|ROSSLYN PARK|SKYE|TERINGIE|WOODFORDE"
5073,SA,"HECTORVILLE","HECTORVILLE|ROSTREVOR|TRANMERE|TRANMERE NORTH"
5074,SA,"CAMPBELLTOWN","CAMPBELLTOWN|NEWTON"
5075,SA,"DERNANCOURT","DERNANCOURT|PARADISE"
5076,SA,"ATHELSTONE","ATHELSTONE|CASTAMBUL"
5081,SA,"COLLINSWOOD","COLLINSWOOD|GILBERTON|MEDINDIE|MEDINDIE GARDENS|VALE PARK|WALKERVILLE"
5082,SA,"FITZROY","FITZROY|OVINGHAM|PROSPECT|PROSPECT EAST|PROSPECT WEST|THORNGATE"
5083,SA,"BROADVIEW","BROADVIEW|NAILSWORTH|SEFTON PARK"
5084,SA,"BLAIR ATHOL","BLAIR ATHOL|BLAIR ATHOL WEST|KILBURN|KILBURN NORTH"
5085,SA,"CLEARVIEW","CLEARVIEW|ENFIELD|ENFIELD PLAZA|LIGHTSVIEW|NORTHFIELD|NORTHGATE"
5086,SA,"GILLES PLAINS","GILLES PLAINS|GREENACRES|HAMPSTEAD GARDENS|HILLCREST|MANNINGHAM|OAKDEN"
5087,SA,"KLEMZIG","KLEMZIG|WINDSOR GARDENS"
5088,SA,"HOLDEN HILL","HOLDEN HILL"
5089,SA,"HIGHBURY","HIGHBURY"
5090,SA,"HOPE VALLEY","HOPE VALLEY"
5091,SA,"BANKSIA PARK","BANKSIA PARK|TEA TREE GULLY|VISTA"
5092,SA,"MODBURY","MODBURY|MODBURY HEIGHTS|MODBURY NORTH|MODBURY NORTH DC"
5093,SA,"PARA VISTA","PARA VISTA|VALLEY VIEW"
5094,SA,"CAVAN","CAVAN|DRY CREEK|GEPPS CROSS"
5095,SA,"MAWSON LAKES","MAWSON LAKES|POORAKA|THE LEVELS"
5096,SA,"GULFVIEW HEIGHTS","GULFVIEW HEIGHTS|PARA HILLS|PARA HILLS WEST"
5097,SA,"REDWOOD PARK","REDWOOD PARK|RIDGEHAVEN|ST AGNES"
5098,SA,"INGLE FARM","INGLE FARM|WALKLEY HEIGHTS"
5106,SA,"PARAFIELD","PARAFIELD|PARAFIELD AIRPORT|SALISBURY SOUTH|SALISBURY SOUTH BC|SALISBURY SOUTH DC"
5107,SA,"GREEN FIELDS","GREEN FIELDS|PARAFIELD GARDENS"
5108,SA,"PARALOWIE","PARALOWIE|SALISBURY|SALISBURY DOWNS|SALISBURY NORTH|SALISBURY NORTH WHITES ROAD"
5109,SA,"BRAHMA LODGE","BRAHMA LODGE|SALISBURY EAST|SALISBURY EAST NORTHBRI AVE|SALISBURY HEIGHTS|SALISBURY PARK|SALISBURY PLAIN"
5110,SA,"BOLIVAR","BOLIVAR|BURTON|DIREK|GLOBE DERBY PARK|ST KILDA|WATERLOO CORNER"
5111,SA,"EDINBURGH","EDINBURGH|EDINBURGH RAAF"
5112,SA,"ELIZABETH","ELIZABETH|ELIZABETH EAST|ELIZABETH GROVE|ELIZABETH SOUTH|ELIZABETH VALE|HILLBANK"
5113,SA,"DAVOREN PARK","DAVOREN PARK|DAVOREN PARK NORTH|DAVOREN PARK SOUTH|EDINBURGH NORTH|ELIZABETH DOWNS|ELIZABETH NORTH|ELIZABETH PARK|ELIZABETH WEST|ELIZABETH WEST DC"
5114,SA,"ANDREWS FARM","ANDREWS FARM|BLAKEVIEW|CRAIGMORE|GOULD CREEK|HUMBUG SCRUB|ONE TREE HILL|SAMPSON FLAT|SMITHFIELD|SMITHFIELD PLAINS|SMITHFIELD WEST|ULEYBURY|YATTALUNGA"
5115,SA,"KUDLA","KUDLA|MUNNO PARA|MUNNO PARA DOWNS|MUNNO PARA WEST"
5116,SA,"EVANSTON","EVANSTON|EVANSTON GARDENS|EVANSTON PARK|EVANSTON SOUTH|HILLIER"
5117,SA,"ANGLE VALE","ANGLE VALE"
5118,SA,"BIBARINGA","BIBARINGA|BUCHFELDE|CONCORDIA|GAWLER|GAWLER BELT|GAWLER EAST|GAWLER RIVER|GAWLER SOUTH|GAWLER WEST|HEWETT|KALBEEBA|KANGAROO FLAT|KINGSFORD|REID|WARD BELT|WILLASTON"
5120,SA,"BUCKLAND PARK","BUCKLAND PARK|RIVERLEA PARK|VIRGINIA"
5121,SA,"EYRE","EYRE|MACDONALD PARK|PENFIELD|PENFIELD GARDENS"
5125,SA,"GOLDEN GROVE","GOLDEN GROVE|GOLDEN GROVE VILLAGE|GREENWITH"
5126,SA,"FAIRVIEW PARK","FAIRVIEW PARK|SURREY DOWNS|YATALA VALE"
5127,SA,"WYNN VALE","WYNN VALE"
5131,SA,"HOUGHTON","HOUGHTON|LOWER HERMITAGE|UPPER HERMITAGE"
5132,SA,"PARACOMBE","PARACOMBE"
5133,SA,"INGLEWOOD","INGLEWOOD"
5134,SA,"CHERRYVILLE","CHERRYVILLE|MONTACUTE"
5136,SA,"NORTON SUMMIT","NORTON SUMMIT"
5137,SA,"ASHTON","ASHTON|MARBLE HILL"
5138,SA,"BASKET RANGE","BASKET RANGE"
5139,SA,"FOREST RANGE","FOREST RANGE"
5140,SA,"GREENHILL","GREENHILL"
5141,SA,"HORSNELL GULLY","HORSNELL GULLY|SUMMERTOWN"
5142,SA,"URAIDLA","URAIDLA"
5144,SA,"CAREY GULLY","CAREY GULLY"
5150,SA,"EAGLE ON THE HILL","EAGLE ON THE HILL|LEAWOOD GARDENS"
5151,SA,"PICCADILLY","PICCADILLY"
5152,SA,"CLELAND","CLELAND|CRAFERS|CRAFERS WEST|MOUNT LOFTY|STIRLING"
5153,SA,"BIGGS FLAT","BIGGS FLAT|BRADBURY|CHAPEL HILL|ECHUNGA|FLAXLEY|GREEN HILLS RANGE|HEATHFIELD|IRONBANK|JUPITER CREEK|LONGWOOD|MACCLESFIELD|MYLOR|SCOTT CREEK"
5154,SA,"ALDGATE","ALDGATE"
5155,SA,"BRIDGEWATER","BRIDGEWATER|MOUNT GEORGE"
5156,SA,"UPPER STURT","UPPER STURT"
5157,SA,"ASHBOURNE","ASHBOURNE|BULL CREEK|CHERRY GARDENS|CLARENDON|COROMANDEL EAST|DORSET VALE|KANGARILLA|MCHARG CREEK"
5158,SA,"HALLETT COVE","HALLETT COVE|O'HALLORAN HILL|O'HALLORAN HILL DC|SHEIDOW PARK|TROTT PARK"
5159,SA,"ABERFOYLE PARK","ABERFOYLE PARK|CHANDLERS HILL|FLAGSTAFF HILL|HAPPY VALLEY"
5160,SA,"LONSDALE","LONSDALE|LONSDALE DC|PORT STANVAC"
5161,SA,"OLD REYNELLA","OLD REYNELLA|REYNELLA|REYNELLA EAST"
5162,SA,"MORPHETT VALE","MORPHETT VALE|WOODCROFT"
5163,SA,"HACKHAM","HACKHAM|HACKHAM WEST|HUNTFIELD HEIGHTS|ONKAPARINGA HEIGHTS|ONKAPARINGA HILLS"
5164,SA,"CHRISTIE DOWNS","CHRISTIE DOWNS"
5165,SA,"CHRISTIES BEACH","CHRISTIES BEACH|CHRISTIES BEACH NORTH"
5166,SA,"O'SULLIVAN BEACH","O'SULLIVAN BEACH"
5167,SA,"PORT NOARLUNGA","PORT NOARLUNGA|PORT NOARLUNGA SOUTH"
5168,SA,"NOARLUNGA CENTRE","NOARLUNGA CENTRE|NOARLUNGA DOWNS|OLD NOARLUNGA"
5169,SA,"MOANA","MOANA|SEAFORD|SEAFORD HEIGHTS|SEAFORD MEADOWS|SEAFORD RISE"
5170,SA,"MASLIN BEACH","MASLIN BEACH"
5171,SA,"BLEWITT SPRINGS","BLEWITT SPRINGS|MCLAREN FLAT|MCLAREN VALE|PEDLER CREEK|TATACHILLA"
5172,SA,"DINGABLEDINGA","DINGABLEDINGA|HOPE FOREST|KUITPO|KUITPO COLONY|KYEEMA|MONTARRA|PAGES FLAT|THE RANGE|WHITES VALLEY|WILLUNGA|WILLUNGA HILL|WILLUNGA SOUTH|YUNDI"
5173,SA,"ALDINGA","ALDINGA|ALDINGA BEACH|PORT WILLUNGA|SILVER SANDS"
5174,SA,"SELLICKS BEACH","SELLICKS BEACH|SELLICKS HILL"
5201,SA,"BLACKFELLOWS CREEK","BLACKFELLOWS CREEK|KUITPO|MEADOWS|PARIS CREEK|PROSPECT HILL"
5202,SA,"HINDMARSH TIERS","HINDMARSH TIERS|MYPONGA|MYPONGA BEACH"
5203,SA,"BALD HILLS","BALD HILLS|PARAWA|TORRENS VALE|TUNKALILLA|WATTLE FLAT|YANKALILLA"
5204,SA,"CAPE JERVIS","CAPE JERVIS|CARRICKALINGA|DEEP CREEK|DELAMERE|HAY FLAT|NORMANVILLE|RAPID BAY|SECOND VALLEY|SILVERTON|WIRRINA COVE"
5210,SA,"MOUNT COMPASS","MOUNT COMPASS|MOUNT MAGNIFICENT|NANGKITA"
5211,SA,"BACK VALLEY","BACK VALLEY|CHITON|ENCOUNTER BAY|HAYBOROUGH|HINDMARSH VALLEY|INMAN VALLEY|LOWER INMAN VALLEY|MCCRACKEN|MOUNT JAGGED|VICTOR HARBOR|VICTOR HARBOR CENTRAL|WAITPINGA|WILLOW CREEK|YILKI"
5212,SA,"PORT ELLIOT","PORT ELLIOT"
5213,SA,"MIDDLETON","MIDDLETON"
5214,SA,"CURRENCY CREEK","CURRENCY CREEK|GOOLWA|GOOLWA BEACH|GOOLWA NORTH|GOOLWA SOUTH|HINDMARSH ISLAND|MOSQUITO HILL|MUNDOO ISLAND"
5220,SA,"PARNDANA","PARNDANA"
5221,SA,"AMERICAN RIVER","AMERICAN RIVER|BALLAST HEAD|MUSTON"
5222,SA,"AMERICAN BEACH","AMERICAN BEACH|ANTECHAMBER BAY|BAUDIN BEACH|BROWN BEACH|BROWNS BEACH|CUTTLEFISH BAY|DUDLEY EAST|DUDLEY WEST|HUNGERFORD|IRONSTONE|ISLAND BEACH|KANGAROO HEAD|PELICAN LAGOON|PENNESHAW|PORKY FLAT|SAPPHIRETOWN|WILLOUGHBY|WILLSON RIVER"
5223,SA,"BAY OF SHOALS","BAY OF SHOALS|BIRCHMORE|BROWNLOW|BROWNLOW KI|CAPE BORDA|CASSINI|CYGNET RIVER|D'ESTREES BAY|DE MOLE RIVER|DUNCAN|EMU BAY|FLINDERS CHASE|GOSSE|HAINES|HARRIET RIVER|KARATTA|KINGSCOTE|KOHINOOR|MACGILLIVRAY|MENZIES|MIDDLE RIVER|NEPEAN BAY|NEWLAND|NORTH CAPE|SEAL BAY|SEDDON|STOKES BAY|STUN'SAIL BOOM|VIVONNE BAY|WESTERN RIVER|WISANGER"
5231,SA,"CHAIN OF PONDS","CHAIN OF PONDS|KERSBROOK|MILLBROOK"
5232,SA,"CUDLEE CREEK","CUDLEE CREEK"
5233,SA,"FORRESTON","FORRESTON|GUMERACHA|KENTON VALLEY|WARREN"
5234,SA,"BIRDWOOD","BIRDWOOD"
5235,SA,"CROMER","CROMER|EDEN VALLEY|FLAXMAN VALLEY|MOUNT PLEASANT|SPRINGTON|TAUNTON"
5236,SA,"TUNGKILLO","TUNGKILLO"
5237,SA,"APAMURRA","APAMURRA|MILENDELLA|PALMER|SANDERSTON"
5238,SA,"ANGAS VALLEY","ANGAS VALLEY|BIG BEND|BOLTO|BONYTHON|BOWHILL|CAURNAMONT|CLAYPANS|COOLCHA|COWIRRA|FIVE MILES|FORSTER|FRAHNS|FRAYVILLE|JULANKA HOLDINGS|LAKE CARLET|MANNUM|NILDOTTIE|OLD TEAL FLAT|PELLARING FLAT|POMPOOTA|PONDE|PORT MANNUM|PUNTHARI|PURNONG|PURNONG LANDING|ROCKY POINT|TEAL FLAT|WALKER FLAT|WALL|WONGULLA|WOODLANE|YOUNGHUSBAND|YOUNGHUSBAND HOLDINGS"
5240,SA,"LENSWOOD","LENSWOOD"
5241,SA,"LOBETHAL","LOBETHAL"
5242,SA,"BALHANNAH","BALHANNAH"
5243,SA,"OAKBANK","OAKBANK"
5244,SA,"CHARLESTON","CHARLESTON|HARROGATE|INVERBRACKIE|MOUNT TORRENS|WOODSIDE"
5245,SA,"HAHNDORF","HAHNDORF|PAECHTOWN|VERDUN"
5250,SA,"BLAKISTON","BLAKISTON|LITTLEHAMPTON|TOTNESS"
5251,SA,"BUGLE RANGES","BUGLE RANGES|MOUNT BARKER|MOUNT BARKER JUNCTION|MOUNT BARKER SPRINGS|MOUNT BARKER SUMMIT|WISTOW"
5252,SA,"BRUKUNGA","BRUKUNGA|DAWESLEY|HAY VALLEY|KANMANTOO|NAIRNE|PETWOOD|ST IVES"
5253,SA,"AVOCA DELL","AVOCA DELL|BRINKLEY|BURDETT|CHAPMAN BORE|ETTRICK|GIFFORD HILL|GREENBANKS|LONG FLAT|MOBILONG|MONTEITH|MURRAWONG|MURRAY BRIDGE|MURRAY BRIDGE EAST|MURRAY BRIDGE NORTH|MURRAY BRIDGE SOUTH|NORTHERN HEIGHTS|RIVERGLADES|RIVERGLEN|ROCKY GULLY|SUNNYSIDE|SWANPORT|TOORA|WHITE HILL|WHITE SANDS|WILLOW BANKS|WOODS POINT"
5254,SA,"BUCCLEUCH","BUCCLEUCH|CALLINGTON|CALOOTE|MONARTO|MONARTO SOUTH|MONTEITH|MURRAY BRIDGE|MYPOLONGA|PALLAMANA|PETWOOD|ROCKLEIGH|ROCKY GULLY|TEPKO|THE POINT|WALL FLAT|WHITE HILL|WOODLANE|ZADOWS LANDING"
5255,SA,"ANGAS PLAINS","ANGAS PLAINS|BELVIDERE|BLETCHLEY|FINNISS|GEMMELLS|HARTLEY|HIGHLAND VALLEY|LAKE PLAINS|LANGHORNE CREEK|MOUNT OBSERVATION|MULGUNDAWA|NALPA|RED CREEK|SALEM|SANDERGROVE|STRATHALBYN|TOOPERANG|WILLYAROO|WOODCHESTER"
5256,SA,"CLAYTON","CLAYTON|CLAYTON BAY|MILANG|NURRAGI|POINT STURT|TOLDEROL"
5259,SA,"ASHVILLE","ASHVILLE|EAST WELLINGTON|JERVOIS|KEPA|LAKE ALBERT|LAKE ALEXANDRINA|MALINONG|NARRUNG|NATURI|POINT MCLEAY|POLTALLOCH|RAUKKAN|TAILEM BEND|WELLINGTON|WELLINGTON EAST"
5260,SA,"BAYAH","BAYAH|ELWOMPLE|TAILEM BEND"
5261,SA,"COOKE PLAINS","COOKE PLAINS|COOMANDOOK|CULBURRA|KI KI|YUMALI"
5262,SA,"BINNUM","BINNUM|FRANCES|HYNAM|KYBYBOLITE"
5263,SA,"COONAWARRA","COONAWARRA"
5264,SA,"COORONG","COORONG|MENINGIE|MENINGIE EAST|MENINGIE WEST|POLICEMAN POINT|SALT CREEK|WALTOWA"
5265,SA,"COONALPYN","COONALPYN|FIELD"
5266,SA,"BUNBURY","BUNBURY|COLEBATCH|DEEPWATER|TINTINARA"
5267,SA,"BRIMBAGO","BRIMBAGO|COOMBE|KEITH|LAFFER|MAKIN|MCCALLUM|MOUNT CHARLES|PETHERICK|SHAUGH|SHERWOOD|WILLALOOKA|WIRREGA"
5268,SA,"BANGHAM","BANGHAM|BORDERTOWN|BORDERTOWN SOUTH|CANGARA|CANNAWIGARA|LOWAN VALE|POOGINAGORIC|SENIOR|WESTERN FLAT"
5269,SA,"CUSTON","CUSTON|PINE HILL|WOLSELEY"
5270,SA,"BUCKINGHAM","BUCKINGHAM|CAREW|KONGAL|MUNDULLA|MUNDULLA WEST|SWEDE FLAT"
5271,SA,"BOOL LAGOON","BOOL LAGOON|CADGEE|JOANNA|KEPPOCH|KOPPAMURRA|LAURIE PARK|LOCHABER|MARCOLLAT|MOUNT LIGHT|MOYHALL|NARACOORTE|PADTHAWAY|SPENCE|STEWART RANGE|STRUAN|THE GAP|WILD DOG VALLEY|WRATTONBULLY"
5272,SA,"COLES","COLES|CONMURRA|FOX|GREENWAYS|LUCINDALE|WOOLUMBOOL"
5273,SA,"AVENUE RANGE","AVENUE RANGE"
5275,SA,"BLACKFORD","BLACKFORD|BOATSWAIN POINT|CAPE JAFFA|KEILIRA|KINGSTON SE|MOUNT BENSON|PINKS BEACH|REEDY CREEK|ROSETOWN|SANDY GROVE|TARATAP|TILLEY SWAMP|WANGOLINA|WEST RANGE|WYOMI"
5276,SA,"BRAY","BRAY|NORA CREINA|ROBE"
5277,SA,"COMAUM","COMAUM|GLENROY|MAAOUPE|MONBULLA|NANGWARRY|PENOLA|PLEASANT PARK|TARPEENA"
5278,SA,"KALANGADOO","KALANGADOO|KRONGART|MOERLONG|WEPAR"
5279,SA,"KOORINE","KOORINE|MOUNT BURR|MOUNT MCINTYRE|SHORT|TRIHI|WATTLE RANGE EAST"
5280,SA,"BEACHPORT","BEACHPORT|CANUNDA|CLAY WELLS|FURNER|GERMAN CREEK|GERMAN FLAT|HATHERLEIGH|KANGAROO INN|MAGAREY|MILLICENT|RENDELSHAM|ROCKY CAMP|SEBASTOPOL|SOUTHEND|TANTANOOLA|THORNLEA|WATTLE RANGE"
5290,SA,"MOUNT GAMBIER","MOUNT GAMBIER|MOUNT GAMBIER DC"
5291,SA,"ALLENDALE EAST","ALLENDALE EAST|BLACKFELLOWS CAVES|BURRUNGULE|CANUNDA|CAPE DOUGLAS|CAROLINE|CARPENTER ROCKS|CAVETON|COMPTON|DISMAL SWAMP|DONOVANS|EIGHT MILE CREEK|GERMAN CREEK|GLENBURNIE|GLENCOE|GLENCOE WEST|KONGORONG|MIL LEL|MINGBOOL|MOORAK|MOUNT GAMBIER|MOUNT GAMBIER EAST|MOUNT GAMBIER WEST|MOUNT SCHANK|NENE VALLEY|O B FLAT|OB FLAT|PELICAN POINT|PORT MACDONNELL|RACECOURSE BAY|SQUARE MILE|SUTTONTOWN|WANDILO|WORROLONG|WYE|YAHL"
5301,SA,"CARCUMA","CARCUMA|GERANIUM|JABUK|MOORLANDS|NETHERTON|PARRAKIE|PEAKE|SHERLOCK|WILKAWATT"
5302,SA,"LAMEROO","LAMEROO|NGARKAT|SMITHVILLE"
5303,SA,"PARILLA","PARILLA"
5304,SA,"KARTE","KARTE|KRINGIN|PEEBINGA|PINNAROO"
5306,SA,"WYNARKA","WYNARKA"
5307,SA,"KAROONDA","KAROONDA|KARTE|KULKAMI|LOWALDIE|MARAMA|MOOTATUNGA"
5308,SA,"COPEVILLE","COPEVILLE|GALGA|KALYAN|MAGGEA|MANTUNG|MERCUNDA|PERPONDA"
5309,SA,"BORRIKA","BORRIKA|HALIDON|MINDARIE|SANDALWOOD"
5310,SA,"CALIPH","CALIPH|WANBI"
5311,SA,"ALAWOONA","ALAWOONA|BILLIATT|BUGLE HUT|MAGGEA|MALPAS|MERIBAH|PARUNA|SCHELL WELL|TALDRA|TAPLAN|VEITCH|WOODLEIGH|WUNKAR"
5320,SA,"BEATTY","BEATTY|BEAUMONTS|BRENDA PARK|BUNDEY|EBA|LINDLEY|MAUDE|MORGAN|MORPHETTS FLAT|MURBKO|NORTH WEST BEND|STUART|WESTONS FLAT|WOMBATS REST"
5321,SA,"CADELL","CADELL|CADELL LAGOON"
5322,SA,"GOLDEN HEIGHTS","GOLDEN HEIGHTS|QUALCO|RAMCO|RAMCO HEIGHTS|SUNLANDS"
5330,SA,"BOOLGUN","BOOLGUN|DEVLINS POUND|GOOD HOPE LANDING|HAWKS NEST STATION|HOLDER|HOLDER SIDING|KANNI|LOWBANK|MARKARANKA|OVERLAND CORNER|POOGINOOK|STOCKYARD PLAIN|TAYLORVILLE|TAYLORVILLE STATION|WAIKERIE|WIGLEY FLAT|WOOLPUNDA"
5331,SA,"KINGSTON ON MURRAY","KINGSTON ON MURRAY"
5332,SA,"MOOROOK","MOOROOK|MOOROOK SOUTH|WAPPILKA|YINKANIE"
5333,SA,"BOOKPURNONG","BOOKPURNONG|LOXTON|LOXTON NORTH|NANGARI|NEW RESIDENCE|NOORA|PATA|PYAP|PYAP WEST|TAPLAN"
5340,SA,"MUNDIC CREEK","MUNDIC CREEK|MURTHO|PARINGA|PIKE RIVER|WONUARRA|YAMBA"
5341,SA,"CALPERUM","CALPERUM|CALPERUM STATION|CHAFFEY|CHOWILLA|COOLTONG|CRESCENT|OLD CALPERUM|RENMARK|RENMARK NORTH|RENMARK SOUTH|RENMARK WEST|YAMBA"
5342,SA,"MONASH","MONASH"
5343,SA,"BERRI","BERRI|GERARD|GURRA GURRA|KATARAPKO|LYRUP|WINKIE"
5344,SA,"GLOSSOP","GLOSSOP"
5345,SA,"BARMERA","BARMERA|LOVEDAY|SPECTACLE LAKE"
5346,SA,"COBDOGLA","COBDOGLA"
5350,SA,"ROSEDALE","ROSEDALE|SANDY CREEK"
5351,SA,"ALTONA","ALTONA|BAROSSA GOLDFIELDS|COCKATOO VALLEY|LYNDOCH|MOUNT CRAWFORD|PEWSEY VALE|WILLIAMSTOWN"
5352,SA,"BETHANY","BETHANY|GOMERSAL|KRONDORF|ROWLAND FLAT|STONE WELL|TANUNDA|VINE VALE"
5353,SA,"ANGASTON","ANGASTON|BLACK HILL|CAMBRAI|KEYNETON|KONGOLIA|LANGS LANDING|MOCULTA|MOUNT MCKENZIE|PENRICE|PUNYELROO|SEDAN|SUNNYDALE|TOWITTA"
5354,SA,"BAKARA","BAKARA|BAKARA WELL|FISHER|MARKS LANDING|NAIDIA|PUNYELROO|SWAN REACH"
5355,SA,"DAVEYSTON","DAVEYSTON|EBENEZER|LIGHT PASS|MARANANGA|MOPPA|NURIOOTPA|SEPPELTSFIELD|STOCKWELL"
5356,SA,"ANNADALE","ANNADALE|DUTTON|DUTTON EAST|SANDLETON|ST KITTS|STEINFELD|TRURO"
5357,SA,"BLANCHETOWN","BLANCHETOWN|MCBEAN POUND|MOORUNDIE|NEW WELL|NOTTS WELL|PAISLEY|WIGLEY FLAT"
5360,SA,"GREENOCK","GREENOCK|NAIN"
5371,SA,"MORN HILL","MORN HILL|ROSEWORTHY|SHEA-OAK LOG|TEMPLERS"
5372,SA,"FREELING","FREELING"
5373,SA,"ALLENDALE NORTH","ALLENDALE NORTH|BAGOT WELL|BETHEL|FORDS|HAMILTON|KAPUNDA|KOONUNGA|ST JOHNS"
5374,SA,"AUSTRALIA PLAINS","AUSTRALIA PLAINS|BOWER|BROWNLOW|BUCHANAN|EUDUNDA|FRANKTON|HAMPDEN|HANSBOROUGH|JULIA|MOUNT MARY|NEALES FLAT|NGAPALA|PEEP HILL|POINT PASS|SUTHERLANDS"
5381,SA,"BRADY CREEK","BRADY CREEK|BRIGHT|EMU DOWNS|GERANIUM PLAINS|HALLELUJA HILLS|HALLELUJAH HILLS|ROBERTSTOWN|ROCKY PLAIN|WORLDS END|WORLDS END CREEK"
5400,SA,"MAGDALA","MAGDALA|PINKERTON PLAINS|WASLEYS|WOOLSHEDS"
5401,SA,"ALMA","ALMA|HAMLEY BRIDGE|SALTER SPRINGS"
5410,SA,"LINWOOD","LINWOOD|STOCKPORT"
5411,SA,"GILES CORNER","GILES CORNER|TARLEE"
5412,SA,"NAVAN","NAVAN|RHYNIE|RIVERTON|WOOLSHED FLAT"
5413,SA,"APOINGA","APOINGA|BLACK SPRINGS|MARRABEL|SADDLEWORTH|STEELTON|TARNMA|TOTHILL BELT|TOTHILL CREEK|WATERLOO"
5414,SA,"MANOORA","MANOORA"
5415,SA,"MINTARO","MINTARO|STANLEY"
5416,SA,"FARRELL FLAT","FARRELL FLAT|PORTER LAGOON"
5417,SA,"BALAH","BALAH|BALDINA|BOOBOROWIE|BUNYUNG|BURRA|BURRA EASTERN DISTRICTS|CANEGRASS|DANGGALI|FARAWAY HILL|GLUEPOT|GUM CREEK|HANSON|KOONOONA|LEIGHTON|MONGOLATA|NORTH BOOBOROWIE|OAKVALE STATION|OLD KOOMOOLOO|PARCOOLA|PINE VALLEY STATION|QUONDONG|STURT VALE|WARNES"
5418,SA,"COLLINSVILLE","COLLINSVILLE|MOUNT BRYAN"
5419,SA,"CANOWIE","CANOWIE|HALLETT|MOUNT BRYAN EAST|PINE CREEK|ULOOLOO|WILLALO|WONNA"
5420,SA,"CANOWIE BELT","CANOWIE BELT|WHYTE YARCOWIE"
5421,SA,"FRANKLYN","FRANKLYN|TEROWIE"
5422,SA,"CAVENAGH","CAVENAGH|DAWSON|ERSKINE|HARDY|MANNANARIE|MINVALARA|OODLA WIRRA|PARATOO|PARNAROO|PETERBOROUGH|SUNNYBRAE|UCOLTA|WAROONEE|YATINA"
5431,SA,"AMYTON","AMYTON|BLACK ROCK|COOMOOROO|EURELIA|HAMMOND|JOHNBURG|JOHNBURGH|MINBURRA|MINBURRA PLAIN|MINBURRA STATION|MORCHARD|NORTH HILLS|ORROROO|PEKINA|TARCOWIE|WALLAWAY|WALLOWAY|WILLOWIE|YALPARA"
5432,SA,"BARATTA","BARATTA|BELTON|BIBLIANDO|CARRIETON|CRADOCK|HOLOWILIENA|HOLOWILIENA SOUTH|MOOCKRA|THREE CREEKS|WILCOWIE|WILLIPPA|WITCHITIE|YANYARRIE"
5433,SA,"BRUCE","BRUCE|QUORN|SALTIA|STEPHENSTON|WILLOCHRA|YARRAH"
5434,SA,"BARNDIOOTA","BARNDIOOTA|BLACK HILL STATION|FLINDERS RANGES|HAWKER|KANYAKA|MOUNT HAVELOCK|PRELINNA|SHAGGY RIDGE|UPALINNA|WILLOW SPRINGS|WORUMBA"
5440,SA,"ABMINGA STATION","ABMINGA STATION|BENDA|BILLEROO WEST|BIMBOWRIE|BINDARRAH|BOOLCOOMATTA|BULLOO CREEK|COCKBURN|CURNAMONA|DEVONBOROUGH DOWNS|ERUDINA|FLORINA STATION|FROME DOWNS|GRAMPUS|KALABITY|KALKAROO|KOONAMORE|LAKE FROME|MANNA HILL|MANUNDA STATION|MARTINS WELL|MELTON STATION|MINGARY|MOOLEULOOLOO|MOUNT VICTOR STATION|MULYUNGARIE|MUNDI MUNDI|MUTOOROO|NACKARA|NETLEY GAP|OLARY|OULNINA|OULNINA PARK|OUTALPA|PINE CREEK STATION|PLUMBAGO|PUALCO RANGE|QUINYAMBIE|TEPCO STATION|TIKALINA|WADNAMINGA|WAUKARINGA|WEEKEROO|WIAWERA|WINNININNIE|WOMPINIE|YARRAMBA|YUNTA"
5451,SA,"AUBURN","AUBURN|UNDALYA"
5452,SA,"LEASINGHAM","LEASINGHAM|WATERVALE"
5453,SA,"ARMAGH","ARMAGH|BARINIA|BENBOURNIE|BOCONNOC PARK|CLARE|EMU FLAT|GILLENTOWN|HILL RIVER|HOYLETON|KYBUNGA|PENWORTHAM|POLISH HILL RIVER|SEVENHILL|SPRING FARM|SPRING GULLY|STANLEY FLAT"
5454,SA,"ANDREWS","ANDREWS|BROUGHTON RIVER VALLEY|EUROMINA|HACKLINS CORNER|MAYFIELD|SPALDING|WASHPOOL"
5455,SA,"HILLTOWN","HILLTOWN"
5460,SA,"BARABBA","BARABBA|OWEN|PINERY|STOCKYARD CREEK"
5461,SA,"BALAKLAVA","BALAKLAVA|BOWILLIA|DALKEY|ERITH|EVERARD CENTRAL|GOYDER|HALBURY|HOSKIN CORNER|MOUNT TEMPLETON|SAINTS|STOW|WATCHMAN|WHITWARTA"
5462,SA,"BLYTH","BLYTH"
5464,SA,"ANAMA","ANAMA|BRINKWORTH|BUNGAREE|CONDOWIE|HART|KOOLUNGA|MAROLA|ROCHESTER"
5470,SA,"YACKA","YACKA"
5471,SA,"GULNARE","GULNARE"
5472,SA,"GEORGETOWN","GEORGETOWN"
5473,SA,"GLADSTONE","GLADSTONE"
5480,SA,"APPILA","APPILA|LAURA|STONE HUT"
5481,SA,"BANGOR","BANGOR|MURRAY TOWN|WIRRABARA|WONGYARRA"
5482,SA,"BOOLEROO CENTRE","BOOLEROO CENTRE|WEPOWIE"
5483,SA,"MELROSE","MELROSE"
5485,SA,"WILMINGTON","WILMINGTON"
5490,SA,"CALTOWIE","CALTOWIE|CALTOWIE NORTH|CALTOWIE WEST"
5491,SA,"BELALIE EAST","BELALIE EAST|BELALIE NORTH|BUNDALEER GARDENS|BUNDALEER NORTH|HORNSDALE|JAMESTOWN|WEST BUNDALEER"
5493,SA,"YONGALA","YONGALA"
5495,SA,"BAROOTA","BAROOTA|GERMEIN BAY|MAMBRAY CREEK|NECTAR BROOK|PORT FLINDERS|PORT GERMEIN|WEEROONA ISLAND"
5501,SA,"AVON","AVON|CALOMBA|DUBLIN|LEWISTON|LONG PLAINS|LOWER LIGHT|MIDDLE BEACH|PARHAM|PORT GAWLER|THOMPSON BEACH|TWO WELLS|WEBB BEACH|WILD HORSE PLAINS|WINDSOR"
5502,SA,"FISCHER","FISCHER|GRACE PLAINS|KORUNYE|MALLALA|REDBANKS|REEVES PLAINS"
5510,SA,"LOCHIEL","LOCHIEL"
5520,SA,"BARUNGA GAP","BARUNGA GAP|BUMBUNGA|BURNSFIELD|GLEESON HILL|SNOWTOWN|WOKURNA"
5521,SA,"REDHILL","REDHILL"
5522,SA,"FISHERMAN BAY","FISHERMAN BAY|LOWER BROUGHTON|PORT BROUGHTON|WARD HILL"
5523,SA,"BEETALOO VALLEY","BEETALOO VALLEY|CLEMENTS GAP|CRYSTAL BROOK|HUDDLESTON|MERRITON|NARRIDY|NUROM|WANDEARAH|WANDEARAH EAST|WANDEARAH WEST"
5540,SA,"BUNGAMA","BUNGAMA|COONAMIA|LOWER BROUGHTON|NAPPERBY|NELSHABY|PIRIE EAST|PORT DAVIS|PORT PIRIE|PORT PIRIE SOUTH|PORT PIRIE WEST|RISDON PARK|RISDON PARK SOUTH|SOLOMONTOWN|TELOWIE|WARNERTOWN"
5550,SA,"BEAUFORT","BEAUFORT|BOWMANS|INKERMAN|KALLORA|NANTAWARRA|PORT WAKEFIELD|PROOF RANGE|SOUTH HUMMOCKS"
5552,SA,"KAINTON","KAINTON|KULPARA|MELTON|PASKEVILLE|PORT ARTHUR|SUNNYVALE|THRINGTON"
5554,SA,"BOORS PLAIN","BOORS PLAIN|CUNLIFFE|JERICHO|JERUSALEM|KADINA|MATTA FLAT|NEW TOWN|THOMAS PLAIN|THOMAS PLAINS|WALLAROO MINES|WILLAMULKA"
5555,SA,"ALFORD","ALFORD|COLLINSFIELD|DOWLING|DOWLINGVILLE|HOPE GAP|KULPARA|LAKE VIEW|MELTON|MUNDOORA|TICKERA|WINULTA"
5556,SA,"NORTH BEACH","NORTH BEACH|WALLAROO|WALLAROO PLAIN|WARBURTO"
5558,SA,"AGERY","AGERY|CROSS ROADS|EAST MOONTA|HAMLEY|KOOROONA|MOONTA|MOONTA BAY|MOONTA MINES|NALYAPPA|NORTH MOONTA|NORTH YELTA|PARAMATTA|PORT HUGHES|YELTA"
5560,SA,"BUTE","BUTE|NINNES"
5570,SA,"CLINTON","CLINTON|CLINTON CENTRE|PORT CLINTON|PRICE|WINULTA"
5571,SA,"ARDROSSAN","ARDROSSAN|BLACK POINT|CUNNINGHAM|DOWLINGVILLE|JAMES WELL|PETERSVILLE|PINE POINT|ROGUES POINT|SANDILANDS|TIDDY WIDDY BEACH"
5572,SA,"ARTHURTON","ARTHURTON|PORT ARTHUR"
5573,SA,"BALGOWAN","BALGOWAN|CHINAMAN WELLS|CHINAMEN WELLS|MAITLAND|POINT PEARCE|PORT VICTORIA|SOUTH KILKERRAN|URANIA|WAURALTEE|WEETULTA|YORKE VALLEY"
5575,SA,"BLUFF BEACH","BLUFF BEACH|BRENTWOOD|CORNY POINT|COUCH BEACH|HARDWICKE BAY|KOOLYWURTIE|MARION BAY|MINLATON|PARSONS BEACH|POINT SOUTTAR|POINT TURTON|PORT JULIA|PORT RICKABY|RAMSAY|STENHOUSE BAY|THE PINES|WHITE HUT|WOOL BAY"
5576,SA,"HONITON","HONITON|PORT MOOROWIE|YORKETOWN"
5577,SA,"COUCH BEACH","COUCH BEACH|FOUL BAY|INNESTON|POINT SOUTTAR|THE PINES|WAROOKA"
5580,SA,"CURRAMULKA","CURRAMULKA|PORT JULIA"
5581,SA,"PORT VINCENT","PORT VINCENT|SHEAOAK FLAT"
5582,SA,"PORT GILES","PORT GILES|STANSBURY"
5583,SA,"COOBOWIE","COOBOWIE|EDITHBURGH|SULTANA POINT"
5600,SA,"IRON BARON","IRON BARON|WHYALLA|WHYALLA DC|WHYALLA PLAYFORD"
5601,SA,"BACKY POINT","BACKY POINT|DOUGLAS POINT|DOUGLAS POINT SOUTH|FALSE BAY|FITZGERALD BAY|IRON KNOB|POINT LOWLY|POINT LOWLY NORTH|PORT BONYTHON|WHYALLA BARSON"
5602,SA,"COWELL","COWELL|LUCKY BAY|MANGALO|MIDGEE|MILTALIE|MINBRIE|MITALIE|MITCHELLVILLE|PORT GIBBON"
5603,SA,"ARNO BAY","ARNO BAY|HINCKS|VERRAN|WHARMINDA"
5604,SA,"PORT NEILL","PORT NEILL"
5605,SA,"BUTLER","BUTLER|TUMBY BAY"
5606,SA,"KIRTON POINT","KIRTON POINT|PORT LINCOLN|PORT LINCOLN SOUTH|WEDGE ISLAND"
5607,SA,"BOSTON","BOSTON|BROOKER|CHARLTON GULLY|COFFIN BAY|COOMUNGA|COULTA|DUCK PONDS|FARM BEACH|FOUNTAIN|GREEN PATCH|HAWSON|HORSE PENINSULA|KARKOO|KELLIDIE BAY|KIANA|KOPPIO|LINCOLN NATIONAL PARK|LIPSON|LITTLE DOUGLAS|LOUTH BAY|MITCHELL|MOODY|MOUNT DRUMMOND|MOUNT DUTTON BAY|MOUNT HOPE|MURDINGA|NORTH SHIELDS|PEACHNA|PEARLAH|POINT BOSTON|POONINDIE|PORT LINCOLN|SHERINGA|SLEAFORD|SULLIVAN|TIATUKIA|TOOLIGIE|TOOTENILLA|TULKA|TULKA NORTH|ULEY|UNGARRA|VENUS BAY|WANGARY|WANILLA|WARRACHIE|WARROW|WARUNDA|WHITES FLAT|WHITES RIVER|YALLUNDA FLAT"
5608,SA,"MULLAQUANA","MULLAQUANA|WHYALLA NORRIE|WHYALLA NORRIE EAST|WHYALLA NORRIE NORTH|WHYALLA STUART"
5609,SA,"COWLEDS LANDING","COWLEDS LANDING|MIDDLEBACK RANGE|MURNINNIE BEACH|WHYALLA JENKINS"
5611,SA,"COOYERDOO","COOYERDOO|CORUNNA STATION|GILLES DOWNS|IRON BARON|IRON KNOB|KATUNGA STATION|LAKE GILLES|MYOLA STATION|SECRET ROCKS"
5630,SA,"EDILILLIE","EDILILLIE|EDILLILIE"
5631,SA,"COCKALEECHIE","COCKALEECHIE|CUMMINS"
5632,SA,"KAPINNIE","KAPINNIE|KARKOO|MITCHELL|YEELANNA"
5633,SA,"BOONERDO","BOONERDO|LOCK|ULYERRA"
5640,SA,"CAMPOONA","CAMPOONA|CLEVE|JAMIESON|WADDIKEE"
5641,SA,"BARNA","BARNA|BUCKLEBOO|BUNGEROO|CARALUE|CORTLINYE|CUNYARIE|KELLY|KIMBA|MOSELEY|PANITYA|PINKAWILLINIE|SOLOMON|WILCHERRY|YALANDA|YELTANA"
5642,SA,"DARKE PEAK","DARKE PEAK|HAMBIDGE|KIELPA|MURLONG|RUDALL"
5650,SA,"COOTRA","COOTRA|KOONGAWA|WARRAMBOO"
5651,SA,"KYANCUTTA","KYANCUTTA"
5652,SA,"PANEY","PANEY|PYGERY|WUDINNA"
5653,SA,"YANINEE","YANINEE"
5654,SA,"COCATA","COCATA|KARCULTABY|MINNIPA|MOUNT DAMPER"
5655,SA,"BOCKELBERG","BOCKELBERG|GAWLER RANGES|KALDOONERA|LOCKES CLAYPAN|NARLABY|POOCHERA|PYGERY"
5660,SA,"CHILPENUNDA","CHILPENUNDA|CUNGENA"
5661,SA,"KOOLGERA","KOOLGERA|PIMBAACLA|WALLALA|WIRRULLA|YANTANABIE"
5670,SA,"BRAMFIELD","BRAMFIELD|COLTON|COOLILLIE|ELLISTON|KAPPAWANTA|MOUNT JOY|MOUNT WEDGE|PALKAGEE|POLDA|TALIA|ULYERRA"
5671,SA,"BAIRD BAY","BAIRD BAY|CALCA|COLLEY|MORTANA|MOUNT COOPER|PORT KENNY|TYRINGA|WITERA"
5680,SA,"CARAWA","CARAWA|CHANDADA|CHINBINGINA|EBA ANCHORAGE|HASLAM|INKSTER|LAURA BAY|MARYVALE|MUDAMUCKLA|NUNJIKOMPITA|PERLUBIE|PETINA|PIEDNIPPIE|PINJARRA STATION|PUNTABIE|PUREBA|SCEALE BAY|SMOKY BAY|STREAKY BAY|WESTALL|YANERBIE"
5690,SA,"BOOKABIE","BOOKABIE|CEDUNA|CEDUNA WATERS|CHARRA|CHUNDARIA|COORABIE|DENIAL BAY|FOWLERS BAY|KALANBI|KOONIBBA|MALTEE|MERGHINY|MITCHIDY MOOLA|NADIA|NANBONA|NULLARBOR|NUNDROO|OAK VALLEY|PENONG|THEVENARD|UWORRA|WANDANA|WATRABA|WHITE WELL CORNER|YALATA|YELLABINNA|YUMBARRA"
5700,SA,"BLANCHE HARBOR","BLANCHE HARBOR|COMMISSARIAT POINT|CULTANA|DAVENPORT|MIRANDA|MUNDALLIO|PORT AUGUSTA|PORT AUGUSTA NORTH|PORT AUGUSTA WEST|PORT PATERSON|WAMI KATA|WILLSDEN|WINNINOWIE"
5701,SA,"ARKAROOLA VILLAGE","ARKAROOLA VILLAGE|COOK|PORT AUGUSTA|TARCOOLA|WOOLUNDUNGA"
5710,SA,"COOK","COOK|GLENDAMBO|KINGOONYA|NONNING|PORT AUGUSTA|STIRLING NORTH|TARCOOLA"
5713,SA,"EMEROO","EMEROO|ISLAND LAGOON|KOOTABERRA|LAKE TORRENS|LAKE TORRENS STATION|MOUNT ARDEN|OAKDEN HILLS|PERNATTY|SOUTH GAP|WALLERBERDINA|WILKATANA STATION|WINTABATINYANA|YADLAMALKA"
5715,SA,"CARRIEWERLOO","CARRIEWERLOO|ILLEROO|LINCOLN GAP|PANDURRA|WARTAKA|YALYMBOO|YUDNAPINNA"
5717,SA,"HILTABA","HILTABA|KOKATHA|KOLENDO|KONDOOLKA|LAKE EVERARD|LAKE GAIRDNER|LAKE MACFARLANE|MAHANEWO|MOONAREE|MOUNT IVE|NONNING|SIAM|THURLGA|UNO|YARDEA"
5719,SA,"BON BON","BON BON|BULGUNNIA|COMMONWEALTH HILL|COONDAMBO|GLENDAMBO|KINGOONYA|LAKE HARRIS|MULGATHING|WILGENA|WIRRAMINNA"
5720,SA,"ARCOONA","ARCOONA|BILLA KALINA|BOSWORTH|MILLERS CREEK|MOUNT EBA|MOUNT VIVIAN|PARAKYLIA|PIMBA|PURPLE DOWNS|STUARTS CREEK|WOOMERA"
5722,SA,"ANDAMOOKA","ANDAMOOKA|ANDAMOOKA STATION"
5723,SA,"ALLANDALE STATION","ALLANDALE STATION|ANNA CREEK|ARCKARINGA|COOBER PEDY|EVELYN DOWNS|INGOMAR|MABEL CREEK|MCDOUALL PEAK|MOUNT BARRY|MOUNT CLARENCE STATION|MOUNT WILLOUGHBY|NILPINNA STATION|WILLIAM CREEK|WINTINNA"
5724,SA,"MARLA","MARLA|MINTABIE|WELBOURN HILL"
5725,SA,"OLYMPIC DAM","OLYMPIC DAM|ROXBY DOWNS|ROXBY DOWNS STATION"
5730,SA,"ALPANA","ALPANA|ANGORIGINA|BELTANA|BELTANA STATION|BLINMAN|EDIACARA|GUM CREEK STATION|MOOLOOLOO|MOORILLAH|MOTPENA|MOUNT FALKLAND|NARRINA|NILPENA|ORATUNGA STATION|PARACHILNA|PUTTAPA|WARRAWEENA|WIRREALPA"
5731,SA,"BOLLARDS LAGOON","BOLLARDS LAGOON|COOPERS CREEK|CORDILLO DOWNS|DURHAM DOWNS|FARINA|FARINA STATION|GIDGEALPA|INNAMINCKA|LEIGH CREEK|LEIGH CREEK STATION|LINDON|LYNDHURST|MERTY MERTY|MOOLAWATANA|MOUNT FREELING|MOUNT LYNDHURST|MULGARIA|MURNPEOWIE|MYRTLE SPRINGS|STRZELECKI DESERT|WITCHELINA"
5732,SA,"ANGEPENA","ANGEPENA|ARKAROOLA|BURR WELL|COPLEY|GAMMON RANGES|MANNERS WELL|MOOLAWATANA|MOUNT SERLE|MULGA VIEW|NEPABUNNA|NORTH MOOLOOLOO|PINDA SPRINGS|UMBERATANA|WERTALOONA|WOOLTANA|YANKANINNA"
5733,SA,"ALTON DOWNS STATION","ALTON DOWNS STATION|CALLANNA|CLAYTON STATION|CLIFTON HILLS STATION|COWARIE|DULKANINNA|ETADUNNA|FARINA|KALAMURINA|LAKE EYRE|MARREE|MARREE STATION|MULKA|MULOORINA|MUNDOWDNA|MUNGERANIE|PANDIE PANDIE"
5734,SA,"CROWN POINT","CROWN POINT|ERINGA|MACUMBA|MOUNT SARAH|OODNADATTA|SIMPSON DESERT|TODMORDEN|WITJIRA"
5800,SA,"ADELAIDE","ADELAIDE"
5801,SA,"ADELAIDE","ADELAIDE"
5810,SA,"ADELAIDE","ADELAIDE"
5839,SA,"ADELAIDE","ADELAIDE"
5942,SA,"REGENCY PARK","REGENCY PARK"
5950,SA,"ADELAIDE AIRPORT","ADELAIDE AIRPORT|EXPORT PARK"
6000,WA,"CITY DELIVERY CENTRE","CITY DELIVERY CENTRE|PERTH|PERTH GPO"
6001,WA,"PERTH","PERTH"
6003,WA,"HIGHGATE","HIGHGATE|NORTHBRIDGE"
6004,WA,"EAST PERTH","EAST PERTH"
6005,WA,"KINGS PARK","KINGS PARK|WEST PERTH"
6006,WA,"NORTH PERTH","NORTH PERTH"
6007,WA,"LEEDERVILLE","LEEDERVILLE|WEST LEEDERVILLE"
6008,WA,"DAGLISH","DAGLISH|SHENTON PARK|SUBIACO|SUBIACO EAST"
6009,WA,"BROADWAY NEDLANDS","BROADWAY NEDLANDS|CRAWLEY|DALKEITH|NEDLANDS|NEDLANDS DC"
6010,WA,"CLAREMONT","CLAREMONT|CLAREMONT NORTH|KARRAKATTA|MOUNT CLAREMONT|SWANBOURNE"
6011,WA,"COTTESLOE","COTTESLOE|PEPPERMINT GROVE"
6012,WA,"MOSMAN PARK","MOSMAN PARK"
6014,WA,"FLOREAT","FLOREAT|FLOREAT FORUM|JOLIMONT|WEMBLEY"
6015,WA,"CITY BEACH","CITY BEACH"
6016,WA,"GLENDALOUGH","GLENDALOUGH|MOUNT HAWTHORN"
6017,WA,"HERDSMAN","HERDSMAN|OSBORNE PARK|OSBORNE PARK DC"
6018,WA,"CHURCHLANDS","CHURCHLANDS|DOUBLEVIEW|GWELUP|GWELUP DC|INNALOO|KARRINYUP|WOODLANDS"
6019,WA,"SCARBOROUGH","SCARBOROUGH|WEMBLEY DOWNS"
6020,WA,"CARINE","CARINE|MARMION|NORTH BEACH|SORRENTO|WATERMANS BAY"
6021,WA,"BALCATTA","BALCATTA|STIRLING"
6022,WA,"HAMERSLEY","HAMERSLEY"
6023,WA,"DUNCRAIG","DUNCRAIG|GLENGARRY"
6024,WA,"GREENWOOD","GREENWOOD|WARWICK"
6025,WA,"CRAIGIE","CRAIGIE|HILLARYS|KALLAROO|PADBURY"
6026,WA,"KINGSLEY","KINGSLEY|WOODVALE"
6027,WA,"BELDON","BELDON|CONNOLLY|EDGEWATER|HEATHRIDGE|JOONDALUP|JOONDALUP DC|MULLALOO|OCEAN REEF"
6028,WA,"BURNS BEACH","BURNS BEACH|CURRAMBINE|ILUKA|KINROSS"
6029,WA,"TRIGG","TRIGG"
6030,WA,"CLARKSON","CLARKSON|MERRIWA|MINDARIE|QUINNS ROCKS|RIDGEWOOD|TAMALA PARK"
6031,WA,"BANKSIA GROVE","BANKSIA GROVE|CARRAMAR|NEERABUP"
6032,WA,"NOWERGUP","NOWERGUP"
6033,WA,"CARABOODA","CARABOODA"
6034,WA,"EGLINTON","EGLINTON"
6035,WA,"YANCHEP","YANCHEP"
6036,WA,"BUTLER","BUTLER|JINDALEE"
6037,WA,"TWO ROCKS","TWO ROCKS"
6038,WA,"ALKIMOS","ALKIMOS"
6041,WA,"CARABAN","CARABAN|GABBADAH|GUILDERTON|WILBINGA|WOODRIDGE"
6042,WA,"SEABIRD","SEABIRD"
6043,WA,"BRETON BAY","BRETON BAY|LEDGE POINT"
6044,WA,"KARAKIN","KARAKIN|LANCELIN|NILGEN|WEDGE ISLAND"
6050,WA,"COOLBINIA","COOLBINIA|MENORA|MOUNT LAWLEY"
6051,WA,"MAYLANDS","MAYLANDS"
6052,WA,"BEDFORD","BEDFORD|INGLEWOOD"
6053,WA,"BAYSWATER","BAYSWATER"
6054,WA,"ASHFIELD","ASHFIELD|BASSENDEAN|BASSENDEAN DC|EDEN HILL|KIARA|LOCKRIDGE"
6055,WA,"BRABHAM","BRABHAM|BUSHMEAD|CAVERSHAM|DAYTON|GUILDFORD|HAZELMERE|HENLEY BROOK|SOUTH GUILDFORD|WEST SWAN"
6056,WA,"BASKERVILLE","BASKERVILLE|BELLEVUE|BOYA|GREENMOUNT|HELENA VALLEY|HERNE HILL|JANE BROOK|KOONGAMIA|MIDDLE SWAN|MIDLAND|MIDVALE|MILLENDON|RED HILL|STRATTON|SWAN VIEW|VIVEASH|WOODBRIDGE"
6057,WA,"HIGH WYCOMBE","HIGH WYCOMBE|MAIDA VALE"
6058,WA,"FORRESTFIELD","FORRESTFIELD"
6059,WA,"DIANELLA","DIANELLA"
6060,WA,"DOG SWAMP","DOG SWAMP|JOONDANNA|TUART HILL|YOKINE|YOKINE SOUTH"
6061,WA,"BALGA","BALGA|MIRRABOOKA|NOLLAMARA|WESTMINSTER"
6062,WA,"EMBLETON","EMBLETON|MORLEY|NORANDA"
6063,WA,"BEECHBORO","BEECHBORO|BENNETT SPRINGS"
6064,WA,"ALEXANDER HEIGHTS","ALEXANDER HEIGHTS|GIRRAWHEEN|KOONDOOLA|MARANGAROO"
6065,WA,"ASHBY","ASHBY|DARCH|GNANGARA|HOCKING|JANDABUP|KINGSWAY|LANDSDALE|LEXIA|MADELEY|MARIGINIUP|MELALEUCA|PEARSALL|PINJAR|SINAGRA|TAPPING|WANGARA|WANGARA DC|WANNEROO"
6066,WA,"BALLAJURA","BALLAJURA"
6067,WA,"CULLACABARDEE","CULLACABARDEE"
6068,WA,"WHITEMAN","WHITEMAN"
6069,WA,"AVELEY","AVELEY|BELHUS|BRIGADOON|ELLENBROOK|ELLENBROOK EAST|THE VINES|UPPER SWAN"
6070,WA,"DARLINGTON","DARLINGTON"
6071,WA,"GLEN FORREST","GLEN FORREST|HOVEA"
6072,WA,"MAHOGANY CREEK","MAHOGANY CREEK"
6073,WA,"MUNDARING","MUNDARING|MUNDARING DC|MUNDARING WEIR"
6074,WA,"SAWYERS VALLEY","SAWYERS VALLEY"
6076,WA,"BICKLEY","BICKLEY|CARMEL|GOOSEBERRY HILL|HACKETTS GULLY|KALAMUNDA|LESMURDIE|PAULLS VALLEY|PICKERING BROOK|PIESSE BROOK|RESERVOIR|WALLISTON|WALLISTON DC"
6077,WA,"GNANGARA","GNANGARA|JANDABUP"
6078,WA,"MARIGINIUP","MARIGINIUP|PINJAR"
6079,WA,"LEXIA","LEXIA|MELALEUCA"
6081,WA,"PARKERVILLE","PARKERVILLE|STONEVILLE"
6082,WA,"BAILUP","BAILUP|MOUNT HELENA"
6083,WA,"GIDGEGANNUP","GIDGEGANNUP|MORANGUP"
6084,WA,"AVON VALLEY NATIONAL PARK","AVON VALLEY NATIONAL PARK|BULLSBROOK|CHITTERING|LOWER CHITTERING|WALYUNGA NATIONAL PARK"
6090,WA,"MALAGA","MALAGA"
6100,WA,"BURSWOOD","BURSWOOD|LATHLAIN|VICTORIA PARK"
6101,WA,"CARLISLE","CARLISLE|CARLISLE NORTH|CARLISLE SOUTH|EAST VICTORIA PARK"
6102,WA,"BENTLEY","BENTLEY|BENTLEY DC|BENTLEY SOUTH|ST JAMES"
6103,WA,"RIVERVALE","RIVERVALE"
6104,WA,"ASCOT","ASCOT|BELMONT|REDCLIFFE"
6105,WA,"CLOVERDALE","CLOVERDALE|KEWDALE|PERTH AIRPORT"
6106,WA,"WELSHPOOL","WELSHPOOL|WELSHPOOL DC"
6107,WA,"BECKENHAM","BECKENHAM|CANNINGTON|EAST CANNINGTON|KENWICK|QUEENS PARK|WATTLE GROVE|WILSON"
6108,WA,"THORNLIE","THORNLIE"
6109,WA,"MADDINGTON","MADDINGTON|ORANGE GROVE"
6110,WA,"GOSNELLS","GOSNELLS|HUNTINGDALE|MARTIN|SOUTHERN RIVER"
6111,WA,"ASHENDON","ASHENDON|CAMILLO|CANNING MILLS|CHAMPION LAKES|KARRAGULLEN|KELMSCOTT|KELMSCOTT DC|LESLEY|ROLEYSTONE|WESTFIELD"
6112,WA,"ARMADALE","ARMADALE|BEDFORDALE|BROOKDALE|DOOBARDA|FORRESTDALE|HARRISDALE|HAYNES|HILBERT|MOUNT NASURA|MOUNT RICHON|PIARA WATERS|SEVILLE GROVE|WUNGONG"
6121,WA,"OAKFORD","OAKFORD|OLDBURY"
6122,WA,"BYFORD","BYFORD|CARDUP|DARLING DOWNS|KARRAKUP"
6123,WA,"MUNDIJONG","MUNDIJONG|WHITBY"
6124,WA,"JARRAHDALE","JARRAHDALE"
6125,WA,"HOPELAND","HOPELAND|MARDELLA|SERPENTINE"
6126,WA,"KEYSBROOK","KEYSBROOK"
6147,WA,"LANGFORD","LANGFORD|LYNWOOD|PARKWOOD"
6148,WA,"FERNDALE","FERNDALE|RIVERTON|ROSSMOYNE|SHELLEY"
6149,WA,"BULL CREEK","BULL CREEK|LEEMING"
6150,WA,"BATEMAN","BATEMAN|MURDOCH|WINTHROP"
6151,WA,"KENSINGTON","KENSINGTON|SOUTH PERTH|SOUTH PERTH ANGELO ST"
6152,WA,"COMO","COMO|KARAWARA|MANNING|SALTER POINT|WATERFORD"
6153,WA,"APPLECROSS","APPLECROSS|APPLECROSS NORTH|ARDROSS|BRENTWOOD|CANNING BRIDGE APPLECROSS|MOUNT PLEASANT"
6154,WA,"ALFRED COVE","ALFRED COVE|BOORAGOON|MYAREE"
6155,WA,"CANNING VALE","CANNING VALE|CANNING VALE DC|CANNING VALE SOUTH|WILLETTON"
6156,WA,"ATTADALE","ATTADALE|MELVILLE|WILLAGEE|WILLAGEE CENTRAL"
6157,WA,"BICTON","BICTON|PALMYRA|PALMYRA DC"
6158,WA,"EAST FREMANTLE","EAST FREMANTLE"
6159,WA,"NORTH FREMANTLE","NORTH FREMANTLE"
6160,WA,"FREMANTLE","FREMANTLE"
6161,WA,"ROTTNEST ISLAND","ROTTNEST ISLAND"
6162,WA,"BEACONSFIELD","BEACONSFIELD|SOUTH FREMANTLE|WHITE GUM VALLEY"
6163,WA,"BIBRA LAKE","BIBRA LAKE|BIBRA LAKE DC|COOLBELLUP|HAMILTON HILL|HILTON|KARDINYA|NORTH COOGEE|NORTH LAKE|O'CONNOR|SAMSON|SPEARWOOD"
6164,WA,"ATWELL","ATWELL|AUBIN GROVE|BANJUP|BEELIAR|COCKBURN CENTRAL|HAMMOND PARK|JANDAKOT|SOUTH LAKE|SUCCESS|TREEBY|YANGEBUP"
6165,WA,"HOPE VALLEY","HOPE VALLEY|NAVAL BASE"
6166,WA,"COOGEE","COOGEE|HENDERSON|LAKE COOGEE|MUNSTER|WATTLEUP"
6167,WA,"ANKETELL","ANKETELL|BERTRAM|CALISTA|CASUARINA|KWINANA BEACH|KWINANA TOWN CENTRE|MANDOGALUP|MEDINA|ORELIA|PARMELIA|POSTANS|THE SPECTACLES|WANDI"
6168,WA,"COOLOONGUP","COOLOONGUP|EAST ROCKINGHAM|GARDEN ISLAND|HILLMAN|PERON|ROCKINGHAM|ROCKINGHAM BEACH|ROCKINGHAM DC"
6169,WA,"SAFETY BAY","SAFETY BAY|SHOALWATER|WAIKIKI|WARNBRO"
6170,WA,"LEDA","LEDA|WELLARD"
6171,WA,"BALDIVIS","BALDIVIS"
6172,WA,"PORT KENNEDY","PORT KENNEDY"
6173,WA,"SECRET HARBOUR","SECRET HARBOUR"
6174,WA,"GOLDEN BAY","GOLDEN BAY"
6175,WA,"SINGLETON","SINGLETON"
6176,WA,"KARNUP","KARNUP"
6180,WA,"LAKELANDS","LAKELANDS|PARKLANDS"
6181,WA,"STAKE HILL","STAKE HILL"
6182,WA,"KERALUP","KERALUP"
6207,WA,"MYARA","MYARA|NAMBEELUP|NORTH DANDALUP|SOLUS|WHITTAKER"
6208,WA,"BLYTHEWOOD","BLYTHEWOOD|FAIRBRIDGE|MEELON|NIRIMBA|NORTH YUNDERUP|OAKLEY|PINJARRA|POINT GREY|RAVENSWOOD|SOUTH YUNDERUP|WEST PINJARRA"
6209,WA,"BARRAGUP","BARRAGUP|FURNISSDALE"
6210,WA,"BARRAGUP","BARRAGUP|BOUVARD|CLIFTON|COODANUP|DAWESVILLE|DUDLEY PARK|ERSKINE|FALCON|FURNISSDALE|GREENFIELDS|HALLS HEAD|HERRON|LAKELANDS|MADORA BAY|MANDURAH|MANDURAH DC|MANDURAH EAST|MANDURAH NORTH|MEADOW SPRINGS|PARKLANDS|SAN REMO|SILVER SANDS|STAKE HILL|WANNANUP"
6211,WA,"BOUVARD","BOUVARD|CLIFTON|DAWESVILLE|HERRON"
6213,WA,"BANKSIADALE","BANKSIADALE|DWELLINGUP|ETMILYN|HOLYOAKE|INGLEHOPE|MARRINUP|TEESDALE"
6214,WA,"BIRCHMONT","BIRCHMONT|COOLUP|WEST COOLUP"
6215,WA,"HAMEL","HAMEL|LAKE CLIFTON|NANGA BROOK|PRESTON BEACH|WAGERUP|WAROONA"
6218,WA,"YARLOOP","YARLOOP"
6219,WA,"COOKERNUP","COOKERNUP"
6220,WA,"HARVEY","HARVEY|HOFFMAN|MYALUP|UDUC|WARAWARRUP"
6221,WA,"MORNINGTON","MORNINGTON|WOKALUP"
6223,WA,"BENGER","BENGER"
6224,WA,"BEELA","BEELA|BRUNSWICK"
6225,WA,"ALLANSON","ALLANSON|BOWELLING|BUCKINGHAM|CARDIFF|COLLIE|COLLIE BURN|HARRIS RIVER|LYALLS MILL|MCALINDEN|MUJA|MUMBALLUP|MUNGALUP|NOGGERUP|PALMER|PRESTON SETTLEMENT|SHOTTS|WORSLEY|YOURDAMUNG LAKE"
6226,WA,"ROELANDS","ROELANDS"
6227,WA,"BUREKUP","BUREKUP"
6228,WA,"WATERLOO","WATERLOO"
6229,WA,"PICTON","PICTON|PICTON EAST"
6230,WA,"BUNBURY","BUNBURY|CAREY PARK|COLLEGE GROVE|DALYELLUP|DAVENPORT|EAST BUNBURY|GELORUP|GLEN IRIS|PELICAN POINT|SOUTH BUNBURY|USHER|VITTORIA|WITHERS"
6231,WA,"BUNBURY","BUNBURY"
6232,WA,"EATON","EATON|MILLBRIDGE"
6233,WA,"AUSTRALIND","AUSTRALIND|BINNINGUP|LESCHENAULT|PARKFIELD|WELLESLEY"
6236,WA,"CROOKED BROOK","CROOKED BROOK|DARDANUP|DARDANUP WEST|FERGUSON|HENTY|PARADISE|WELLINGTON FOREST|WELLINGTON MILL"
6237,WA,"BOYANUP","BOYANUP|ELGIN|GWINDINUP|NORTH BOYANUP|STRATHAM|THE PLAINS"
6239,WA,"ARGYLE","ARGYLE|BEELERUP|BROOKHAMPTON|CHARLEY CREEK|DONNYBROOK|GLEN MERVYN|PAYNEDALE|QUEENWOOD|THOMSON BROOK|UPPER CAPEL|YABBERUP"
6240,WA,"LOWDEN","LOWDEN"
6243,WA,"WILGA","WILGA|WILGA WEST"
6244,WA,"BOYUP BROOK","BOYUP BROOK|CHOWERUP|DINNINUP|KULIKUP|MAYANUP|SCOTTS BROOK|TONEBRIDGE|TRIGWELL"
6251,WA,"BRAZIER","BRAZIER|KIRUP|NEWLANDS"
6252,WA,"MULLALYUP","MULLALYUP"
6253,WA,"BALINGUP","BALINGUP|GRIMWADE|SOUTHAMPTON"
6254,WA,"GREENBUSHES","GREENBUSHES|NORTH GREENBUSHES"
6255,WA,"BENJINUP","BENJINUP|BRIDGETOWN|CATTERICK|HESTER|HESTER BROOK|KANGAROO GULLY|WINNEJUP"
6256,WA,"GLENLYNN","GLENLYNN|KINGSTON|MARANUP|SUNNYSIDE|WANDILLUP|YORNUP"
6258,WA,"BALBARRUP","BALBARRUP|CROWEA|DEANMILL|DIAMOND TREE|DINGUP|DIXVALE|DONNELLY RIVER|GLENORAN|JARDEE|LAKE MUIR|LINFARNE|MANJIMUP|MIDDLESEX|MORDALUP|NYAMUP|PALGARUP|PERUP|QUINNINUP|RINGBARK|SHANNON RIVER MILL|SMITH BROOK|UPPER WARREN|WILGARRUP|YANMAH"
6260,WA,"BEEDELUP","BEEDELUP|BIDDELIA|CALLCUP|CHANNYBEARUP|COLLINS|COLLINS SIDING|EASTBROOK|LAKE JASPER|PEERABEELUP|PEMBERTON|YEAGARUP"
6262,WA,"BOORARA BROOK","BOORARA BROOK|CROWEA|MEERUP|NORTHCLIFFE|SHANNON|WINDY HARBOUR"
6271,WA,"CAPEL","CAPEL|CAPEL RIVER|FORREST BEACH|PEPPERMINT GROVE BEACH|STIRLING ESTATE"
6275,WA,"BARRABUP","BARRABUP|CARLOTTA|CUNDINUP|DARRADUP|EAST NANNUP|JALBARRAGUP|JARRAHWOOD|NANNUP|SCOTT RIVER EAST|YOGANUP"
6280,WA,"ABBA RIVER","ABBA RIVER|ABBEY|ACTON PARK|AMBERGATE|ANNIEBROOK|BOALLIA|BOVELL|BROADWATER|BUSSELTON|CARBUNUP RIVER|CHAPMAN HILL|GEOGRAPHE|HITHERGREEN|JINDONG|KALGUP|KALOORUP|KEALY|LUDLOW|MARYBROOK|METRICUP|NORTH JINDONG|REINSCOURT|RUABON|SABINA RIVER|SIESTA PARK|TUTUNUP|VASSE|WALSALL|WEST BUSSELTON|WILYABRUP|WONNERUP|YALYALUP|YELVERTON|YOONGARILLUP"
6281,WA,"DUNSBOROUGH","DUNSBOROUGH|EAGLE BAY|NATURALISTE|QUEDJINUP|QUINDALUP"
6282,WA,"YALLINGUP","YALLINGUP|YALLINGUP SIDING"
6284,WA,"BAUDIN","BAUDIN|COWARAMUP|GRACETOWN|TREETON"
6285,WA,"BRAMLEY","BRAMLEY|BURNSIDE|GNARABUP|MARGARET RIVER|OSMINGTON|PREVELLY|ROSA BROOK|ROSA GLEN|SCHROEDER|YEBBLE"
6286,WA,"BORANUP","BORANUP|FOREST GROVE|REDGATE|WITCHCLIFFE"
6288,WA,"ALEXANDRA BRIDGE","ALEXANDRA BRIDGE|COURTENAY|HAMELIN BAY|KARRIDALE|NILLUP|SCOTT RIVER|WARNER GLEN"
6290,WA,"AUGUSTA","AUGUSTA|DEEPDENE|EAST AUGUSTA|KUDARDUP|LEEUWIN|MOLLOY ISLAND"
6302,WA,"BADGIN","BADGIN|BALLADONG|BURGES|CALJIE|COLD HARBOUR|DALIAK|FLINT|FLYNN|GILGERING|GREENHILLS|GWAMBYGINE|INKPEN|KAURING|MALEBELLING|MOUNT HARDEY|MOUNT OBSERVATION|NARRALOGGAN|QUELLINGTON|SAINT RONANS|ST RONANS|TALBOT|TALBOT WEST|WILBERFORCE|YORK"
6304,WA,"BALLY BALLY","BALLY BALLY|BEVERLEY|DALE|EAST BEVERLEY|KOKEBY|MORBINNING|WESTDALE"
6306,WA,"ALDERSYDE","ALDERSYDE|BROOKTON|BULYEE|JELCOBINE|KWEDA"
6308,WA,"CODJATOTINE","CODJATOTINE|DWARDA|EAST PINGELLY|HASTINGS|PINGELLY|PUMPHREYS BRIDGE|SPRINGS|WANDERING|WEST PINGELLY"
6309,WA,"EAST POPANYINNING","EAST POPANYINNING|POPANYINNING|STRATHERNE|WEST POPANYINNING"
6311,WA,"COMMODINE","COMMODINE|CONTINE|CUBALLING|DRYANDRA|LOL GRAY|TOWNSENDALE|WARDERING|YORNANING"
6312,WA,"BOUNDAIN","BOUNDAIN|DUMBERNING|HILLSIDE|MINIGIN|NARROGIN|NARROGIN VALLEY|NOMANS LAKE|TOOLIBIN|YILLIMINNING"
6313,WA,"HIGHBURY","HIGHBURY"
6315,WA,"ARTHUR RIVER","ARTHUR RIVER|BALLAYING|CANCANNING|COLLANILLING|DONGOLOCKING|GUNDARING|JALORAN|LIME LAKE|MINDING|PIESSEVILLE|WAGIN|WEDGECARRUP"
6316,WA,"BOYERINE","BOYERINE|CARTMETICUP|GLENCOE|KENMARE|WESTWOOD|WOODANILLING"
6317,WA,"BADGEBUP","BADGEBUP|BULLOCK HILLS|CARROLUP|COBLININE|COYRECUP|DATATINE|EWLYAMARTUP|KATANNING|MARRACOONDA|MOOJEBING|MURDONG|PINWERNYING|SOUTH DATATINE|SOUTH GLENCOE"
6318,WA,"BROOMEHILL","BROOMEHILL|BROOMEHILL EAST|BROOMEHILL VILLAGE|BROOMEHILL WEST"
6320,WA,"BOBALONG","BOBALONG|BORDERDALE|DARTNALL|LAKE TOOLBRUNUP|MOONIES HILL|TAMBELLUP|WANSBROUGH"
6321,WA,"CRANBROOK","CRANBROOK"
6322,WA,"TENTERDEN","TENTERDEN"
6323,WA,"KENDENUP","KENDENUP"
6324,WA,"DENBARKER","DENBARKER|FOREST HILL|MOUNT BARKER|PERILLUP|PORONGURUP|SOUTH STIRLING|TAKALARUP|WOOGENELLUP"
6326,WA,"NARRIKUP","NARRIKUP"
6327,WA,"REDMOND","REDMOND|REDMOND WEST"
6328,WA,"CAPE RICHE","CAPE RICHE|CHEYNES|GNOWELLEN|GREEN RANGE|KOJANEERUP SOUTH|MANYPEAKS|METTLER|PALMDALE|WELLSTEAD"
6330,WA,"ALBANY","ALBANY|BAYONET HEAD|BIG GROVE|BORNHOLM|CENTENNIAL PARK|COLLINGWOOD HEIGHTS|COLLINGWOOD PARK|CUTHBERT|DROME|ELLEKER|EMU POINT|FRENCHMAN BAY|GLEDHOW|GOODE BEACH|GREEN VALLEY|KALGAN|KING RIVER|KRONKUP|LANGE|LITTLE GROVE|LOCKYER|LOWER KING|LOWLANDS|MARBELUP|MCKAIL|MIDDLETON BEACH|MILLBROOK|MILPARA|MIRA MAR|MOUNT CLARENCE|MOUNT ELPHINSTONE|MOUNT MELVILLE|NANARUP|NAPIER|NULLAKI|ORANA|PORT ALBANY|ROBINSON|SANDPATCH|SEPPINGS|SPENCER PARK|TORBAY|TORNDIRRUP|VANCOUVER PENINSULA|WALMSLEY|WARRENUP|WEST CAPE HOWE|WILLYUNG|YAKAMIA|YOUNGS SIDING"
6331,WA,"ALBANY DC","ALBANY DC"
6332,WA,"ALBANY","ALBANY|ALBANY PO"
6333,WA,"BOW BRIDGE","BOW BRIDGE|DENMARK|HAY|HAZELVALE|KENTDALE|KORDABUP|MOUNT LINDESAY|MOUNT LINDSAY|MOUNT ROMANCE|NORNALUP|OCEAN BEACH|PARRYVILLE|PEACEFUL BAY|SCOTSDALE|SHADFORTH|TINGLEDALE|TRENT|WILLIAM BAY"
6335,WA,"GNOWANGERUP","GNOWANGERUP|JACKITUP|KEBARINGUP|PALLINUP"
6336,WA,"COWALELLUP","COWALELLUP|MILLS LAKE|MINDARABIN|NEEDILUP|ONGERUP|TOOMPUP"
6337,WA,"FITZGERALD","FITZGERALD|GAIRDNER|JACUP|JERRAMUNGUP|WEST FITZGERALD"
6338,WA,"AMELUP","AMELUP|BORDEN|BOXWOOD HILL|BREMER BAY|MAGITUP|MONJEBUP|NALYERLUP|NORTH STIRLINGS|STIRLING RANGE NATIONAL PARK"
6341,WA,"NYABING","NYABING"
6343,WA,"PINGRUP","PINGRUP"
6346,WA,"FITZGERALD RIVER NATIONAL PARK","FITZGERALD RIVER NATIONAL PARK|JERDACUTTUP|RAVENSTHORPE|WEST RIVER"
6348,WA,"HOPETOUN","HOPETOUN"
6350,WA,"BULLOCK HILLS","BULLOCK HILLS|DUMBLEYUNG|NAIRIBIN|NIPPERING"
6351,WA,"MOULYINNING","MOULYINNING|NORTH MOULYINNING"
6352,WA,"KUKERIN","KUKERIN|MERILUP|NORTH KUKERIN|SOUTH KUKERIN"
6353,WA,"BEENONG","BEENONG|BUNICHE|KUENDER|LAKE GRACE|MALLEE HILL|NEENDALING|NORTH BURNGUP|NORTH LAKE GRACE|SOUTH LAKE GRACE|TARIN ROCK"
6355,WA,"DUNN ROCK","DUNN ROCK|EAST NEWDEGATE|HOLT ROCK|LAKE BIDDY|LAKE CAMM|LITTLE ITALY|MAGENTA|MOUNT SHERIDAN|NEWDEGATE|SOUTH NEWDEGATE|VARLEY"
6356,WA,"HATTER HILL","HATTER HILL|LAKE KING|MOUNT MADDEN"
6357,WA,"PINGARING","PINGARING"
6358,WA,"KARLGARIN","KARLGARIN"
6359,WA,"FORRESTANIA","FORRESTANIA|HYDEN|LITTLE ITALY"
6361,WA,"HARRISMITH","HARRISMITH|TINCURRIN"
6363,WA,"DUDININ","DUDININ|WALYURIN"
6365,WA,"JILAKIN","JILAKIN|JITARNING|KULIN|KULIN WEST"
6367,WA,"BENDERING","BENDERING|KONDININ"
6368,WA,"SOUTH KUMMININ","SOUTH KUMMININ"
6369,WA,"EMU HILL","EMU HILL|MOUNT WALKER|NAREMBEEN|WADDERIN|WEST HOLLETON|WOOLOCUTTY"
6370,WA,"EAST WICKEPIN","EAST WICKEPIN|GILLIMANNING|KIRK ROCK|MALYALLING|WICKEPIN|WOGOLIN"
6372,WA,"KIRK ROCK","KIRK ROCK|YEALERING"
6373,WA,"BULLARING","BULLARING"
6375,WA,"ADAMSVALE","ADAMSVALE|BILBARIN|CORRIGIN|GORGE ROCK|KUNJIN|KURRENKUTTEN"
6383,WA,"BADJALING","BADJALING|BALKULING|CUBBINE|DANGIN|DOODENANNING|DULBELLING|MAWSON|MOUNT STIRLING|QUAIRADING|SOUTH CAROLING|SOUTH QUAIRADING|WAMENUSKING|YOTING"
6384,WA,"PANTAPIN","PANTAPIN"
6385,WA,"KWOLYIN","KWOLYIN"
6386,WA,"SHACKLETON","SHACKLETON"
6390,WA,"BANNISTER","BANNISTER|BODDINGTON|CROSSMAN|LOWER HOTHAM|MARRADONG|MOUNT COOKE|MOUNT WELLS|NORTH BANNISTER|RANFORD|UPPER MURRAY|WURAMING"
6391,WA,"BORANING","BORANING|CONGELIN|CULBIN|HILLMAN RIVER|NARRAKINE|QUINDANNING|TARWONGA|WILLIAMS"
6392,WA,"BOKAL","BOKAL|BOOLADING|DARDADINE|DARKAN|MEEKING"
6393,WA,"CORDERING","CORDERING|DURANILLIN|MOODIARRUP|TRIGWELL"
6394,WA,"BEAUFORT RIVER","BEAUFORT RIVER|BOILUP|BOSCABEL|CHANGERUP|MOKUP|MURADUP|ORCHID VALLEY|QUALEUP"
6395,WA,"CHERRY TREE POOL","CHERRY TREE POOL|JINGALUP|KOJONUP|LUMEAH|MOBRUP|RYANSBROOK"
6396,WA,"FRANKLAND","FRANKLAND|FRANKLAND RIVER"
6397,WA,"ROCKY GULLY","ROCKY GULLY"
6398,WA,"BROKE","BROKE|NORTH WALPOLE|WALPOLE"
6401,WA,"BUCKLAND","BUCKLAND|BURLONG|CUNJARDINE|IRISHTOWN|JENNACUBBINE|JENNAPULLIN|KATRINE|MALABAINE|MEENAAR|MOKINE|MULUCKINE|MUMBERKINE|MURESK|NORTHAM|ROSSMORE|SOUTHERN BROOK|SPENCERS BROOK|THROSSELL|WONGAMINE"
6403,WA,"GRASS VALLEY","GRASS VALLEY"
6405,WA,"GREENWOODS VALLEY","GREENWOODS VALLEY|MECKERING|QUELAGETTING|WARDING EAST"
6407,WA,"CUNDERDIN","CUNDERDIN|WAEEL|WATERCARRIN|WYOLA|WYOLA WEST|YOUNDEGIN"
6409,WA,"DOONGIN","DOONGIN|NORTH TAMMIN|SOUTH TAMMIN|TAMMIN|YORKRAKINE"
6410,WA,"BUNGULLA","BUNGULLA|DAADENNING CREEK|KELLERBERRIN|MOUNT CAROLINE|NORTH KELLERBERRIN"
6411,WA,"DOODLAKINE","DOODLAKINE|SOUTH DOODLAKINE"
6412,WA,"BAANDEE","BAANDEE|NORTH BAANDEE"
6413,WA,"HINES HILL","HINES HILL"
6414,WA,"NANGEENAN","NANGEENAN"
6415,WA,"GOOMARIN","GOOMARIN|KORBEL|MERREDIN|NOKANING|NORPA|TANDEGIN"
6418,WA,"BRUCE ROCK","BRUCE ROCK|YARDING"
6419,WA,"ARDATH","ARDATH"
6420,WA,"CRAMPHORNE","CRAMPHORNE|MUNTADGIN"
6421,WA,"BURRACOPPIN","BURRACOPPIN|CAMPION|SOUTH BURRACOPPIN|WARRALAKIN"
6422,WA,"WALGOOLAN","WALGOOLAN"
6423,WA,"BOODAROCKIN","BOODAROCKIN|CARRABIN|WARRACHUPPIN|WESTONIA"
6424,WA,"BODALLIN","BODALLIN|NORTH BODALLIN|SOUTH BODALLIN"
6425,WA,"DULYALBIN","DULYALBIN|MOORINE ROCK"
6426,WA,"CORINTHIA","CORINTHIA|GHOOLI|HOLLETON|MARVEL LOCH|MOUNT HAMPTON|MOUNT HOLLAND|MOUNT JACKSON|MOUNT PALMER|PARKER RANGE|SKELETON ROCK|SOUTH YILGARN|SOUTHERN CROSS|TURKEY HILL|YELLOWDINE"
6427,WA,"KOOLYANOBBING","KOOLYANOBBING"
6428,WA,"BABAKIN","BABAKIN"
6429,WA,"BOORABBIN","BOORABBIN|BULLABULLING|COOLGARDIE|KARRAMINDIE|LONDONDERRY|MOUNT BURGES|VICTORIA ROCK|WALLAROO"
6430,WA,"BINDULI","BINDULI|BROADWOOD|HANNANS|KALGOORLIE|KARLKURLA|LAMINGTON|MULLINGAR|PICCADILLY|SOMERVILLE|SOUTH KALGOORLIE|WEST KALGOORLIE|WEST LAMINGTON|WILLIAMSTOWN|YILKARI"
6431,WA,"BOORARA","BOORARA|BROWN HILL|BULONG|EMU FLAT|FEYSVILLE|KANOWNA|KOOKYNIE|KURNALPI|LAKEWOOD|ORA BANDA|PLUMRIDGE LAKES|TRAFALGAR|WARBURTON"
6432,WA,"BOULDER","BOULDER|FIMISTON|SOUTH BOULDER|VICTORY HEIGHTS"
6433,WA,"HANNANS","HANNANS|HANNANS PO|KALGOORLIE|KALGOORLIE DC|KALGOORLIE PO"
6434,WA,"CUNDEELEE","CUNDEELEE|FORREST|PARKESTON|RAWLINNA|ZANTHUS"
6435,WA,"AGNEW","AGNEW"
6436,WA,"MENZIES","MENZIES|ULARRING"
6437,WA,"LEINSTER","LEINSTER|SIR SAMUEL"
6438,WA,"LAKE DARLOT","LAKE DARLOT|LEONORA"
6440,WA,"BANDYA","BANDYA|BEADELL|BURTVILLE|COSMO NEWBERY|LAKE WELLS|LAVERTON|NEALE"
6442,WA,"KAMBALDA","KAMBALDA|KAMBALDA EAST|KAMBALDA WEST"
6443,WA,"BALLADONIA","BALLADONIA|CAIGUNA|COCKLEBIDDY|DUNDAS|EUCLA|FRASER RANGE|HIGGINSVILLE|MADURA|MUNDRABILLA|NORSEMAN|WIDGIEMOOLTHA"
6445,WA,"NORTH CASCADE","NORTH CASCADE|SALMON GUMS"
6446,WA,"GRASS PATCH","GRASS PATCH"
6447,WA,"LORT RIVER","LORT RIVER|MOUNT NEY|SCADDAN|WITTENOOM HILLS"
6448,WA,"GIBSON","GIBSON"
6450,WA,"BANDY CREEK","BANDY CREEK|BEAUMONT|BOYATUP|CAPE LE GRAND|CASCADE|CASTLETOWN|CHADWICK|CONDINGUP|COOMALBIDGUP|DALYUP|EAST MUNGLINUP|ESPERANCE|HOWICK|MERIVALE|MONJINGUP|MUNGLINUP|MYRUP|NERIDUP|NULSEN|PINK LAKE|SINCLAIR|WEST BEACH|WINDABOUT"
6452,WA,"BURAMINYA","BURAMINYA|CAPE ARID|ISRAELITE BAY"
6460,WA,"GOOMALLING","GOOMALLING|HULONGINE|KARRANADGIN|UCARTY WEST|WALYORMOURING"
6461,WA,"DOWERIN","DOWERIN|KOOMBERKINE"
6462,WA,"HINDMARSH","HINDMARSH|MINNIVALE|UCARTY"
6463,WA,"BENJABERRING","BENJABERRING"
6465,WA,"MANMANNING","MANMANNING"
6466,WA,"CADOUX","CADOUX"
6467,WA,"BURAKIN","BURAKIN"
6468,WA,"GOODLANDS","GOODLANDS|KALANNIE|PETRUDOR"
6470,WA,"KULJA","KULJA"
6472,WA,"BEACON","BEACON|BIMBIJY|CLEARY|KARROUN HILL|MOUROUBRA|REMLAP|TAMPU"
6473,WA,"NORTH WIALKI","NORTH WIALKI|WIALKI"
6475,WA,"BADGERIN ROCK","BADGERIN ROCK|BOORALAMING|DUKIN|KOORDA|LAKE MARGARETTE|MOLLERIN|NEWCARLBEON"
6476,WA,"GABBIN","GABBIN"
6477,WA,"BENCUBBIN","BENCUBBIN|WELBUNGIN"
6479,WA,"BARBALIN","BARBALIN|BONNIE ROCK|DANDANNING|ELACHBUTTING|KARLONING|LAKE BROWN|MANGOWINE|MUKINBUDIN|WATTONING|WILGOYNE"
6480,WA,"NUKARNI","NUKARNI"
6484,WA,"BULLFINCH","BULLFINCH|ENNUIN|LAKE DEBORAH"
6485,WA,"COWCOWING","COWCOWING|KORRELOCKING|NALKAIN|NEMBUDDING|WYALKATCHEM"
6487,WA,"NORTH YELBENI","NORTH YELBENI|SOUTH YELBENI|YELBENI"
6488,WA,"NORTH TRAYNING","NORTH TRAYNING|SOUTH TRAYNING|TRAYNING"
6489,WA,"KUNUNOPPIN","KUNUNOPPIN|NORTH KUNUNOPPIN|SOUTH KUNUNOPPIN"
6490,WA,"BURRAN ROCK","BURRAN ROCK|CHANDLER|ELABBIN|KWELKAN|NUNGARIN|TALGOMINE"
6501,WA,"MUCHEA","MUCHEA"
6502,WA,"BINDOON","BINDOON|BINDOON TRAINING AREA"
6503,WA,"BAMBUN","BAMBUN|BEERMULLAH|BOONANARRING|BREERA|COONABIDGEE|COWALLA|CULLALLA|GINGIN|GINGINUP|GRANVILLE|LENNARD BROOK|MINDARRA|MOONDAH|MOORE RIVER NATIONAL PARK|MUCKENBURRA|NEERGABBY|ORANGE SPRINGS|RED GULLY|WANERIE|YEAL"
6504,WA,"MOOLIABEENEE","MOOLIABEENEE"
6505,WA,"WANNAMAL","WANNAMAL"
6506,WA,"MOGUMBER","MOGUMBER"
6507,WA,"CATABY","CATABY|COOLJARLOO|DANDARAGAN|MIMEGARRA|REGANS FORD|YATHROO"
6509,WA,"GLENTROMIE","GLENTROMIE|NEW NORCIA|WADDINGTON|YARAWINDAH"
6510,WA,"BARBERTON","BARBERTON|BERKSHIRE VALLEY|GILLINGARRA|KOOJAN|MOORA|WALEBING"
6511,WA,"CERVANTES","CERVANTES"
6512,WA,"COOMBERDALE","COOMBERDALE|NAMBAN"
6513,WA,"GUNYIDI","GUNYIDI|WATHEROO"
6514,WA,"GREEN HEAD","GREEN HEAD|LEEMAN"
6515,WA,"COOROW","COOROW|EGANU|MARCHAGEE|WADDY FOREST"
6516,WA,"JURIEN BAY","JURIEN BAY"
6517,WA,"CARNAMAH","CARNAMAH|WINCHESTER"
6518,WA,"ENEABBA","ENEABBA|WARRADARGE"
6519,WA,"ARRINO","ARRINO|ARROWSMITH EAST|DUDAWA|KADATHINNI|THREE SPRINGS|WOMARDEN"
6521,WA,"BADGINGARRA","BADGINGARRA|BOOTHENDARRA|GREY|HILL RIVER|NAMBUNG"
6522,WA,"BUNDANOON","BUNDANOON|HOLMWOOD|IKEWA|LOCKIER|MINGENEW|MOORIARY|MOUNT BUDD|NANGETTY|YANDANOOKA|YARRAGADEE"
6525,WA,"ALLANOOKA","ALLANOOKA|ARROWSMITH|BONNIEFIELD|BOOKARA|DONGARA|IRWIN|MILO|MOUNT ADAMS|MOUNT HORNER|PORT DENISON|SPRINGFIELD|YARDARINO"
6528,WA,"MOUNT HILL","MOUNT HILL|SOUTH GREENOUGH|WALKAWAY"
6530,WA,"BEACHLANDS","BEACHLANDS|BERESFORD|BLUFF POINT|GERALDTON|GERALDTON DC|HOUTMAN ABROLHOS|KARLOO|MAHOMETS FLATS|MERU|MORESBY|MOUNT TARCOOLA|RAAF WAGGRAKINE|RANGEWAY|SPALDING|STRATHALBYN|SUNSET BEACH|TARCOOLA BEACH|UTAKARRA|WAGGRAKINE|WANDINA|WEBBERTON|WEST END|WONTHELLA|WOORREE"
6531,WA,"GERALDTON","GERALDTON|GERALDTON PO"
6532,WA,"AJANA","AJANA|BINNU|BOOTENAL|BRINGO|BULLER|BURMA ROAD|CAPE BURNEY|CARRARANG|COBURN|COOLCALALAYA|DARTMOOR|DEEPDALE|DINDILOA|DRUMMOND COVE|DURAWAH|EAST CHAPMAN|EAST NABAWA|EAST YUNA|ELLENDALE|ERADU|ERADU SOUTH|EURARDY|GEORGINA|GLENFIELD|GREENOUGH|HAMELIN POOL|HICKETY|HOWATHARRA|KOJARENA|MARRAH|MEADOW|MINNENOOKA|MOONYOONOOKA|MOUNT ERIN|NABAWA|NANSON|NARALING|NARNGULU|NARRA TARRA|NERREN NERREN|NOLBA|NORTH ERADU|NORTHERN GULLY|OAKAJEE|ROCKWELL|RUDDS GULLY|SANDSPRINGS|SOUTH YUNA|TAMALA|TIBRADDEN|TOOLONGA|VALENTINE|WANDANA|WEST BINNU|WHITE PEAK|WICHERINA|WICHERINA SOUTH|YETNA|YUNA"
6535,WA,"ALMA","ALMA|BOWES|EAST BOWES|GREGORY|HORROCKS|ISSEKA|NORTHAMPTON|OGILVIE|SANDY GULLY|YALLABATHARRA"
6536,WA,"KALBARRI","KALBARRI|KALBARRI NATIONAL PARK|ZUYTDORP"
6537,WA,"DENHAM","DENHAM|DIRK HARTOG|DIRK HARTOG ISLAND|FRANCOIS PERON NATIONAL PARK|MONKEY MIA|NANGA|SHARK BAY|USELESS LOOP"
6556,WA,"BEECHINA","BEECHINA|CHIDLOW|GORRIE|MALMALLING|THE LAKES"
6558,WA,"WOOROLOO","WOOROLOO"
6560,WA,"WUNDOWIE","WUNDOWIE"
6562,WA,"BAKERS HILL","BAKERS HILL|COPLEY|WOOTTATING"
6564,WA,"CLACKLINE","CLACKLINE"
6566,WA,"BEJOORDING","BEJOORDING|CARANI|COONDLE|CULHAM|DUMBARTON|HODDYS WELL|NUNILE|TOODYAY|WEST TOODYAY"
6567,WA,"DEWARS POOL","DEWARS POOL|JULIMAR|MOONDYNE"
6568,WA,"BOLGART","BOLGART|WATTENING|WYENING"
6569,WA,"CALINGIRI","CALINGIRI|CARANI|OLD PLAINS"
6571,WA,"YERECOIN","YERECOIN"
6572,WA,"PIAWANING","PIAWANING"
6574,WA,"BINDI BINDI","BINDI BINDI|GABALONG"
6575,WA,"MILING","MILING"
6603,WA,"KONNONGORRING","KONNONGORRING|LAKE HINDS|LAKE NINAN|MOCARDY|WONGAN HILLS"
6605,WA,"KONDUT","KONDUT"
6606,WA,"BALLIDU","BALLIDU|EAST BALLIDU|EAST DAMBORING|WEST BALLIDU"
6608,WA,"EAST DAMBORING","EAST DAMBORING|MARNE|PITHARA"
6609,WA,"DALWALLINU","DALWALLINU|NUGADONG|XANTIPPE"
6612,WA,"JIBBERDING","JIBBERDING|MIAMOON|PAYNES FIND|WUBIN"
6613,WA,"BUNTINE","BUNTINE"
6614,WA,"MAYA","MAYA"
6616,WA,"LATHAM","LATHAM"
6620,WA,"BUNJIL","BUNJIL|PERENJORI|ROTHSAY"
6623,WA,"BOWGADA","BOWGADA|BUNJIL|GUTHA|KOOLANOOKA|MORAWA|PINTHARUKA"
6625,WA,"MERKANOOKA","MERKANOOKA"
6627,WA,"CANNA","CANNA"
6628,WA,"TARDUN","TARDUN"
6630,WA,"DEVILS CREEK","DEVILS CREEK|MULLEWA|MURCHISON|NERRAMYNE|NUNIERRA|WEST CASUARINAS|WONGOONDY|WOOLGORONG"
6631,WA,"PINDAR","PINDAR"
6632,WA,"AMBANIA","AMBANIA|TENINDEWA"
6635,WA,"SOUTH MURCHISON","SOUTH MURCHISON|YALGOO"
6638,WA,"COOLADAR HILL","COOLADAR HILL|DAGGAR HILLS|MOUNT MAGNET|PAYNESVILLE"
6639,WA,"SANDSTONE","SANDSTONE"
6640,WA,"CUE","CUE|EAST MURCHISON|LAKE AUSTIN|REEDY|WELD RANGE"
6642,WA,"ANGELO RIVER","ANGELO RIVER|CAPRICORN|KARALUNDI|KUMARINA|MEEKATHARRA|PEAK HILL"
6646,WA,"LAKE CARNEGIE","LAKE CARNEGIE|LITTLE SANDY DESERT|WILUNA"
6701,WA,"BABBAGE ISLAND","BABBAGE ISLAND|BERNIER ISLAND|BROCKMAN|BROWN RANGE|CARBLA|CARNARVON|CORAL BAY|DORRE ISLAND|EAST CARNARVON|GILROYD|GREYS PLAIN|INGGARDA|KENNEDY RANGE|KINGSFORD|LYNDON|MACLEOD|MASSEY BAY|MAUDS LANDING|MINILYA|MORGANTOWN|NINGALOO|NORTH PLANTATIONS|SOUTH CARNARVON|SOUTH PLANTATIONS|TALISKER|WOODLEIGH|WOORAMEL|YALARDY|YANDOO CREEK"
6705,WA,"EAST LYONS RIVER","EAST LYONS RIVER|GASCOYNE JUNCTION|GASCOYNE RIVER|WEST LYONS RIVER"
6707,WA,"CAPE RANGE NATIONAL PARK","CAPE RANGE NATIONAL PARK|EXMOUTH|EXMOUTH GULF|LEARMONTH|NORTH WEST CAPE"
6710,WA,"CANE","CANE|ONSLOW|PEEDAMULLA|TALANDJI|YANNARIE"
6711,WA,"THEVENARD ISLAND","THEVENARD ISLAND"
6712,WA,"BARROW ISLAND","BARROW ISLAND"
6713,WA,"DAMPIER","DAMPIER|DAMPIER ARCHIPELAGO"
6714,WA,"ANTONYMYRE","ANTONYMYRE|BALLA BALLA|BAYNTON|BULGARRA|BURRUP|CLEAVERVILLE|COOYA POOYA|GAP RIDGE|GNOOREA|KARRATHA|KARRATHA INDUSTRIAL ESTATE|MAITLAND|MARDIE|MILLARS WELL|MOUNT ANKETELL|MULATAGA|NICKOL|PEGS CREEK|SHERLOCK|STOVE HILL"
6716,WA,"FORTESCUE","FORTESCUE|HAMERSLEY RANGE|MILLSTREAM|PANNAWONICA"
6718,WA,"ROEBOURNE","ROEBOURNE|WHIM CREEK"
6720,WA,"COSSACK","COSSACK|POINT SAMSON|WICKHAM"
6721,WA,"INDEE","INDEE|MUNDABULLANGANA|PARDOO|PORT HEDLAND|REDBANK|STRELLEY|WALLAREENYA|WEDGEFIELD"
6722,WA,"BOODARIE","BOODARIE|DE GREY|FINUCANE|PIPPINGARRA|SOUTH HEDLAND"
6723,WA,"GOLDSWORTHY","GOLDSWORTHY"
6725,WA,"BILINGURR","BILINGURR|BROOME|DAMPIER PENINSULA|DJUGUN|EIGHTY MILE BEACH|GINGERAH|LAGRANGE|MINYIRR|ROEBUCK|WATERBANK"
6726,WA,"CABLE BEACH","CABLE BEACH"
6728,WA,"CAMBALLIN","CAMBALLIN|DERBY|GEEGULLY CREEK|JARLMADANGAH BURRU|KIMBOLTON|KING LEOPOLD RANGES|MEDA|ST GEORGE RANGES|WILLARE"
6731,WA,"COCKATOO ISLAND","COCKATOO ISLAND"
6733,WA,"KOOLAN ISLAND","KOOLAN ISLAND"
6740,WA,"DRYSDALE RIVER","DRYSDALE RIVER|KALUMBURU|MITCHELL PLATEAU|OOMBULGURRI|PRINCE REGENT RIVER|WYNDHAM"
6743,WA,"CAMBRIDGE GULF","CAMBRIDGE GULF|DURACK|GIBB|KUNUNURRA|LAKE ARGYLE|WARMUN|WIJILAWARRIM"
6751,WA,"CHICHESTER","CHICHESTER|INNAWANGA|JUNA DOWNS|KARIJINI|MOUNT SHEILA|MULGA DOWNS|NANUTARRA|ROCKLEA|TOM PRICE|WITTENOOM"
6753,WA,"JIGALONG","JIGALONG|NEWMAN"
6754,WA,"PARABURDOO","PARABURDOO"
6758,WA,"NULLAGINE","NULLAGINE"
6760,WA,"MARBLE BAR","MARBLE BAR"
6761,WA,"SHAY GAP","SHAY GAP"
6762,WA,"TELFER","TELFER"
6765,WA,"FITZROY CROSSING","FITZROY CROSSING|KUPARTIYA|MOUNT HARDMAN"
6770,WA,"HALLS CREEK","HALLS CREEK|KUNDAT DJARU|MCBEATH|MUELLER RANGES|ORD RIVER|PURNULULU|STURT CREEK|TANAMI"
6798,WA,"CHRISTMAS ISLAND","CHRISTMAS ISLAND"
6799,WA,"HOME ISLAND COCOS (KEELING) ISLANDS","HOME ISLAND COCOS (KEELING) ISLANDS|WEST ISLAND COCOS (KEELING) ISLANDS"
6800,WA,"PERTH","PERTH"
6803,WA,"NORTHBRIDGE","NORTHBRIDGE"
6809,WA,"PERTH","PERTH"
6817,WA,"PERTH","PERTH"
6820,WA,"PERTH","PERTH"
6827,WA,"PERTH","PERTH"
6830,WA,"PERTH","PERTH"
6831,WA,"PERTH ST GEORGES TCE","PERTH ST GEORGES TCE"
6832,WA,"PERTH EAST ST GEORGES TCE","PERTH EAST ST GEORGES TCE"
6837,WA,"PERTH","PERTH"
6838,WA,"PERTH","PERTH"
6839,WA,"PERTH","PERTH"
6840,WA,"PERTH","PERTH"
6841,WA,"PERTH","PERTH"
6842,WA,"PERTH","PERTH"
6843,WA,"PERTH","PERTH"
6844,WA,"PERTH","PERTH"
6845,WA,"PERTH","PERTH"
6846,WA,"PERTH","PERTH"
6847,WA,"PERTH","PERTH"
6848,WA,"PERTH","PERTH"
6849,WA,"PERTH BC","PERTH BC"
6850,WA,"CLOISTERS SQUARE","CLOISTERS SQUARE|CLOISTERS SQUARE PO"
6865,WA,"NORTHBRIDGE","NORTHBRIDGE"
6872,WA,"WEST PERTH","WEST PERTH"
6892,WA,"EAST PERTH","EAST PERTH"
6900,WA,"LEEDERVILLE","LEEDERVILLE"
6901,WA,"WEST LEEDERVILLE","WEST LEEDERVILLE"
6902,WA,"LEEDERVILLE","LEEDERVILLE"
6903,WA,"LEEDERVILLE","LEEDERVILLE"
6904,WA,"SUBIACO","SUBIACO|SUBIACO PO"
6905,WA,"NORTHLANDS","NORTHLANDS|NORTHLANDS PO"
6906,WA,"NORTH PERTH","NORTH PERTH"
6907,WA,"NEDLANDS","NEDLANDS"
6909,WA,"NEDLANDS","NEDLANDS"
6910,WA,"CLAREMONT","CLAREMONT"
6911,WA,"COTTESLOE","COTTESLOE"
6912,WA,"MOSMAN PARK","MOSMAN PARK"
6913,WA,"WEMBLEY","WEMBLEY"
6914,WA,"BALCATTA","BALCATTA"
6915,WA,"MOUNT HAWTHORN","MOUNT HAWTHORN"
6916,WA,"OSBORNE PARK","OSBORNE PARK|OSBORNE PARK DC"
6917,WA,"OSBORNE PARK","OSBORNE PARK"
6918,WA,"INNALOO","INNALOO"
6919,WA,"JOONDALUP DC","JOONDALUP DC"
6920,WA,"NORTH BEACH","NORTH BEACH"
6921,WA,"KARRINYUP","KARRINYUP"
6922,WA,"SCARBOROUGH","SCARBOROUGH"
6923,WA,"HILLARYS","HILLARYS"
6924,WA,"GREENWOOD","GREENWOOD"
6925,WA,"WALLISTON DC","WALLISTON DC"
6926,WA,"KALAMUNDA","KALAMUNDA"
6929,WA,"MOUNT LAWLEY","MOUNT LAWLEY"
6931,WA,"MAYLANDS","MAYLANDS"
6932,WA,"INGLEWOOD","INGLEWOOD"
6933,WA,"BAYSWATER","BAYSWATER"
6934,WA,"BASSENDEAN","BASSENDEAN"
6935,WA,"GUILDFORD","GUILDFORD"
6936,WA,"MIDLAND DC","MIDLAND DC"
6937,WA,"TUART HILL","TUART HILL"
6938,WA,"TUART HILL","TUART HILL"
6939,WA,"TUART HILL","TUART HILL"
6940,WA,"TUART HILL","TUART HILL"
6941,WA,"MIRRABOOKA","MIRRABOOKA"
6942,WA,"BASSENDEAN DC","BASSENDEAN DC"
6943,WA,"MORLEY","MORLEY"
6944,WA,"MALAGA","MALAGA"
6945,WA,"MALAGA DC","MALAGA DC"
6946,WA,"WANNEROO","WANNEROO"
6947,WA,"WANGARA","WANGARA|WANGARA DC"
6951,WA,"SOUTH PERTH","SOUTH PERTH"
6952,WA,"COMO","COMO"
6953,WA,"APPLECROSS","APPLECROSS"
6954,WA,"BOORAGOON","BOORAGOON"
6955,WA,"WILLETTON","WILLETTON"
6956,WA,"MELVILLE","MELVILLE"
6957,WA,"PALMYRA","PALMYRA"
6958,WA,"ROYAL AUSTRALIAN NAVY WARSHIPS","ROYAL AUSTRALIAN NAVY WARSHIPS"
6959,WA,"FREMANTLE","FREMANTLE"
6960,WA,"MYAREE","MYAREE|MYAREE BC"
6961,WA,"PALMYRA DC","PALMYRA DC"
6963,WA,"HAMILTON HILL","HAMILTON HILL"
6964,WA,"SUCCESS","SUCCESS"
6965,WA,"BIBRA LAKE","BIBRA LAKE|BIBRA LAKE DC"
6966,WA,"KWINANA","KWINANA"
6967,WA,"ROCKINGHAM DC","ROCKINGHAM DC"
6968,WA,"ROCKINGHAM","ROCKINGHAM"
6969,WA,"ROCKINGHAM BEACH","ROCKINGHAM BEACH"
6970,WA,"CANNING VALE DC","CANNING VALE DC"
6979,WA,"VICTORIA PARK","VICTORIA PARK"
6980,WA,"CANNINGTON","CANNINGTON"
6981,WA,"EAST VICTORIA PARK","EAST VICTORIA PARK"
6982,WA,"BENTLEY","BENTLEY"
6983,WA,"BENTLEY DC","BENTLEY DC"
6984,WA,"BELMONT","BELMONT"
6985,WA,"CLOVERDALE","CLOVERDALE"
6986,WA,"WELSHPOOL DC","WELSHPOOL DC"
6987,WA,"CANNINGTON","CANNINGTON"
6988,WA,"THORNLIE","THORNLIE"
6989,WA,"MADDINGTON","MADDINGTON"
6990,WA,"GOSNELLS","GOSNELLS"
6991,WA,"KELMSCOTT","KELMSCOTT"
6992,WA,"ARMADALE","ARMADALE"
6997,WA,"KELMSCOTT DC","KELMSCOTT DC"
7000,TAS,"BATHURST STREET PO","BATHURST STREET PO|GLEBE|HOBART|MOUNT STUART|NORTH HOBART|QUEENS DOMAIN|WEST HOBART"
7001,TAS,"HOBART","HOBART|TASMAN ISLAND"
7002,TAS,"NORTH HOBART","NORTH HOBART"
7004,TAS,"BATTERY POINT","BATTERY POINT|SOUTH HOBART"
7005,TAS,"DYNNYRNE","DYNNYRNE|LOWER SANDY BAY|SANDY BAY|UNIVERSITY OF TASMANIA"
7006,TAS,"SANDY BAY","SANDY BAY"
7007,TAS,"MOUNT NELSON","MOUNT NELSON|TOLMANS HILL"
7008,TAS,"CORNELIAN BAY","CORNELIAN BAY|LENAH VALLEY|NEW TOWN"
7009,TAS,"DERWENT PARK","DERWENT PARK|LUTANA|MOONAH|WEST MOONAH"
7010,TAS,"DOWSING POINT","DOWSING POINT|ELWICK|GLENORCHY|GOODWOOD|MONTROSE|ROSETTA"
7011,TAS,"AUSTINS FERRY","AUSTINS FERRY|BERRIEDALE|CHIGWELL|CLAREMONT"
7012,TAS,"COLLINSVALE","COLLINSVALE|GLENLUSK"
7015,TAS,"FLAGSTAFF GULLY","FLAGSTAFF GULLY|GEILSTON BAY|LINDISFARNE|ROSE BAY"
7016,TAS,"RISDON VALE","RISDON VALE"
7017,TAS,"GRASSTREE HILL","GRASSTREE HILL|HONEYWOOD|OLD BEACH|OTAGO|RISDON|TEA TREE"
7018,TAS,"BELLERIVE","BELLERIVE|HOWRAH|MONTAGU BAY|MORNINGTON|ROSNY|ROSNY PARK|TRANMERE|WARRANE"
7019,TAS,"CLARENDON VALE","CLARENDON VALE|OAKDOWNS|ROKEBY"
7020,TAS,"CLIFTON BEACH","CLIFTON BEACH|SANDFORD"
7021,TAS,"LAUDERDALE","LAUDERDALE"
7022,TAS,"SOUTH ARM","SOUTH ARM"
7023,TAS,"OPOSSUM BAY","OPOSSUM BAY"
7024,TAS,"CREMORNE","CREMORNE"
7025,TAS,"DULCOT","DULCOT|RICHMOND"
7026,TAS,"CAMPANIA","CAMPANIA"
7027,TAS,"COLEBROOK","COLEBROOK"
7030,TAS,"APSLEY","APSLEY|ARTHURS LAKE|BAGDAD|BAGDAD NORTH|BOTHWELL|BRIDGEWATER|BRIGHTON|BROADMARSH|CRAMPS BAY|DROMEDARY|DYSART|ELDERSLIE|FLINTSTONE|GAGEBROOK|GRANTON|HERDSMANS COVE|HERMITAGE|INTERLAKEN|JERICHO|KEMPTON|LAKE SORELL|LIAWENEE|LOWER MARSHES|MANGALORE|MELTON MOWBRAY|MIENA|MILLERS BLUFF|MORASS BAY|PELHAM|PONTVILLE|SHANNON|STEPPES|TODS CORNER|WADDAMANA|WILBURVILLE"
7050,TAS,"ALBION HEIGHTS","ALBION HEIGHTS|KINGSTON|KINGSTON BEACH"
7051,TAS,"KINGSTON","KINGSTON"
7052,TAS,"BLACKMANS BAY","BLACKMANS BAY"
7053,TAS,"BONNET HILL","BONNET HILL|TAROONA"
7054,TAS,"BARRETTA","BARRETTA|CONINGHAM|ELECTRONA|FERN TREE|HOWDEN|LESLIE VALE|LOWER SNUG|MARGATE|NEIKA|NIERINNA|PIERSONS POINT|RIDGEWAY|SNUG|TINDERBOX|WELLINGTON PARK"
7055,TAS,"HUNTINGFIELD","HUNTINGFIELD"
7109,TAS,"CATAMARAN","CATAMARAN|CRABTREE|CRADOC|GLAZIERS BAY|GLEN HUON|GLENDEVIE|GROVE|HASTINGS|HUONVILLE|IDA BAY|JUDBURY|LONNAVALE|LOWER LONGLEY|LOWER WATTLE GROVE|LUCASTON|LUNE RIVER|LYMINGTON|MOUNTAIN RIVER|PETCHEYS BAY|RAMINEA|RANELAGH|RECHERCHE|SOUTHPORT|SOUTHPORT LAGOON|STRATHBLANE|WATERLOO|WATTLE GROVE|WOODSTOCK"
7112,TAS,"ABELS BAY","ABELS BAY|CHARLOTTE COVE|CYGNET|DEEP BAY|EGGS AND BACON BAY|GARDEN ISLAND CREEK|GARDNERS BAY|HUON ISLAND|NICHOLLS RIVULET|RANDALLS BAY|VERONA SANDS"
7113,TAS,"FRANKLIN","FRANKLIN"
7116,TAS,"BROOKS BAY","BROOKS BAY|CAIRNS BAY|CASTLE FORBES BAY|GEEVESTON|POLICE POINT|PORT HUON|SURGES BAY|SURVEYORS BAY"
7117,TAS,"DOVER","DOVER"
7119,TAS,"STONOR","STONOR"
7120,TAS,"ANDOVER","ANDOVER|ANTILL PONDS|BADEN|LEMONT|LEVENDALE|MOUNT SEYMOUR|OATLANDS|PARATTAH|PAWTELLA|RHYNDASTON|STONEHENGE|SWANSTON|TIBERIAS|TUNBRIDGE|TUNNACK|WHITEFOORD|WOODBURY|WOODSDALE|YORK PLAINS"
7139,TAS,"STRATHGORDON","STRATHGORDON"
7140,TAS,"BLACK HILLS","BLACK HILLS|BOYER|BRADYS LAKE|BRONTE PARK|BUSHY PARK|BUTLERS GORGE|DEE|DERWENT BRIDGE|ELLENDALE|FENTONBURY|FITZGERALD|FLORENTINE|GLENFERN|GLENORA|GRETNA|HAMILTON|HAYES|HOLLOW TREE|KARANJA|LACHLAN|LAKE ST CLAIR|LAWITTA|LITTLE PINE LAGOON|LONDON LAKES|MACQUARIE PLAINS|MAGRA|MALBINA|MAYDENA|MEADOWBANK|MOLESWORTH|MOOGARA|MOUNT FIELD|MOUNT LLOYD|NATIONAL PARK|NEW NORFOLK|OSTERLEY|OUSE|PLENTY|ROSEGARLAND|SORELL CREEK|STRICKLAND|STYX|TARRALEAH|TYENNA|UXBRIDGE|VICTORIA VALLEY|WAYATINAH|WESTERWAY"
7150,TAS,"ADVENTURE BAY","ADVENTURE BAY|ALLENS RIVULET|ALONNAH|APOLLO BAY|BARNES BAY|DENNES POINT|GORDON|GREAT BAY|KAOOTA|KILLORA|LONGLEY|LUNAWANNA|NORTH BRUNY|OYSTER COVE|PELVERATA|SANDFLY|SIMPSONS BAY|SOUTH BRUNY|UPPER WOODSTOCK"
7151,TAS,"CASEY","CASEY|DAVIS|HEARD ISLAND|MACQUARIE|MACQUARIE ISLAND|MAWSON|MCDONALD ISLANDS"
7155,TAS,"KETTERING","KETTERING"
7162,TAS,"BIRCHS BAY","BIRCHS BAY|WOODBRIDGE"
7163,TAS,"FLOWERPOT","FLOWERPOT|MIDDLETON"
7170,TAS,"ACTON PARK","ACTON PARK|CAMBRIDGE|MOUNT RUMNEY|ROCHES BEACH|SEVEN MILE BEACH"
7171,TAS,"MIDWAY POINT","MIDWAY POINT|PENNA"
7172,TAS,"NUGENT","NUGENT|ORIELTON|PAWLEENA|SORELL|WATTLE HILL"
7173,TAS,"CARLTON","CARLTON|CARLTON RIVER|CONNELLYS MARSH|DODGES FERRY|FORCETT|LEWISHAM|PRIMROSE SANDS"
7174,TAS,"COPPING","COPPING"
7175,TAS,"BREAM CREEK","BREAM CREEK|MARION BAY"
7176,TAS,"KELLEVIE","KELLEVIE"
7177,TAS,"BOOMER BAY","BOOMER BAY|DUNALLEY"
7178,TAS,"MURDUNNA","MURDUNNA"
7179,TAS,"EAGLEHAWK NECK","EAGLEHAWK NECK"
7180,TAS,"TARANNA","TARANNA"
7182,TAS,"CAPE PILLAR","CAPE PILLAR|FORTESCUE|PORT ARTHUR"
7183,TAS,"HIGHCROFT","HIGHCROFT"
7184,TAS,"CAPE RAOUL","CAPE RAOUL|NUBEENA|STORMLEA|WHITE BEACH"
7185,TAS,"PREMAYDENA","PREMAYDENA"
7186,TAS,"SALTWATER RIVER","SALTWATER RIVER|SLOPING MAIN"
7187,TAS,"KOONYA","KOONYA"
7190,TAS,"APSLAWN","APSLAWN|BUCKLAND|CRANBROOK|DOLPHIN SANDS|LITTLE SWANPORT|MARIA ISLAND|ORFORD|PONTYPOOL|RHEBAN|ROCKY HILLS|RUNNYMEDE|SPRING BEACH|SWANSEA|TRIABUNNA"
7209,TAS,"ROSS","ROSS|TOOMS LAKE"
7210,TAS,"CAMPBELL TOWN","CAMPBELL TOWN|LAKE LEAKE"
7211,TAS,"CLEVELAND","CLEVELAND|CONARA|EPPING FOREST"
7212,TAS,"BEN LOMOND","BEN LOMOND|BLESSINGTON|BURNS CREEK|DEDDINGTON|EVANDALE|NILE|UPPER BLESSINGTON|WESTERN JUNCTION"
7213,TAS,"AVOCA","AVOCA|ROSSARDEN|ROYAL GEORGE|STORYS CREEK"
7214,TAS,"FINGAL","FINGAL|MANGANA|MATHINNA|UPPER ESK"
7215,TAS,"BEAUMARIS","BEAUMARIS|BICHENO|CHAIN OF LAGOONS|COLES BAY|CORNWALL|DOUGLAS RIVER|DOUGLAS-APSLEY|FALMOUTH|FOUR MILE CREEK|FREYCINET|FRIENDLY BEACHES|GRAY|SCAMANDER|SEYMOUR|ST MARYS|UPPER SCAMANDER"
7216,TAS,"AKAROA","AKAROA|ANSONS BAY|BINALONG BAY|GOSHEN|GOULDS COUNTRY|LOTTAH|PYENGANA|ST HELENS|STIEGLITZ|THE GARDENS"
7248,TAS,"ALANVALE","ALANVALE|INVERESK|INVERMAY|MAYFIELD|MOWBRAY|MOWBRAY HEIGHTS|NEWNHAM|ROCHERLEA"
7249,TAS,"GLEN DHU","GLEN DHU|KINGS MEADOWS|PUNCHBOWL|SANDHILL|SOUTH LAUNCESTON|YOUNGTOWN"
7250,TAS,"BLACKSTONE HEIGHTS","BLACKSTONE HEIGHTS|EAST LAUNCESTON|ELPHIN|LAUNCESTON|NEWSTEAD|NORWOOD|NORWOOD AVENUE PO|PROSPECT|PROSPECT VALE|RAVENSWOOD|RIVERSIDE|ST LEONARDS|SUMMERHILL|TRAVELLERS REST|TREVALLYN|WAVERLEY|WEST LAUNCESTON"
7252,TAS,"BEECHFORD","BEECHFORD|DILSTON|HILLWOOD|LEFROY|LULWORTH|MOUNT DIRECTION|PIPERS RIVER|STONY HEAD|SWAN BAY|WEYMOUTH|WINDERMERE"
7253,TAS,"BELL BAY","BELL BAY|GEORGE TOWN|LONG REACH|LOW HEAD"
7254,TAS,"BELLINGHAM","BELLINGHAM|GOLCONDA|LEBRINA|PIPERS BROOK|RETREAT|TUNNEL|WYENA"
7255,TAS,"BLUE ROCKS","BLUE ROCKS|EMITA|KILLIECRANKIE|LACKRANA|LADY BARRON|LEEKA|LOCCOTA|LUGHRATA|MEMANA|PALANA|RANGA|STRZELECKI|WHITEMARK|WINGAROO"
7256,TAS,"BUNGAREE","BUNGAREE|CURRIE|EGG LAGOON|GRASSY|LOORANA|LYMWOOD|NARACOOPA|NUGARA|PEARSHAPE|PEGARAH|REEKARA|SEA ELEPHANT|SURPRISE BAY|WICKHAM|YAMBACOONA|YARRA CREEK"
7257,TAS,"CAPE BARREN ISLAND","CAPE BARREN ISLAND"
7258,TAS,"BREADALBANE","BREADALBANE|RELBIA|WHITE HILLS"
7259,TAS,"MYRTLE BANK","MYRTLE BANK|NUNAMARA|PATERSONIA|TARGA|TAYENE"
7260,TAS,"BLUMONT","BLUMONT|CUCKOO|FORESTER|JETSONVILLE|KAMONA|LIETINNA|LISLE|NABOWLA|NORTH SCOTTSDALE|SCOTTSDALE|SOUTH SPRINGFIELD|SPRINGFIELD|TONGANAH|TULENDEENA|WEST SCOTTSDALE"
7261,TAS,"BRANXHOLM","BRANXHOLM|WARRENTINNA"
7262,TAS,"BRIDPORT","BRIDPORT|TOMAHAWK|WATERHOUSE"
7263,TAS,"ALBERTON","ALBERTON|LEGERWOOD|RINGAROOMA|TALAWA|TRENAH"
7264,TAS,"ANSONS BAY","ANSONS BAY|BOOBYALLA|CAPE PORTLAND|DERBY|EDDYSTONE|EDDYSTONE POINT|GLADSTONE|HERRICK|MOORINA|MOUNT WILLIAM|MUSSELROE BAY|PIONEER|RUSHY LAGOON|SOUTH MOUNT CAMERON|TELITA|WELDBOROUGH"
7265,TAS,"BANCA","BANCA|WINNALEAH"
7267,TAS,"BANGOR","BANGOR|KAROOLA|LALLA|LOWER TURNERS MARSH|TURNERS MARSH"
7268,TAS,"LILYDALE","LILYDALE|NORTH LILYDALE|UNDERWOOD"
7270,TAS,"BADGER HEAD","BADGER HEAD|BEACONSFIELD|BEAUTY POINT|CLARENCE POINT|FLOWERY GULLY|GREENS BEACH|ILFRAVILLE|KAYENA|KELSO|ROWELLA|SIDMOUTH|YORK TOWN"
7275,TAS,"BLACKWALL","BLACKWALL|DEVIOT|EXETER|FRANKFORD|GLENGARRY|HOLWELL|LANENA|LOIRA|NOTLEY HILLS|ROBIGANA|SWAN POINT|WINKLEIGH"
7276,TAS,"GRAVELLY BEACH","GRAVELLY BEACH"
7277,TAS,"BRIDGENORTH","BRIDGENORTH|GRINDELWALD|LEGANA|ROSEVEARS"
7290,TAS,"HADSPEN","HADSPEN"
7291,TAS,"CARRICK","CARRICK"
7292,TAS,"HAGLEY","HAGLEY|QUAMBY BEND|ROSEVALE|SELBOURNE|WESTWOOD"
7300,TAS,"DEVON HILLS","DEVON HILLS|PERTH|POWRANNA"
7301,TAS,"BISHOPSBOURNE","BISHOPSBOURNE|BLACKWOOD CREEK|LIFFEY|LONGFORD|TOIBERRY"
7302,TAS,"BRACKNELL","BRACKNELL|CRESSY|POATINA"
7303,TAS,"BIRRALEE","BIRRALEE|CLUAN|EXTON|OAKS|OSMASTON|WESTBURY|WHITEMORE"
7304,TAS,"BRANDUM","BRANDUM|BREONA|CAVESIDE|CENTRAL PLATEAU|CHUDLEIGH|DAIRY PLAINS|DELORAINE|DOCTORS POINT|DUNORLAN|ELIZABETH TOWN|GOLDEN VALLEY|JACKEYS MARSH|KIMBERLEY|LIENA|MAYBERRY|MEANDER|MERSEY FOREST|MOLE CREEK|MOLTEMA|MONTANA|NEEDLES|PARKHAM|QUAMBY BROOK|RED HILLS|REEDY MARSH|REYNOLDS NECK|WALLS OF JERUSALEM|WEEGENA|WEETAH|WESTERN CREEK"
7305,TAS,"MERSEYLEA","MERSEYLEA|RAILTON|SUNNYSIDE"
7306,TAS,"ACACIA HILLS","ACACIA HILLS|BARRINGTON|BEULAH|CETHANA|CLAUDE ROAD|CRADLE MOUNTAIN|GOWRIE PARK|LORINNA|LOWER BARRINGTON|LOWER BEULAH|MIDDLESEX|MOUNT ROLAND|NOOK|NOWHERE ELSE|PARADISE|PROMISED LAND|ROLAND|SHEFFIELD|STAVERTON|STOODLEY|WEST KENTISH"
7307,TAS,"BAKERS BEACH","BAKERS BEACH|HARFORD|HAWLEY BEACH|LATROBE|MORIARTY|NORTHDOWN|PORT SORELL|SASSAFRAS|SHEARWATER|SQUEAKING POINT|THIRLSTANE|WESLEY VALE"
7310,TAS,"ABERDEEN","ABERDEEN|AMBLESIDE|DEVONPORT|DON|EAST DEVONPORT|ERRIBA|EUGENANA|FORTH|FORTHSIDE|KINDRED|LILLICO|LOWER WILMOT|MELROSE|MIANDETTA|MOINA|PALOONA|QUOIBA|SOUTH SPREYTON|SPREYTON|STONY RISE|TARLETON|TUGRAH|WEST DEVONPORT|WILMOT"
7315,TAS,"ABBOTSHAM","ABBOTSHAM|CASTRA|GAWLER|GUNNS PLAINS|LEITH|LOONGANA|NIETTA|NORTH MOTTON|PRESTON|SOUTH NIETTA|SOUTH PRESTON|SPALFORD|SPRENT|TURNERS BEACH|ULVERSTONE|UPPER CASTRA|WEST ULVERSTONE"
7316,TAS,"CAMENA","CAMENA|CUPRONA|HEYBRIDGE|HOWTH|LOYETEA|PENGUIN|PRESERVATION BAY|RIANA|SOUTH RIANA|SULPHUR CREEK|WEST PINE"
7320,TAS,"ACTON","ACTON|BROOKLYN|BURNIE|CAMDALE|COOEE|DOWNLANDS|EMU HEIGHTS|HAVENVIEW|HILLCREST|MONTELLO|OCEAN VISTA|PARK GROVE|PARKLANDS|ROMAINE|ROUND HILL|SHOREWELL PARK|SOUTH BURNIE|UPPER BURNIE|WIVENHOE"
7321,TAS,"BLACK RIVER","BLACK RIVER|BOAT HARBOUR|BOAT HARBOUR BEACH|CHASM CREEK|CORINNA|COWRIE POINT|CRAYFISH CREEK|DETENTION|EAST CAM|EAST RIDGLEY|EDGCUMBE BEACH|GUILDFORD|HAMPSHIRE|HELLYER|HIGHCLERE|LUINA|MAWBANNA|MONTUMANA|MOOREVILLE|NATONE|PARRAWE|PORT LATTA|RIDGLEY|ROCKY CAPE|SAVAGE RIVER|SISTERS BEACH|STOWPORT|TEWKESBURY|TULLAH|UPPER NATONE|UPPER STOWPORT|WARATAH|WEST MOOREVILLE|WEST RIDGLEY|WILTSHIRE"
7322,TAS,"SOMERSET","SOMERSET"
7325,TAS,"CALDER","CALDER|DOCTORS ROCKS|ELLIOTT|FLOWERDALE|HENRIETTA|LAPOINYA|MEUNNA|MILABENA|MOORLEAH|MOUNT HICKS|MYALLA|OLDINA|OONAH|PREOLENNA|SEABROOK|SISTERS CREEK|TABLE CAPE|TAKONE|WEST TAKONE|WYNYARD|YOLLA"
7330,TAS,"ALCOMIE","ALCOMIE|ARTHUR RIVER|BRITTONS SWAMP|BROADMEADOWS|CHRISTMAS HILLS|COUTA ROCKS|EDITH CREEK|FOREST|HUNTER ISLAND|IRISHTOWN|LILEAH|MARRAWAH|MELLA|MENGHA|MONTAGU|NABAGEENA|NELSON BAY|REDPA|ROBBINS ISLAND|ROGER RIVER|SCOPUS|SCOTCHTOWN|SMITHTON|SOUTH FOREST|TEMMA|THREE HUMMOCK ISLAND|TOGARI|TROWUTTA|WEST MONTAGU|WOOLNORTH"
7331,TAS,"STANLEY","STANLEY"
7466,TAS,"GORMANSTON","GORMANSTON"
7467,TAS,"LAKE MARGARET","LAKE MARGARET|QUEENSTOWN"
7468,TAS,"MACQUARIE HEADS","MACQUARIE HEADS|STRAHAN"
7469,TAS,"GRANVILLE HARBOUR","GRANVILLE HARBOUR|RENISON BELL|TRIAL HARBOUR|ZEEHAN"
7470,TAS,"ROSEBERY","ROSEBERY"
8001,VIC,"MELBOURNE","MELBOURNE"
8002,VIC,"EAST MELBOURNE","EAST MELBOURNE"
8003,VIC,"COLLINS STREET EAST","COLLINS STREET EAST"
8004,VIC,"ST KILDA ROAD","ST KILDA ROAD"
8005,VIC,"WORLD TRADE CENTRE","WORLD TRADE CENTRE"
8006,VIC,"ABECKETT STREET","ABECKETT STREET"
8007,VIC,"COLLINS STREET WEST","COLLINS STREET WEST"
8008,VIC,"ST KILDA ROAD CENTRAL","ST KILDA ROAD CENTRAL"
8009,VIC,"FLINDERS LANE","FLINDERS LANE"
8010,VIC,"LAW COURTS","LAW COURTS"
8011,VIC,"LITTLE LONSDALE STREET","LITTLE LONSDALE STREET"
8012,VIC,"DOCKLANDS","DOCKLANDS"
8045,VIC,"MELBOURNE","MELBOURNE"
8051,VIC,"MELBOURNE","MELBOURNE"
8066,VIC,"MELBOURNE","MELBOURNE"
8069,VIC,"MELBOURNE","MELBOURNE"
8070,VIC,"MELBOURNE","MELBOURNE"
8071,VIC,"MELBOURNE","MELBOURNE"
8102,VIC,"MELBOURNE","MELBOURNE"
8107,VIC,"MELBOURNE","MELBOURNE"
8111,VIC,"MELBOURNE","MELBOURNE"
8120,VIC,"MELBOURNE","MELBOURNE"
8205,VIC,"MELBOURNE","MELBOURNE"
8383,VIC,"MELBOURNE","MELBOURNE"
8438,VIC,"SUNSHINE WEST","SUNSHINE WEST"
8511,VIC,"SUNSHINE WEST","SUNSHINE WEST"
8785,VIC,"DANDENONG","DANDENONG|DANDENONG SOUTH"
9000,QLD,"BRISBANE","BRISBANE"
9001,QLD,"BRISBANE","BRISBANE"
9002,QLD,"BRISBANE","BRISBANE"
9005,QLD,"BRISBANE","BRISBANE"
9007,QLD,"BRISBANE","BRISBANE"
9009,QLD,"BRISBANE","BRISBANE"
9010,QLD,"BRISBANE","BRISBANE"
9013,QLD,"BRISBANE","BRISBANE"
9015,QLD,"BRISBANE","BRISBANE"
9464,QLD,"NORTHGATE MC","NORTHGATE MC"
9726,QLD,"GOLD COAST MC","GOLD COAST MC"
9999,VIC,"NORTH POLE","NORTH POLE"
